delivery_id,y_true,y_pred,y_score
D2026112534,1,0,0.3280210329964628
D2026010511,0,0,0.02866279218955568
D2026071475,0,1,0.9992799548548698
D2026100577,1,0,0.08733882390433387
D2026130867,0,0,0.08549623805439036
D2026059534,1,0,0.37702475901235744
D2026027542,0,0,0.08385846453804165
D2026116506,0,0,0.10263030853653701
D2026083474,0,0,0.05402801171779348
D2026129387,0,0,0.04098009301034055
D2026041459,0,0,0.06970806509177256
D2026143846,0,0,0.10458014549039542
D2026040552,0,0,0.11192252939846885
D2026121825,0,0,0.34236291096601373
D2026036058,0,0,0.12287926124155456
D2026140895,0,0,0.08264738677983731
D2026078371,0,0,0.06390752811403762
D2026112081,0,0,0.13145905001895264
D2026147575,0,0,0.0819204257417938
D2026140063,0,0,0.06308998632048747
D2026065324,0,0,0.13872524273556194
D2026095594,0,0,0.06834812420566866
D2026115425,1,1,0.9312748457055403
D2026096237,0,0,0.05420641383101295
D2026043460,0,0,0.07154336000016615
D2026134599,0,0,0.10217369888109835
D2026088997,0,0,0.03273548157746462
D2026058030,0,0,0.2521409250918096
D2026145710,0,0,0.2121487787722681
D2026017267,1,0,0.12812566148808494
D2026087094,0,0,0.0875129898840893
D2026134392,0,0,0.05243954731883665
D2026002962,0,0,0.06965901630870508
D2026034133,1,0,0.011287499564451728
D2026006567,0,0,0.04813942042657278
D2026014330,1,0,0.33143316399851896
D2026089975,0,0,0.09329270206089658
D2026069313,0,0,0.07760168365662791
D2026000657,0,1,0.561401057060975
D2026131030,0,0,0.04443702602755194
D2026131181,0,0,0.05682089194867775
D2026121191,0,0,0.06669219030004972
D2026125208,0,0,0.07258358786178402
D2026004221,1,0,0.304539193530039
D2026063757,1,1,0.7820094491710048
D2026131296,0,0,0.03197019492324656
D2026120175,1,1,0.6801517083051197
D2026023486,0,0,0.09278599363516438
D2026004736,0,0,0.04121162857139364
D2026027748,0,0,0.07000066810335882
D2026130276,0,0,0.12451790393055186
D2026103125,0,0,0.07881875575165583
D2026001464,0,0,0.12714944596210292
D2026147281,0,0,0.058705318396289445
D2026058339,0,0,0.1616664045884708
D2026114098,0,0,0.05160039688761063
D2026019744,0,0,0.0676357660514117
D2026023420,0,0,0.07900455731427616
D2026132700,0,0,0.12120435437357682
D2026026134,0,0,0.11232324746035426
D2026019451,0,0,0.042129493669313976
D2026086122,0,0,0.08915912599471432
D2026143513,1,0,0.12152605591339391
D2026033818,0,0,0.12857726835870276
D2026104671,0,0,0.055314845483026065
D2026031915,0,0,0.10322506771235629
D2026080041,0,0,0.06887589064312727
D2026056058,0,0,0.08750503928758221
D2026053480,0,0,0.05274457748248405
D2026039770,0,0,0.15097613149909656
D2026016611,0,0,0.35416951033610056
D2026059301,0,0,0.07151024323693929
D2026137376,0,0,0.11498472395118017
D2026072058,0,0,0.15541521687071977
D2026039707,1,0,0.43335916233162075
D2026065126,0,0,0.14101958897516534
D2026101028,0,0,0.06346844711247189
D2026030941,0,0,0.47323428338719786
D2026012934,0,0,0.10160154146267841
D2026076068,0,0,0.19546332704768857
D2026120314,0,0,0.12041226099433038
D2026032951,0,0,0.09762529063821611
D2026091445,0,0,0.11889614661998062
D2026062678,0,0,0.10857803280667219
D2026091515,0,0,0.043187570423565136
D2026067446,0,0,0.0005593438985723749
D2026083765,0,0,0.07736249653920328
D2026045740,0,0,0.06207454650115959
D2026131274,0,0,0.0736629288072186
D2026144542,0,0,0.2194451079154221
D2026108924,0,0,0.10911910518608671
D2026078328,1,0,0.21203065515935554
D2026033534,0,0,0.10878971463655258
D2026092076,0,1,0.588447849849655
D2026132843,0,0,0.10351828859735605
D2026069328,0,0,0.0938832876519936
D2026046818,0,0,0.048499201508627
D2026123837,0,0,0.08051477437024336
D2026118934,0,0,0.08726140239288835
D2026121333,0,0,0.04731159006686002
D2026098013,0,0,0.09171075085859966
D2026070271,0,0,0.05709105276034711
D2026052603,0,0,0.1020161384018497
D2026074139,0,0,0.1651120432055369
D2026075856,0,0,0.05279410855955348
D2026116780,0,0,0.10676897748095317
D2026086680,0,0,0.10885143359782826
D2026104039,1,0,0.3167071122881468
D2026066713,0,0,0.06450125694636404
D2026043321,0,0,0.09055824505161503
D2026025596,0,0,0.021399993969105226
D2026122442,0,0,0.14202191406911516
D2026106047,0,0,0.0714295169561657
D2026058509,0,0,0.11967139876760757
D2026108113,0,1,0.7365447488065706
D2026032370,0,0,0.08039085247943359
D2026073095,0,0,0.04764574018696626
D2026062396,0,0,0.10523957155223515
D2026147817,0,0,0.04589952074982199
D2026049475,0,0,0.05324610552564641
D2026004837,0,0,0.03830174326252059
D2026093627,0,0,0.1718206230349102
D2026056298,0,0,0.06636001765780027
D2026063639,0,0,0.05678040765131953
D2026094091,0,0,0.2199220683303442
D2026106074,0,0,0.12431299169806344
D2026088498,0,0,0.11667065925040108
D2026020168,0,0,0.020915190170554546
D2026000389,0,0,0.044321324627251565
D2026018458,0,0,0.05468635751989363
D2026125007,0,0,0.09562071566908747
D2026023766,0,0,0.04272937434550993
D2026132776,0,0,0.099501494042071
D2026147234,0,0,0.2893736924726186
D2026058538,0,0,0.013802656292804182
D2026008550,1,0,0.3779841251783287
D2026135247,0,0,0.04708770834988097
D2026112708,0,0,0.10471146845600816
D2026070156,0,0,0.05253460531500745
D2026095084,0,0,0.038026107573017796
D2026035633,1,1,0.8961408638840378
D2026044493,1,0,0.38486208330394206
D2026048444,0,0,0.0861876857698502
D2026096936,0,0,0.07166947539979429
D2026144494,1,1,0.9563302322230727
D2026039992,0,0,0.09745770033370174
D2026095311,0,0,0.07898267451992357
D2026076961,0,0,0.05572315715772189
D2026031052,0,0,0.020243644755612522
D2026143358,1,1,0.7554921058284887
D2026046059,1,0,0.08201056682626146
D2026048756,1,0,0.4313047702739918
D2026009824,0,0,0.07355265471337888
D2026014527,0,0,0.07801827740918346
D2026046144,0,0,0.1500649311630946
D2026017998,0,0,0.11660601096102714
D2026052628,0,0,0.07047239444546567
D2026040665,0,0,0.05523663667698886
D2026070937,0,0,0.460008421296622
D2026137897,0,0,0.10657925031950799
D2026062643,0,0,0.04733103160475652
D2026131120,0,0,0.054642383070820526
D2026004442,0,0,0.15571589832048344
D2026131913,0,0,0.032495252434250256
D2026049391,1,0,0.22424603600190776
D2026074587,0,1,0.5353702707084012
D2026018170,0,0,0.060314478067952385
D2026029302,1,0,0.3818592486430044
D2026138720,1,0,0.07725963204186051
D2026022447,0,0,0.39498216639860395
D2026071602,0,0,0.057422584706243555
D2026118655,0,0,0.07242913079900193
D2026030843,1,1,0.7943363828184357
D2026106651,0,0,0.07912902142400476
D2026053357,0,0,0.010244220913158433
D2026057723,0,0,0.044410916827923565
D2026147866,0,0,0.05083254655014603
D2026121905,0,0,0.13784745905260803
D2026033881,0,0,0.03694144010125557
D2026094251,0,0,0.0440351571861986
D2026043216,0,0,0.07834611460579326
D2026012277,0,0,0.10180515756880082
D2026004468,0,0,0.04116273470366116
D2026149485,1,1,0.8166305087465928
D2026013278,0,0,0.05924143996902886
D2026055171,1,1,0.5516377335026005
D2026072708,0,0,0.09883801457119964
D2026044111,0,0,0.09835679758369215
D2026124142,1,0,0.2058830561222551
D2026096917,0,0,0.06513758900202365
D2026093157,0,0,0.20468257464454548
D2026122674,0,0,0.09810917848235279
D2026142779,0,0,0.11601457529681476
D2026040393,0,0,0.07064381480088675
D2026048675,0,0,0.030737161871197054
D2026054404,0,0,0.09506547829140881
D2026051936,0,0,0.050577854798130845
D2026044363,1,0,0.09563081506443234
D2026008841,0,0,0.04164443676808238
D2026130157,1,0,0.3098176124766292
D2026037344,1,0,0.4855779581035677
D2026148057,0,0,0.25284829157656386
D2026109364,0,0,0.06691386845580888
D2026107391,0,0,0.048676355545817854
D2026098508,0,0,0.10784498680210917
D2026110215,0,1,0.6938806352892256
D2026130254,0,0,0.08251604320956488
D2026021468,0,0,0.06366517849767941
D2026034786,0,1,0.6183796877952206
D2026114185,0,0,0.06821473095175933
D2026120922,0,0,0.05538219631349372
D2026147278,0,0,0.08248711559469511
D2026029485,0,0,0.057725679030991996
D2026069416,0,0,0.06178137331764113
D2026111449,0,0,0.10466970036130296
D2026067990,1,0,0.27496749936894654
D2026044843,1,1,0.5177747596646024
D2026105446,1,0,0.17822386394726625
D2026087437,0,0,0.1121294070520222
D2026135415,0,0,0.06273216532321761
D2026124232,0,0,0.08421612116182502
D2026096255,0,0,0.15841813793240006
D2026010780,0,1,0.6337406270033957
D2026023144,0,0,0.06917124209362462
D2026049511,0,0,0.057459949445098926
D2026075835,1,0,0.23770631490566846
D2026001055,0,1,0.6049058240219021
D2026099716,0,0,0.05505861497071615
D2026101324,0,0,0.06651073894012725
D2026073990,0,0,0.0479584728605882
D2026056603,0,0,0.07729732766621972
D2026091688,0,0,0.07627053526538763
D2026140972,0,0,0.06742201991332604
D2026077855,0,0,0.0756806849259503
D2026015710,1,0,0.18684804771706845
D2026025752,0,0,0.14840512083038515
D2026078488,0,0,0.09023054141249263
D2026134778,0,0,0.1214367156442188
D2026090465,0,0,0.13850550066569456
D2026079022,0,0,0.2873271891255003
D2026102597,0,1,0.6395338890206878
D2026057407,1,0,0.2742230555582321
D2026077349,0,0,0.30866778289719604
D2026048199,0,0,0.06425766915798505
D2026107405,0,0,0.03260144398722589
D2026050765,0,0,0.11384343228929124
D2026002501,0,0,0.0453610137227794
D2026013006,1,0,0.18546955382730887
D2026099736,1,0,0.08494943401229452
D2026043821,0,0,0.046744215488157166
D2026013419,0,0,0.1103973905739566
D2026050248,1,1,0.5220494600780935
D2026014977,0,0,0.12380674941552866
D2026044795,0,0,0.22011184552880197
D2026016082,0,0,0.05911686734835807
D2026137057,0,0,0.28001854044528196
D2026004019,0,0,0.12333551942183302
D2026106290,0,0,0.074672806662634
D2026101980,0,0,0.13717933503214247
D2026031268,0,0,0.18037628410439327
D2026134412,0,0,0.0774945136287222
D2026020050,0,0,0.1391840855672869
D2026119280,0,0,0.14693875064459583
D2026060571,0,0,0.1256244744335951
D2026091882,0,0,0.04999555668301358
D2026069278,0,0,0.07040703229368876
D2026011446,0,0,0.045175740196097824
D2026082180,0,0,0.08500224625782175
D2026087909,0,0,0.05305557432860556
D2026119320,0,0,0.0289536805869637
D2026108215,0,0,0.15235852325622248
D2026020059,0,0,0.07471040811870314
D2026062400,0,0,0.03222674527169358
D2026115645,0,0,0.03807661918502316
D2026089503,0,0,0.060399498912565464
D2026130777,1,1,0.6251634258027214
D2026063586,0,0,0.09192342755284498
D2026063027,0,0,0.07233129184388715
D2026072482,0,0,0.1437877720977813
D2026047371,1,1,0.7935326029966238
D2026066422,0,0,0.15744088881524676
D2026148012,0,0,0.07125780242272443
D2026003496,0,0,0.10326015834045169
D2026063580,0,0,0.09689830897365363
D2026067485,0,0,0.05664386865170069
D2026055433,0,0,0.12782617757886502
D2026131160,0,0,0.1240322778106112
D2026141678,0,0,0.12701357245262077
D2026088093,0,0,0.06063919308042975
D2026012311,0,0,0.03593096935386504
D2026076808,1,1,0.733042446054697
D2026022342,1,0,0.44974983963208925
D2026047216,0,0,0.07474012652980742
D2026054766,0,0,0.0792494343314664
D2026056079,0,0,0.03678902929420966
D2026036343,0,0,0.32201870277044675
D2026003377,0,0,0.04004287043749543
D2026100922,1,1,0.9871160882660391
D2026071693,1,0,0.4810480082485646
D2026027904,0,0,0.03065679165325608
D2026006863,0,0,0.030633320860019544
D2026063483,0,0,0.06330000823061428
D2026026200,0,0,0.04941731775298458
D2026078653,0,0,0.08220417368035274
D2026103100,0,0,0.0436895379031929
D2026001673,0,0,0.06225204531663071
D2026140744,0,0,0.07306362162342857
D2026036391,0,0,0.043827877431532665
D2026140884,0,0,0.08567575184283455
D2026050568,0,0,0.055513463722228575
D2026147125,0,0,0.05882797874960421
D2026111598,1,0,0.23151693158091097
D2026066489,0,0,0.06662342978227025
D2026108036,1,1,0.5841650827340729
D2026040345,0,0,0.12460271168694945
D2026006713,0,0,0.10346267247786425
D2026107208,0,0,0.0583589754040691
D2026060010,0,0,0.057062182445453684
D2026137767,0,0,0.06856485815277967
D2026039764,0,0,0.20422722308944224
D2026063302,0,0,0.12137912448493526
D2026089246,1,0,0.4257037550567324
D2026000483,0,0,0.03424653090331683
D2026094976,0,0,0.046651094594347416
D2026035877,0,0,0.06648460233571896
D2026074395,0,0,0.053314232675061426
D2026126363,0,0,0.08929296945828323
D2026123385,0,0,0.1132036300691558
D2026073162,0,0,0.06380447638437205
D2026058821,0,0,0.11911973705772917
D2026147591,0,0,0.11128403078090962
D2026053642,0,0,0.16366763495826994
D2026096183,0,0,0.09844743907114958
D2026111589,0,0,0.07886692948219604
D2026067882,1,0,0.357088823040093
D2026056285,0,0,0.08059721170925169
D2026122776,0,0,0.09400633380925222
D2026052890,1,0,0.13507900516553234
D2026046446,0,0,0.1876320077969384
D2026002201,0,0,0.06325696253287882
D2026110361,0,0,0.1625694000315592
D2026103793,0,0,0.36057322892069615
D2026100513,0,0,0.11292090680608019
D2026033030,0,0,0.08833364897495063
D2026060754,1,0,0.024057918258699792
D2026122284,0,0,0.07542673238414495
D2026139775,0,0,0.03939167318202618
D2026059256,0,0,0.0744944782985529
D2026091893,0,0,0.13021314555307312
D2026134932,0,0,0.1609932183628451
D2026032132,0,0,0.08674768115617458
D2026118686,0,0,0.12088459513199198
D2026111155,0,1,0.9969133122551703
D2026040810,0,0,0.13928916461962684
D2026058133,0,0,0.12590381214768437
D2026054102,0,0,0.08292517124861498
D2026082699,1,0,0.44196043205367125
D2026123533,1,0,0.16002110926424806
D2026062145,0,0,0.16070134917831644
D2026073425,0,0,0.04846249550420784
D2026054674,0,0,0.06534447638793976
D2026020912,0,0,0.30368156507713073
D2026010275,0,0,0.059872989771747
D2026114364,0,0,0.1112071481438687
D2026110663,0,0,0.06999320909601155
D2026050514,0,0,0.020165103860473158
D2026018319,0,0,0.09021659628464679
D2026114653,0,0,0.03790509483633986
D2026107746,1,1,0.9185856280921683
D2026145587,0,0,0.030734162916764427
D2026028657,0,0,0.148883252529097
D2026147670,0,0,0.07243818858767709
D2026127000,0,0,0.0651855792455577
D2026032287,0,0,0.1856645499817588
D2026018367,0,0,0.030965135193554837
D2026081068,1,1,0.836871017383306
D2026013771,0,0,0.09127249743185689
D2026075622,1,0,0.06432333429080417
D2026039812,1,1,0.7385541407682839
D2026036780,0,0,0.08138532548888067
D2026038404,0,0,0.10213342197253195
D2026057209,0,0,0.09737637318764503
D2026058078,0,0,0.07544021619616399
D2026129202,1,1,0.974491421621921
D2026084239,0,0,0.10339756735336525
D2026040219,0,0,0.053022540607574956
D2026004484,0,0,0.10567544496448897
D2026147108,0,0,0.05694175154458141
D2026043998,1,1,0.5008486441987621
D2026076895,0,0,0.055820094120325736
D2026105672,0,0,0.023924460980938707
D2026106241,0,0,0.11471290844731236
D2026099877,0,0,0.13093910019369623
D2026049542,0,0,0.16266172407743681
D2026132573,0,0,0.04099396381341253
D2026119660,1,1,0.5455942430453979
D2026045935,0,0,0.12423782973163075
D2026126689,0,0,0.06854478553086372
D2026087752,1,0,0.2552122327772594
D2026082140,0,0,0.06892224319757187
D2026003041,0,0,0.08816835437993008
D2026114793,0,0,0.01292923162031901
D2026037118,0,0,0.12932225787668322
D2026013762,0,0,0.08128095669033834
D2026039265,0,0,0.0739335931454194
D2026096295,0,0,0.2544090528011681
D2026070182,0,0,0.031740079227694055
D2026139603,1,1,0.6060006725113986
D2026055246,0,0,0.0724629493330542
D2026045554,0,0,0.08437597195657069
D2026085972,0,0,0.04140159871071887
D2026084208,0,0,0.15569822295573058
D2026029796,0,0,0.08910110674428727
D2026111214,1,1,0.9867813143406587
D2026092751,0,0,0.04946505259627079
D2026111224,0,0,0.09616846639671221
D2026072036,0,0,0.06562193102022677
D2026144091,0,0,0.07082656485223644
D2026142477,0,0,0.057023750997951796
D2026077098,0,0,0.1117793123587638
D2026115952,0,0,0.08571261277026679
D2026097315,0,0,0.04062031862297665
D2026049725,0,0,0.11936173516463051
D2026061369,1,0,0.09700769060525252
D2026008400,0,0,0.06291712024765721
D2026046999,1,0,0.4829683921790177
D2026121721,0,0,0.041167369177788
D2026111711,0,0,0.12476276055438089
D2026141303,0,0,0.04038097157518864
D2026005929,0,0,0.13115891560416096
D2026149084,0,0,0.013681631201087128
D2026062752,0,0,0.02297041723123087
D2026035516,0,1,0.9271278817177552
D2026009975,0,0,0.07188261408556723
D2026043537,1,0,0.28115677528713284
D2026092911,0,0,0.11119983143584097
D2026014573,0,0,0.15580286694591935
D2026126691,0,0,0.03617013686256115
D2026006131,1,0,0.4203932792629705
D2026103451,0,1,0.5853645947710041
D2026044928,0,0,0.12105236208221919
D2026070338,0,0,0.028606922758375425
D2026060662,0,0,0.196686640950679
D2026123713,0,0,0.08678724103332991
D2026076401,0,0,0.07204419105750848
D2026109266,0,0,0.14611275004724647
D2026001827,0,0,0.039329234882349975
D2026048684,0,0,0.07073405001756398
D2026130287,0,0,0.05016416379510066
D2026083622,0,0,0.04660889260115751
D2026045111,0,0,0.08037181401093674
D2026043802,1,0,0.1286242612268573
D2026149037,0,0,0.019369864172578535
D2026022630,0,0,0.12405566671979672
D2026103052,0,0,0.046528186977709225
D2026052112,0,0,0.24725949210103085
D2026120991,0,0,0.02184062227066925
D2026029187,0,0,0.12258800427992797
D2026149630,0,0,0.1297656475568402
D2026136914,0,0,0.0446062525667042
D2026045280,0,0,0.07638980338249957
D2026034078,0,0,0.026965633041555692
D2026018752,0,0,0.12121374403878708
D2026084391,0,0,0.09890607655289121
D2026039980,0,0,0.023962969404364192
D2026006667,0,0,0.14281863479059956
D2026073253,0,0,0.06825447851819447
D2026061233,1,0,0.1412505904950116
D2026100751,0,0,0.2762178368930495
D2026010490,0,0,0.09397052534186963
D2026049053,0,1,0.5412216174098914
D2026087962,0,0,0.06998881907348724
D2026013886,0,0,0.10365218289461423
D2026095703,1,0,0.2032402933216613
D2026007642,0,0,0.08713619254552533
D2026072371,0,0,0.07424303285186086
D2026134634,0,0,0.04120820611699584
D2026059213,1,0,0.32074601190420454
D2026121886,0,0,0.08965952155873753
D2026051036,1,0,0.20607804416283043
D2026105891,0,0,0.044852776558981636
D2026002884,0,0,0.2851172840036311
D2026091286,0,0,0.07705341274239286
D2026108943,0,0,0.055054912576639074
D2026025707,0,0,0.06181203033585176
D2026079494,0,0,0.07570602896341658
D2026119727,0,0,0.0721311199344648
D2026118626,0,0,0.08003734425904947
D2026033055,0,0,0.05098289025055639
D2026053013,0,0,0.10367843888954184
D2026131919,0,0,0.06436968263947596
D2026148521,1,1,0.6999169571237268
D2026055031,1,0,0.26212727232522687
D2026098180,0,0,0.04078064591240894
D2026074202,1,1,0.5666983515987581
D2026014699,1,0,0.0537105465864691
D2026058124,0,0,0.0720376677988236
D2026121946,0,0,0.07525806718511269
D2026047773,0,0,0.09568905421269043
D2026058412,0,0,0.024002779580393072
D2026004760,0,0,0.07256274182544344
D2026012840,0,0,0.04868688529440076
D2026121079,0,0,0.07653001061759485
D2026010255,0,0,0.07374569106625956
D2026128188,0,0,0.11190168179480915
D2026130972,0,0,0.10490939960802062
D2026149408,0,0,0.05168723044130569
D2026111399,0,1,0.5372071920887823
D2026053884,0,0,0.10579243467593182
D2026123767,0,0,0.13690081027560366
D2026020383,1,1,0.9700827880585071
D2026028975,0,0,0.053104185381964784
D2026114438,0,0,0.08015737204937236
D2026146730,0,0,0.17079829648815165
D2026085139,0,0,0.09257030453600447
D2026041347,0,0,0.08699909439690899
D2026141930,0,0,0.05438920796512208
D2026100130,0,0,0.07550290347887216
D2026015051,0,0,0.03340161995444885
D2026059756,1,0,0.35924248830627853
D2026094785,0,0,0.03644637788922807
D2026046009,1,0,0.35906676752789646
D2026096180,0,0,0.06911441211404024
D2026001348,0,0,0.07119777059706686
D2026126397,1,0,0.07776514045371613
D2026057100,0,0,0.1444906371392118
D2026103842,0,0,0.13337628732053217
D2026044563,0,0,0.0936552747314752
D2026132013,1,0,0.4470499365375752
D2026072661,1,0,0.28626697829927766
D2026022560,0,0,0.16471602861524892
D2026141864,0,0,0.08327368479103398
D2026035858,0,0,0.06738492211988609
D2026101627,0,0,0.10940042573681844
D2026049395,0,0,0.04179681677499181
D2026125786,0,0,0.09802635125474429
D2026127921,0,0,0.07912735908079827
D2026110881,0,0,0.13338842264576592
D2026141626,0,0,0.0883804299620858
D2026058985,0,0,0.03361527830509142
D2026055039,0,0,0.11540634387455866
D2026044668,0,0,0.17962067919710303
D2026034814,0,0,0.061142809551475795
D2026066158,0,1,0.7635530668071069
D2026100060,1,0,0.1518824687031678
D2026006096,0,0,0.15094212044717956
D2026084922,0,1,0.9235912694723095
D2026074080,0,0,0.14786659529097196
D2026010625,0,0,0.2784319664016578
D2026099186,0,0,0.038183574088397586
D2026054249,1,1,0.7479876303487221
D2026001881,0,0,0.078392967098541
D2026139901,0,0,0.0911312124165999
D2026018784,0,0,0.0669574515717797
D2026064845,0,0,0.09718112752591401
D2026109456,0,0,0.16337208877059695
D2026044283,0,0,0.09165106885380858
D2026085314,0,0,0.07831480378072722
D2026062513,0,0,0.04403054903868538
D2026007525,1,0,0.07651259059674902
D2026065770,0,1,0.5176622705638998
D2026089161,1,1,0.7149088372408883
D2026002338,0,0,0.3296416753612201
D2026141929,0,0,0.10978341474435618
D2026145463,0,0,0.1416667592382909
D2026023094,0,0,0.05652433805141085
D2026116373,0,0,0.1459539547862262
D2026031265,0,0,0.15034834185981466
D2026103239,0,1,0.551065059513197
D2026042861,0,0,0.21549973102545195
D2026027868,0,0,0.09413484342328456
D2026092080,0,0,0.10718820281432681
D2026148972,0,0,0.0995386871458356
D2026037174,0,1,0.778610900726411
D2026047329,0,0,0.4235328452986241
D2026064968,1,0,0.14721595509127353
D2026112452,0,0,0.0612146599459923
D2026015662,0,0,0.0765537000806038
D2026026263,0,0,0.08560673860044951
D2026136549,0,0,0.07189991302972039
D2026032144,0,0,0.027019385722881317
D2026003489,0,0,0.08518041228260577
D2026080592,0,0,0.08941737367506986
D2026012008,0,0,0.02828878426292423
D2026104288,0,1,0.9070721590871059
D2026117898,0,0,0.03466508875022612
D2026118008,0,0,0.05877931719631231
D2026087850,0,0,0.10661099543573362
D2026052183,0,0,0.11507575475054291
D2026021184,0,0,0.04418288799080481
D2026139290,0,0,0.07023215055510966
D2026090268,0,0,0.03228240951862559
D2026046031,0,1,0.5215087154310821
D2026083355,0,0,0.0939826700972274
D2026106473,0,0,0.06193522008369807
D2026034551,0,0,0.15705939197101063
D2026051918,0,0,0.1166566410560443
D2026002021,1,0,0.12186336676279115
D2026007254,1,0,0.3709923537031151
D2026035496,1,0,0.3060877589493081
D2026144222,0,0,0.034142517761490895
D2026028399,0,0,0.45011359071855567
D2026046520,0,0,0.06484034476126353
D2026087103,0,0,0.08092744300730025
D2026049254,0,0,0.03176567883067146
D2026033603,0,0,0.07231898681187096
D2026072222,1,0,0.40724349312503877
D2026139422,0,0,0.13577303372297816
D2026080126,0,0,0.04235611144396643
D2026033069,0,0,0.09098414920604452
D2026148894,1,0,0.14636011270798951
D2026007386,0,0,0.3606897711687739
D2026076084,0,0,0.05901648222919943
D2026031562,0,0,0.07795262605145863
D2026034160,0,0,0.11771604740826196
D2026030740,0,0,0.045722783091334554
D2026003962,0,0,0.07553343898555245
D2026015504,1,1,0.9604750318302572
D2026063133,0,0,0.09437429603021236
D2026001750,0,1,0.8184567723490624
D2026009776,0,0,0.04233414281613599
D2026064553,0,0,0.08127555267691844
D2026048926,0,0,0.06655475559550664
D2026051642,1,0,0.17746431961872844
D2026020398,0,0,0.046173092736386305
D2026035353,0,0,0.0875279201373487
D2026048227,0,0,0.04115020527672557
D2026128714,0,0,0.34681473029113724
D2026034059,0,0,0.05644541445096852
D2026005183,1,0,0.2396771280342223
D2026102679,0,0,0.07483926220842961
D2026089162,0,0,0.044212667177839775
D2026058591,0,0,0.07644222477008901
D2026003089,0,0,0.11218129725186683
D2026053585,0,0,0.08461523815147116
D2026056155,0,0,0.1068962414912099
D2026075503,0,0,0.08616549898445786
D2026009112,0,0,0.4777942723641684
D2026089809,0,0,0.040912198149426954
D2026040950,0,0,0.045124865209337624
D2026123797,0,0,0.06209439991123836
D2026043794,0,0,0.08857950264122119
D2026136509,0,0,0.051700492890788506
D2026026681,0,0,0.08128766377633488
D2026021603,0,0,0.09554512021279073
D2026069885,0,0,0.14437789408808777
D2026085048,0,0,0.08678288234042693
D2026103112,1,1,0.7269575081869846
D2026033167,0,0,0.055049208406676355
D2026051424,0,0,0.08373797155033857
D2026033149,0,0,0.16674614552112574
D2026134215,0,0,0.05890006929442663
D2026096044,0,0,0.03655572833511196
D2026020166,0,0,0.086531024486498
D2026101148,0,0,0.3984778660001974
D2026035529,0,0,0.10478894997190814
D2026064033,0,0,0.016283555629945316
D2026039726,1,0,0.12201272246336886
D2026005645,1,0,0.08807065882368074
D2026049318,0,0,0.09596905892579767
D2026104234,0,0,0.08015416394364575
D2026084542,0,0,0.14487285715411283
D2026036468,0,0,0.10438507496932588
D2026148381,0,0,0.05152236994402846
D2026113150,0,0,0.15793536697575822
D2026066090,0,0,0.10156740289664294
D2026145330,0,0,0.12336098651734395
D2026121925,0,0,0.06444308734105288
D2026094400,1,0,0.10150335879898777
D2026020949,0,0,0.06286661907233244
D2026116119,0,0,0.11123368313531994
D2026049195,0,0,0.057215806597541885
D2026082979,1,0,0.09165885179467943
D2026102305,0,0,0.0827056012710694
D2026038179,0,0,0.11706544370663342
D2026072193,0,0,0.0921190881433748
D2026082736,0,0,0.04859482489360732
D2026133969,0,0,0.07409840546857134
D2026110235,1,0,0.26901201866073715
D2026143351,0,0,0.0202390445400614
D2026145549,0,0,0.18947762390507888
D2026094963,1,0,0.08787990886454579
D2026034845,0,0,0.04570390595543526
D2026142430,0,0,0.05719537051737414
D2026072613,0,0,0.05156406311051635
D2026022463,0,0,0.32740547726954616
D2026099443,1,1,0.5685936826546207
D2026102188,0,0,0.10296854079520298
D2026146221,0,0,0.13312403684060511
D2026142188,0,0,0.10984055171004922
D2026062174,0,0,0.07238037006628388
D2026026783,0,0,0.06881639485684564
D2026116418,0,0,0.1423064690113193
D2026093347,1,0,0.11686111451668993
D2026078892,0,0,0.059122671160940624
D2026142986,1,0,0.0424174947012232
D2026011593,0,0,0.1190341545295561
D2026132809,0,0,0.24466252522282642
D2026135793,0,0,0.06978896512970698
D2026020034,0,0,0.0797639521428231
D2026108414,0,0,0.07644318371169312
D2026105959,0,0,0.04740760378642272
D2026072934,1,1,0.9158695641176899
D2026071291,1,0,0.47297487034528746
D2026032878,0,1,0.5899214817076467
D2026059113,0,0,0.17120126114451117
D2026112839,0,0,0.15349566177310606
D2026127740,0,0,0.07134103730949694
D2026104452,0,0,0.08486961835915013
D2026082103,0,0,0.06032121631522038
D2026061197,0,0,0.12793885421803017
D2026087828,0,0,0.07385428236098379
D2026063841,0,0,0.0924169643713913
D2026084152,0,0,0.05544459685932427
D2026050501,1,0,0.40401280010600177
D2026057253,0,0,0.07635159503303465
D2026087096,1,1,0.8576374102264509
D2026139430,0,0,0.11470876681903637
D2026074019,0,0,0.06854410196136726
D2026086427,0,0,0.07132631533335113
D2026110527,0,0,0.11139688113928364
D2026080545,0,0,0.14304739173713407
D2026026928,0,0,0.08964237182957276
D2026049239,0,0,0.03843522408124851
D2026046735,0,0,0.07827872042881892
D2026143200,0,0,0.04797635990459592
D2026143104,0,0,0.08695554957870154
D2026102770,1,1,0.7708246648995977
D2026068778,0,0,0.058932043977571
D2026108869,0,0,0.26512903240424757
D2026148338,0,0,0.026582513297018953
D2026108292,0,0,0.02178890787064354
D2026101790,0,0,0.09070414596202221
D2026041369,0,0,0.09139443634326472
D2026065929,0,0,0.05748743290921757
D2026023719,0,0,0.06881107470325665
D2026142407,0,0,0.08246111447493494
D2026058961,0,0,0.08393201627019796
D2026134274,0,0,0.040264667896756305
D2026111394,0,0,0.08106188540080216
D2026006564,0,0,0.129517029294574
D2026106713,0,0,0.04073500338960194
D2026124747,0,0,0.09892009020858386
D2026119007,0,0,0.10362879720600202
D2026002923,0,0,0.10737213697516629
D2026073117,0,0,0.12832284337922958
D2026144382,0,1,0.7763948518642557
D2026059757,1,1,0.8450806081422575
D2026123863,0,0,0.08710362363702093
D2026034533,0,0,0.07904259806487703
D2026134872,0,0,0.09592850989781183
D2026006397,0,0,0.0701112255416429
D2026007445,0,0,0.059429940510917
D2026044883,0,0,0.0800634073381184
D2026088805,0,0,0.031077510679312546
D2026013533,0,0,0.11350264015831263
D2026057401,0,0,0.07638957876323958
D2026014273,0,0,0.08091369590165122
D2026055225,0,0,0.07344168007228602
D2026101832,1,0,0.31197639583027226
D2026083997,0,0,0.07799935243375213
D2026015279,1,1,0.9263624706513931
D2026044461,0,0,0.13040823215714958
D2026109356,0,0,0.02756437485463358
D2026080579,0,0,0.04535445713478358
D2026072399,1,0,0.3707372274198804
D2026075904,0,0,0.25198561101811967
D2026067950,1,0,0.31462080952106175
D2026010641,0,0,0.08490613442357356
D2026114178,0,1,0.8705724647739032
D2026122367,0,0,0.21890652090936813
D2026050471,0,0,0.11132876027349496
D2026133563,0,0,0.07802012743037698
D2026048097,0,0,0.07343332196612742
D2026128029,0,0,0.06262037055571133
D2026018060,0,0,0.13804419384417593
D2026104092,1,1,0.9521250425044774
D2026049434,1,0,0.11581944809437338
D2026134293,0,0,0.07196631321140563
D2026020540,0,0,0.20426187708839239
D2026011890,0,0,0.056839336155519594
D2026003258,0,0,0.04198460396331025
D2026132206,0,0,0.12153027116473575
D2026035063,0,0,0.0641323034595703
D2026018235,0,0,0.07513878549158272
D2026019320,0,0,0.08585001252315491
D2026146090,0,0,0.12430732476821772
D2026043764,0,0,0.06087639955254154
D2026034762,0,0,0.06954437723647902
D2026093450,0,0,0.06470817626731289
D2026148461,0,0,0.07360759176724203
D2026059095,0,0,0.039960067048771114
D2026148947,0,0,0.039527517825021515
D2026124576,0,0,0.0661186568373542
D2026139143,0,0,0.2750366795462206
D2026058836,0,0,0.1224736743049479
D2026028905,0,1,0.7899199906384123
D2026052104,0,0,0.0711300011582277
D2026139462,0,0,0.4699980073277598
D2026136428,0,0,0.15251409034533267
D2026010867,0,0,0.12321019911244957
D2026093506,0,0,0.046635343513581125
D2026037509,0,0,0.09454593868177096
D2026005332,0,0,0.1079850214195304
D2026092545,0,0,0.07171698020066224
D2026030201,0,0,0.07262501372307774
D2026021113,1,0,0.048881332354905195
D2026122354,0,0,0.0615605322176008
D2026122495,0,0,0.08746451737455777
D2026127691,0,0,0.1400461978620153
D2026000801,0,0,0.06196405175892354
D2026121960,0,0,0.15275030676417384
D2026109235,0,0,0.05982915043189344
D2026123602,1,0,0.4971208903333182
D2026072792,1,0,0.4451441919429914
D2026086284,0,0,0.07936479047970608
D2026146364,0,0,0.048913665392097426
D2026077857,0,0,0.07534791650064548
D2026031521,0,0,0.08413773621536869
D2026090706,0,0,0.09147664621890661
D2026039117,0,0,0.05770715018887546
D2026108535,0,0,0.09783735610316238
D2026012639,0,0,0.049640303060055416
D2026064871,0,1,0.5374469293630857
D2026114114,0,0,0.07961065201592164
D2026148904,1,0,0.3021912325848035
D2026135777,0,0,0.16206302413973256
D2026108046,0,0,0.028481842346445886
D2026147847,1,0,0.418649811176377
D2026071067,1,0,0.12717699429317714
D2026042708,0,0,0.05734361113512416
D2026053285,0,0,0.08116599876885501
D2026103377,0,0,0.13356204758487916
D2026032778,0,0,0.0511411886674642
D2026089234,0,0,0.07526311096504433
D2026110367,1,1,0.532412068617881
D2026080234,0,0,0.10294380973926441
D2026132864,0,0,0.0690778895431893
D2026117621,0,0,0.08781361119874603
D2026052497,0,0,0.10043227420789447
D2026130559,0,0,0.13181328866648778
D2026038098,0,0,0.0384513925890361
D2026120630,0,1,0.9460440190839872
D2026086817,0,0,0.10621701737568832
D2026062196,0,0,0.04510431709160834
D2026011018,0,0,0.13576341380242593
D2026017879,1,1,0.5891018796278638
D2026023741,0,0,0.05851691664262347
D2026059336,0,0,0.03867309351824585
D2026140878,0,0,0.06263678786235644
D2026110387,0,0,0.06003999139999424
D2026047451,0,0,0.058746022665289964
D2026129071,0,0,0.09462188902496499
D2026066162,0,0,0.09736656642579967
D2026115505,0,0,0.42184507487125666
D2026108370,1,0,0.132800841568645
D2026042138,1,0,0.04220809857776371
D2026077103,0,0,0.09111111588613838
D2026072289,0,0,0.11978169146419804
D2026040404,0,0,0.05809597078555245
D2026076185,0,0,0.09775782255695277
D2026025766,0,0,0.14563533449498706
D2026122298,0,0,0.08830268003771415
D2026069259,1,0,0.26334533185600933
D2026032691,1,0,0.18315484412866803
D2026017559,0,0,0.027459811606019076
D2026129966,0,0,0.12970294467029883
D2026044423,0,0,0.07931861274545911
D2026086113,1,0,0.05011572129633593
D2026095715,0,0,0.052691968506536485
D2026013979,0,0,0.0381075611717131
D2026003417,0,0,0.1496077847414967
D2026143361,0,0,0.038096280703612394
D2026011106,1,0,0.2812705671587316
D2026050646,0,0,0.1107096832738797
D2026103190,0,0,0.0438200660459756
D2026082678,0,0,0.09436846221548251
D2026121014,0,0,0.11251184361530228
D2026021355,0,0,0.12047668004561382
D2026053826,0,1,0.5351321373646198
D2026080586,0,0,0.10838500503932602
D2026009505,0,0,0.12078920608087214
D2026123024,0,0,0.12200083754445884
D2026090581,0,0,0.07970518608540314
D2026024225,0,0,0.07816145326286558
D2026118117,1,1,0.7517089081225009
D2026029313,0,0,0.03163993805975005
D2026013456,0,0,0.07710430167988234
D2026022728,1,0,0.3699847503114046
D2026135920,0,0,0.13265725455849084
D2026120095,0,0,0.04210549439928147
D2026137948,0,0,0.010386514543018345
D2026095701,0,0,0.11101531509905345
D2026136622,0,0,0.07213514470499642
D2026136783,0,0,0.07557152797126487
D2026080920,0,0,0.09333183612424945
D2026094149,0,0,0.0562131319961366
D2026136207,0,0,0.07908042680584774
D2026029493,0,0,0.07084905615869355
D2026019194,0,0,0.10306861472932093
D2026060023,0,0,0.04096652921458336
D2026141630,0,0,0.08377982412657788
D2026018338,0,0,0.04920441685141411
D2026042542,0,0,0.1491753673990591
D2026142042,0,0,0.05234775410561088
D2026048080,0,0,0.041415441571041905
D2026054304,0,0,0.0795211988653175
D2026120596,0,0,0.1427403462694234
D2026038466,0,0,0.053605339239304474
D2026114782,0,0,0.19672230678913596
D2026055441,0,0,0.08526278080233014
D2026057102,0,0,0.13954655202256272
D2026070060,1,1,0.5624010019496123
D2026024591,0,0,0.10893059152076043
D2026013247,0,0,0.05570687359784541
D2026016414,0,0,0.044279079157645326
D2026053847,0,0,0.033907070683025724
D2026060479,1,0,0.3273711887570024
D2026075229,0,0,0.30237297734883767
D2026143191,0,0,0.06855840925795918
D2026062107,1,0,0.00012750174006524698
D2026144615,0,0,0.10161084071996632
D2026025321,1,0,0.2704268891357091
D2026057188,0,0,0.17272510275992362
D2026025306,0,0,0.10961519330509867
D2026117478,0,0,0.06257715305301079
D2026086771,0,0,0.30667924202116376
D2026103212,0,0,0.08523344441816703
D2026009591,0,0,0.10810002236414225
D2026100516,0,0,0.1420831178723905
D2026063387,0,0,0.13655779906536467
D2026072089,0,0,0.0719809317435936
D2026027930,0,0,0.12281878901331254
D2026072669,1,0,0.28006855896348026
D2026107372,0,0,0.060062070270747406
D2026085974,0,0,0.05031455351375631
D2026096460,0,0,0.4275160362780411
D2026107603,0,0,0.161302313747603
D2026096739,0,0,0.03773097652707945
D2026143473,0,0,0.057785815188830525
D2026082154,0,0,0.06825089169494115
D2026088492,0,0,0.06837115601397739
D2026120007,0,0,0.09110030664052221
D2026110897,1,1,0.593406949316255
D2026147335,0,0,0.04231413471156924
D2026112916,0,0,0.030610026884571626
D2026121254,0,0,0.07352287487114963
D2026083100,1,0,0.35311243888235005
D2026137524,0,0,0.108958567948566
D2026076312,0,0,0.10824989097158556
D2026138633,0,0,0.045647031574132906
D2026062976,0,0,0.14322242435359406
D2026065904,0,0,0.06436376029273859
D2026107154,0,1,0.8905203290908533
D2026145181,0,0,0.04702988933333711
D2026034596,1,1,0.5974309419294297
D2026026847,0,0,0.13153021773044962
D2026135925,0,0,0.0903637655438921
D2026103261,0,0,0.06502994862707823
D2026057568,0,0,0.050069816428718
D2026049129,1,0,0.11150450378192056
D2026036308,0,0,0.049876713730255304
D2026133284,1,1,0.5193950036303671
D2026065260,0,0,0.08885836259146886
D2026124974,0,0,0.07355636033428593
D2026048127,1,0,0.29488441992021397
D2026116077,0,0,0.10332237466112217
D2026085511,0,0,0.05837528664594877
D2026061623,0,0,0.10751773076959953
D2026048368,1,0,0.10137237244862819
D2026129242,0,0,0.3194030420990009
D2026087613,1,1,0.5789861482924114
D2026066031,0,0,0.06772859007801223
D2026037818,0,0,0.060196753269957055
D2026055618,0,0,0.1307435152688039
D2026088850,0,0,0.03444499916499431
D2026058302,0,0,0.09005521680122218
D2026041910,0,0,0.11562528559090289
D2026035345,0,0,0.035386806515975706
D2026122231,0,0,0.05853273116971274
D2026081723,0,0,0.11226867320216578
D2026017837,0,0,0.0507111871110064
D2026096685,0,0,0.06411532076534153
D2026127064,0,0,0.08247534858569136
D2026061387,0,0,0.08220306501940733
D2026133690,0,0,0.0003093184326541773
D2026093534,1,0,0.09235847801988217
D2026106668,0,0,0.07835158434824711
D2026040557,0,0,0.07495904392935838
D2026022423,0,0,0.08302912151914037
D2026115918,0,0,0.11756487082281535
D2026039328,0,0,0.08281816143570601
D2026084378,0,0,0.04223046608734134
D2026015137,0,0,0.09300630852343973
D2026140701,1,1,0.554247220173354
D2026046501,0,0,0.09618228771063032
D2026006129,1,1,0.5546667869068818
D2026043603,0,0,0.05649904044300666
D2026064146,1,1,0.7680376769384725
D2026069800,1,0,0.3824460457418373
D2026041418,0,0,0.39032797439027933
D2026110531,0,0,0.12860012911020222
D2026085497,0,0,0.09985567010734064
D2026075248,1,1,0.9568769880255479
D2026036723,0,0,0.06485253949037408
D2026001532,1,0,0.43267074964993685
D2026056943,0,0,0.09254580095528361
D2026102574,1,1,0.9896693116748597
D2026134431,0,0,0.09665949768519949
D2026115504,1,0,0.2171150991319851
D2026003501,0,0,0.037486235887514326
D2026085822,1,1,0.987311324683339
D2026009395,0,0,0.011316752483619255
D2026031695,0,0,0.09748205496087928
D2026119517,0,0,0.43269778678425114
D2026132629,0,0,0.13876852318471772
D2026091157,0,0,0.07254329230006483
D2026096454,0,0,0.0316722750482846
D2026050631,0,0,0.1412496302369724
D2026066258,1,0,0.35698563236726366
D2026002750,0,0,0.07693380761400807
D2026018891,0,0,0.09342908156164996
D2026029780,0,0,0.016436503981346082
D2026043680,0,0,0.11580695269476242
D2026058435,0,1,0.5720607796445383
D2026038030,1,0,0.056705446665585975
D2026069585,0,0,0.09556063966790106
D2026102095,0,0,0.13929099915773513
D2026051117,0,0,0.1150917720158131
D2026121152,0,0,0.021093774389698682
D2026133545,1,0,0.26805654473808904
D2026016434,0,0,0.40299702883230415
D2026111185,1,0,0.046073667257263896
D2026044913,1,0,0.1065609456937166
D2026136901,0,0,0.12085837829340246
D2026109963,0,0,0.07704581077662867
D2026142876,0,0,0.1224394283264292
D2026017663,0,0,0.1243062030553276
D2026063326,0,0,0.08467059198097411
D2026069175,0,0,0.08598943372860803
D2026002900,0,0,0.2840642001116239
D2026088947,1,0,0.10539785196086311
D2026076747,0,0,0.025844957027684547
D2026090133,0,0,0.05728505352524657
D2026125407,0,0,0.10665573459590284
D2026018647,0,0,0.2506787722699867
D2026000617,0,1,0.7810445887389766
D2026097277,1,0,0.3528814881021468
D2026146297,1,1,0.781938419722647
D2026057315,0,0,0.10387815243387051
D2026146678,0,0,0.07136916500102519
D2026062367,0,0,0.10663744909622701
D2026023932,0,0,0.08276466817752602
D2026021245,0,0,0.10208009008883699
D2026125678,0,0,0.016428049394313433
D2026114603,0,0,0.08099878826272604
D2026114426,0,0,0.06689612045195094
D2026140819,0,0,0.0679029524657966
D2026074936,0,0,0.049245879902389926
D2026072651,0,0,0.07420933871143857
D2026094003,1,0,0.35727388870005616
D2026095952,0,0,0.06886373533358207
D2026093763,0,0,0.06665114948015273
D2026084920,0,0,0.05502485735795455
D2026040749,0,0,0.2504531946549648
D2026045655,0,0,0.2721870987999182
D2026023977,0,0,0.06886209594527032
D2026105527,1,0,0.0908971416337383
D2026049529,0,0,0.05743308387370231
D2026128877,1,1,0.8096281881136819
D2026110185,0,0,0.08438223527392054
D2026012388,0,0,0.05384100206977775
D2026019685,0,0,0.14399535231299634
D2026080984,0,0,0.07696875866153409
D2026050507,0,0,0.09045308878871967
D2026126283,0,0,0.09184512795523495
D2026051991,0,0,0.054294587944492455
D2026132268,0,0,0.052248661370412355
D2026042807,0,0,0.07970234570894519
D2026126543,0,0,0.07469600625082663
D2026146133,0,0,0.03273497833298235
D2026026699,0,0,0.0867192760977269
D2026009804,0,0,0.04135837284642146
D2026040959,0,0,0.060995537519392615
D2026110096,0,0,0.05462648446426894
D2026009242,0,0,0.16486116103922277
D2026038488,0,0,0.029375523329531517
D2026024719,0,0,0.10324376603075967
D2026034827,0,0,0.06336727687815034
D2026001489,0,0,0.08350382546110702
D2026082221,0,0,0.12492921967106957
D2026003825,1,1,0.75012400512987
D2026065113,0,0,0.12808336436661996
D2026001814,0,0,0.0594080527234399
D2026074117,0,0,0.040554757130973264
D2026124207,0,0,0.03732959109555942
D2026106175,0,0,0.06000945396108868
D2026004281,0,0,0.06124631648790642
D2026138198,1,0,0.4425992122015557
D2026083956,0,0,0.06288304555630361
D2026113094,0,0,0.047318768466971216
D2026105494,1,0,0.3364616742610096
D2026004190,0,0,0.0948757783710937
D2026061974,0,1,0.5609458959599419
D2026003299,0,0,0.07608583703153725
D2026061399,0,0,0.08533722242776096
D2026042132,0,0,0.03681275794995802
D2026011811,0,0,0.06589061715368104
D2026060469,0,0,0.04024253096343892
D2026112762,0,0,0.11218055388783273
D2026091004,0,0,0.05158332293654221
D2026002660,0,0,0.06630480602054047
D2026083853,1,0,0.06542704432345457
D2026047259,0,0,0.1338451790010508
D2026079645,0,0,0.10021882200942944
D2026129687,0,1,0.9614637195683663
D2026033562,0,0,0.24107295472445467
D2026111262,0,0,0.08554465839275813
D2026101883,0,0,0.121509989656005
D2026097077,0,0,0.08990270906525033
D2026094718,0,0,0.076592494445891
D2026053421,0,0,0.04073531505892744
D2026148617,0,0,0.10905538141251764
D2026068162,1,0,0.1084151304410699
D2026006919,0,0,0.3304287820270277
D2026123541,0,0,0.13498356701203268
D2026135742,0,0,0.08036223201051268
D2026103798,0,0,0.09523333835900348
D2026148225,1,0,0.1954047697779464
D2026115475,0,0,0.47893253804806574
D2026118513,0,0,0.09024550936080865
D2026083005,1,0,0.041792994995206015
D2026108743,0,0,0.0875167624808807
D2026107792,0,1,0.6085453736232658
D2026069113,0,0,0.09673075535783403
D2026008612,0,0,0.09404237439266307
D2026133330,0,0,0.1526238776634277
D2026135494,0,0,0.407328987183606
D2026028940,0,0,0.10002343713770381
D2026079106,0,0,0.03880240782403525
D2026013281,0,0,0.08260754159154354
D2026080112,0,0,0.059733532978876985
D2026139670,0,0,0.03785489615134985
D2026116850,1,0,0.06301786891324103
D2026120445,0,0,0.04708681124339367
D2026142884,0,0,0.07876604681875723
D2026114831,0,0,0.18233550249687183
D2026125622,0,0,0.08901825457007015
D2026123145,0,0,0.11859545034549981
D2026131841,0,0,0.1805471199238121
D2026028408,1,0,0.4707780634578432
D2026136968,0,0,0.2317938680040849
D2026072556,0,0,0.0830356289407388
D2026111668,0,0,0.12034444493062654
D2026015975,0,0,0.06801921252868784
D2026137412,0,0,0.10696697592869846
D2026075860,0,0,0.057024687288397526
D2026051841,0,0,0.07797565838143304
D2026054412,0,0,0.03522391402034861
D2026082681,0,0,0.07363659102371148
D2026117530,1,0,0.2601768100209311
D2026084038,0,0,0.09137789043022844
D2026077126,1,0,0.2748556790368537
D2026148293,0,0,0.025942372579609758
D2026101070,0,0,0.10378221867824058
D2026133498,1,0,0.26160619868131196
D2026019446,0,0,0.0641760412576095
D2026018159,1,1,0.5391942745320101
D2026074562,0,0,0.08203735879616696
D2026115205,0,0,0.22894449238652592
D2026102650,0,0,0.030608008001918124
D2026109245,0,0,0.0636585091343839
D2026032709,0,0,0.02598782949518527
D2026080556,0,0,0.059562627358834955
D2026082777,0,0,0.09380272935575326
D2026111258,0,0,0.056590529891811465
D2026068951,1,1,0.7036244024117353
D2026084105,0,0,0.11323036694507133
D2026118824,0,0,0.15427038415852026
D2026102463,0,0,0.05882156595990914
D2026122580,0,0,0.0417671739864873
D2026133534,0,0,0.08111511372559306
D2026008157,0,0,0.10097377997510093
D2026014576,1,0,0.35918088443740315
D2026067547,0,0,0.04051756259322831
D2026101767,0,0,0.08037179089382569
D2026024412,0,0,0.12246204743323774
D2026116720,0,0,0.09127198859178516
D2026139215,0,0,0.08801561004939167
D2026097231,0,0,0.12217863031303655
D2026015347,0,0,0.10411794317526629
D2026109641,0,0,0.10359391619812156
D2026031431,0,0,0.1202804191353271
D2026063635,0,0,0.047833387056836436
D2026060184,0,0,0.08070629713157504
D2026100645,1,1,0.8377705993453699
D2026080721,0,0,0.03386406466039
D2026052887,0,0,0.08658349631593457
D2026114833,0,0,0.15310698060258848
D2026036577,0,0,0.03788993337998986
D2026120270,0,0,0.07133132655196499
D2026109158,0,1,0.5456195374654336
D2026137940,0,0,0.052121083369917456
D2026050391,0,0,0.07229521124602602
D2026033493,0,0,0.0568881197045232
D2026035845,0,0,0.05952547719483316
D2026102875,0,0,0.050169402496415695
D2026147485,0,0,0.09969576560556932
D2026136599,0,0,0.09770707989784753
D2026028137,0,0,0.04362877318338425
D2026086422,1,0,0.14820211651121384
D2026127404,0,0,0.09053537796182864
D2026039539,0,0,0.11416572967231538
D2026117540,0,0,0.08351949979345828
D2026057105,0,0,0.12054329321068782
D2026069331,0,0,0.06707849797912145
D2026045306,1,0,0.13122226113863134
D2026078942,1,0,0.059572541209399726
D2026146421,1,0,0.42036528999234746
D2026038902,0,0,0.07990081767109893
D2026004341,0,0,0.08081520098961101
D2026149389,0,0,0.4407162833332304
D2026082591,0,0,0.0741100442082395
D2026051068,0,0,0.09844000497961398
D2026010915,0,0,0.08422915651457695
D2026059148,0,0,0.09305289226406992
D2026019439,0,0,0.13632983433933615
D2026109071,0,0,0.0618381874677425
D2026040372,0,0,0.05605310620962011
D2026039101,0,0,0.08219698374315466
D2026038527,0,0,0.07179142172910422
D2026069276,0,0,0.11877179602805552
D2026074429,0,0,0.04846290832592263
D2026125764,0,0,0.051545161196488644
D2026143156,0,0,0.055113403208951056
D2026048415,0,0,0.06284490499252485
D2026029143,0,0,0.08638771160242437
D2026078329,0,0,0.06457763378528505
D2026087684,0,0,0.10328693437032065
D2026100896,0,0,0.0928107817682973
D2026135893,0,0,0.057208793923550084
D2026148414,0,0,0.11207834386770463
D2026107238,0,0,0.08620619594418216
D2026127458,0,0,0.025950325124620033
D2026115746,0,0,0.0694710650612218
D2026075158,0,0,0.09359751869611857
D2026116919,0,0,0.07011904182516554
D2026007940,0,0,0.0784673772453193
D2026120070,0,0,0.05498342169594342
D2026105426,0,0,0.07032227683743898
D2026113419,0,0,0.03107165694230978
D2026082160,0,0,0.10052253680987754
D2026080371,0,0,0.11666693474971716
D2026088423,0,0,0.058767083235729795
D2026106596,0,0,0.11908638955374172
D2026018883,0,0,0.059425460748682775
D2026028485,1,0,0.42134684265653927
D2026128114,0,0,0.089159926124255
D2026100587,0,0,0.1297729759825381
D2026049784,0,0,0.08368082359338755
D2026108298,0,0,0.14106510475938974
D2026087914,1,1,0.7530893465596891
D2026005636,1,1,0.6887618235349942
D2026086311,1,0,0.1811711436999534
D2026106120,1,1,0.5102329386413169
D2026101566,1,1,0.6447868490126262
D2026148345,0,0,0.10533711477958388
D2026131467,0,0,0.13007667689743832
D2026140550,0,0,0.04362795520631368
D2026008072,0,0,0.11221519355860683
D2026027876,0,0,0.040465351747572154
D2026004659,0,0,0.08628117474816638
D2026050198,0,0,0.04861376484051427
D2026143000,0,0,0.07396668811829404
D2026102262,0,0,0.025229711756917128
D2026103185,0,0,0.06421122464477583
D2026126898,0,0,0.1502928686818234
D2026137397,0,0,0.10770930206583434
D2026094849,0,0,0.074784548927928
D2026086082,0,0,0.08521691446253027
D2026023360,1,1,0.5269561456782141
D2026046375,0,0,0.0719706642997015
D2026007017,0,0,0.08672667591879075
D2026063427,0,0,0.11259709363556465
D2026068993,0,0,0.19979097222117603
D2026001626,0,0,0.052269751838318515
D2026099248,0,0,0.0773916174779197
D2026049353,0,0,0.08281142795225219
D2026131996,0,0,0.12244610296834374
D2026069265,0,0,0.054763367564939804
D2026000262,1,1,0.9200988864591888
D2026117748,1,0,0.2682633078413432
D2026086575,0,0,0.06526655913486826
D2026063026,0,0,0.3163109736728722
D2026146051,0,0,0.04352665847162858
D2026079335,0,0,0.05343107444771124
D2026075797,0,0,0.43946123844696056
D2026083868,0,0,0.06740843480831782
D2026088851,0,0,0.05811120540748254
D2026085598,1,0,0.15681661851601267
D2026075350,0,0,0.060008865988434405
D2026115755,0,0,0.12163247907306284
D2026067756,0,0,0.05730932049328031
D2026118501,0,0,0.08727721214802571
D2026057400,0,0,0.04461310917785215
D2026119663,0,0,0.14138944855198968
D2026147228,0,0,0.2778557929381257
D2026040744,0,0,0.062330949617433545
D2026020105,0,0,0.059922332976231965
D2026041687,0,0,0.1935189570636557
D2026008848,1,0,0.39501809037621033
D2026028508,0,0,0.1011927809120718
D2026024759,0,0,0.07392768670517898
D2026115524,0,0,0.08921690617964365
D2026075317,0,0,0.09770034336663976
D2026007318,1,0,0.15294535339878118
D2026014564,0,0,0.05583327956556133
D2026006733,0,0,0.07667676014943532
D2026042927,0,0,0.1266255145842905
D2026140193,0,0,0.0662142482620625
D2026017070,0,0,0.15440599091506974
D2026129185,1,1,0.557293052818705
D2026037413,0,0,0.06618683420087774
D2026001122,0,0,0.09783196898637721
D2026078274,1,1,0.5454170271885408
D2026019542,0,0,0.06192386078301033
D2026048153,0,0,0.09689319586196797
D2026128452,0,0,0.044360841591879814
D2026135604,0,0,0.046641126852275436
D2026096485,0,0,0.062073981033481135
D2026072491,0,1,0.535452448549866
D2026138655,0,0,0.11288127013634905
D2026119104,0,0,0.13178937461426946
D2026059837,0,0,0.0627709084969902
D2026029299,0,0,0.17843232943009246
D2026093031,0,0,0.07382448585581496
D2026143388,0,0,0.06100720677546573
D2026149432,0,0,0.0378564278072975
D2026001228,0,0,0.11881406244313826
D2026087347,0,0,0.03412158406177704
D2026086420,0,0,0.09904706393277245
D2026013078,0,0,0.16381068058494908
D2026132699,0,0,0.1043230608758968
D2026069433,0,0,0.07117212724853111
D2026111179,0,0,0.03755910710918834
D2026062342,0,0,0.057819163658795615
D2026046669,1,0,0.06010591550498676
D2026032026,0,0,0.07898840349035942
D2026053117,1,1,0.7892079194508155
D2026105590,1,0,0.13628718619265578
D2026083708,0,0,0.06736689033524566
D2026052683,0,0,0.06754441896532504
D2026117686,1,1,0.5207283196960707
D2026020138,0,0,0.1704537480287983
D2026058760,0,0,0.07157075976434747
D2026032462,0,0,0.0726252756411332
D2026003574,0,0,0.10924937148741895
D2026137548,0,0,0.09380775150641771
D2026145071,0,0,0.014762243504934776
D2026109717,0,0,0.042497197662071745
D2026100277,0,0,0.1010689447310726
D2026060319,0,0,0.1027194148272717
D2026064945,0,0,0.07613546680310032
D2026045511,0,0,0.08668429665657718
D2026055096,0,0,0.24874016080448852
D2026118635,1,0,0.32251197423498723
D2026045639,1,0,0.23822859932909266
D2026145213,0,0,0.06663711445073313
D2026090376,1,0,0.06592614501571335
D2026091046,0,0,0.09694584249404117
D2026074341,0,0,0.05820205275185206
D2026050635,0,0,0.18259446424418838
D2026109241,0,0,0.05344568460030532
D2026127085,0,0,0.1085181133728052
D2026109206,1,0,0.0601590920044096
D2026035993,0,0,0.08030507293596376
D2026084172,0,0,0.05286412161772631
D2026113230,0,0,0.1474598617449995
D2026129309,0,0,0.24049703121621738
D2026043225,1,0,0.2800293265806531
D2026040989,0,0,0.1598692114524386
D2026102280,0,0,0.08269504014404865
D2026008930,0,0,0.1197300206785147
D2026085035,0,0,0.05890062138174397
D2026103751,0,0,0.15016215133641306
D2026113183,0,0,0.25667984236731917
D2026040770,0,0,0.15732261305427173
D2026125860,0,0,0.29706352350366416
D2026109095,0,0,0.08134802375704207
D2026044754,0,0,0.09271960168648448
D2026102531,1,0,0.18095716207132148
D2026096645,0,0,0.02207340400728881
D2026086825,1,0,0.42521614916047823
D2026118952,0,0,0.16392154870457026
D2026048540,0,0,0.06542255826362366
D2026045806,0,0,0.0345138714925575
D2026062297,0,0,0.09709819777184168
D2026104783,0,0,0.06876224187475137
D2026060529,0,0,0.08544653314263978
D2026081720,1,1,0.9341803349735176
D2026028220,0,0,0.058881932726735725
D2026014099,0,0,0.08264475579266267
D2026143040,0,0,0.1217639910618256
D2026044236,0,0,0.08062416272897405
D2026124585,0,0,0.0683385533879635
D2026113948,0,0,0.04193088255762985
D2026055436,0,0,0.07256912040966235
D2026098761,0,0,0.08068284755762342
D2026095298,0,0,0.18150340454689168
D2026008498,0,0,0.06860441617176122
D2026025668,0,0,0.09388005430619048
D2026085279,1,0,0.2966453755336824
D2026055665,0,0,0.14559319636702828
D2026048249,0,0,0.05843497872597771
D2026140406,1,0,0.14023086469198315
D2026110161,1,1,0.6599858800528381
D2026051659,0,0,0.05386258973225794
D2026085186,0,0,0.34063260946694207
D2026130484,0,0,0.024235580323517213
D2026054670,0,0,0.1530274741782919
D2026064728,0,0,0.06730578409369044
D2026011701,0,0,0.0723215993269609
D2026013727,0,0,0.13021113350966135
D2026014870,0,0,0.05617572090829078
D2026030986,1,0,0.11220692788343671
D2026140831,0,0,0.05584488509450755
D2026047046,0,0,0.05019009064030033
D2026092226,0,0,0.13041388064421863
D2026141958,0,0,0.08448041560118863
D2026065582,1,0,0.1868355947646254
D2026141283,0,0,0.09167405642466503
D2026032905,0,0,0.06630527632384361
D2026010716,0,0,0.10851254697186496
D2026018568,0,0,0.05700094423179849
D2026058363,0,0,0.07763107011624737
D2026070537,1,0,0.1293665432459186
D2026090994,0,0,0.03786551240773764
D2026048709,0,0,0.09644017166623112
D2026031957,0,0,0.07387204833273714
D2026112013,0,0,0.08975320515811287
D2026035268,0,0,0.055363736976548165
D2026121100,0,0,0.13564750301823175
D2026050785,1,0,0.45163680358365765
D2026010064,0,0,0.049862066316864954
D2026052476,0,0,0.04777812437359109
D2026116848,0,0,0.10495107215651907
D2026065612,0,0,0.11680231370279963
D2026116475,0,0,0.032939355807492604
D2026039029,0,0,0.052348720566717036
D2026019934,0,0,0.03336289014154394
D2026047591,0,0,0.14311620473779657
D2026069905,0,0,0.0297182754683694
D2026101968,0,0,0.052720430180464475
D2026107901,0,0,0.037332322308987274
D2026088790,0,0,0.06477654748828415
D2026016118,0,0,0.13160789807686105
D2026013142,0,0,0.024002879334853167
D2026068303,0,0,0.0473985078442118
D2026035459,0,0,0.07957587694873265
D2026117103,0,0,0.06998607087171198
D2026063205,0,0,0.044609234864136836
D2026054027,0,1,0.707715514975808
D2026032390,0,0,0.13209409527178703
D2026104071,0,0,0.13766893594418841
D2026146262,1,0,0.33323838999806243
D2026008031,0,0,0.09365850273192886
D2026018976,0,0,0.1140605036909086
D2026134158,0,0,0.09081226748446189
D2026128773,0,0,0.09016487361199568
D2026037227,0,0,0.02571120078526409
D2026081371,0,0,0.08191045958912452
D2026038969,1,0,0.4855126857803882
D2026135151,0,0,0.08972277689211197
D2026022143,0,0,0.06596095161496045
D2026028725,0,0,0.09062043351320238
D2026084420,1,0,0.09771350155764066
D2026046172,0,0,0.049446960503483524
D2026021676,0,0,0.08920518641910828
D2026089734,0,0,0.12151773936972288
D2026103636,0,0,0.06322498976549859
D2026135103,0,0,0.13639773050395582
D2026094152,0,0,0.025877205479621107
D2026031333,0,0,0.047526558483928484
D2026045109,1,0,0.49143741771434135
D2026052030,0,0,0.058579483452884544
D2026058920,0,0,0.07720249564661878
D2026058584,0,0,0.05344030627191636
D2026039750,1,0,0.3779030316740876
D2026143970,0,0,0.08003617573262614
D2026100057,1,1,0.5295046374510807
D2026006655,0,0,0.07857494654118283
D2026068411,0,0,0.05337608624138998
D2026043746,1,0,0.42733361230892497
D2026021010,0,0,0.07235867183154276
D2026088012,0,0,0.1035323632768071
D2026012998,0,0,0.07957312926138613
D2026148634,0,0,0.19215782575664242
D2026090823,1,0,0.026001492544400907
D2026125511,0,0,0.07376011123654862
D2026066432,0,0,0.03775510866361762
D2026122808,1,0,0.25564293125724474
D2026020486,0,0,0.14203122081998726
D2026019457,0,0,0.08242991562295926
D2026005142,0,0,0.49155762247233586
D2026092011,0,0,0.18043248218751015
D2026145433,0,0,0.007916457251744825
D2026043084,1,0,0.05477946066186968
D2026089416,1,0,0.33642205152403415
D2026046882,1,0,0.22904006124761006
D2026148973,0,0,0.07179115719084472
D2026091802,0,0,0.07250687775701876
D2026034205,0,0,0.0334274917430281
D2026079779,0,0,0.19947502679290774
D2026050632,0,0,0.04887905807254089
D2026121220,1,0,0.0867814650344163
D2026095060,0,0,0.049572270709805744
D2026067065,1,0,0.08861987583305309
D2026084453,0,0,0.16452637461707809
D2026109043,0,0,0.12352922503477377
D2026072627,0,0,0.1201378998812964
D2026042518,0,0,0.12963697925375262
D2026033583,0,1,0.5498027960474171
D2026074104,0,0,0.10598195123278699
D2026081021,1,0,0.45726845788128473
D2026142102,0,0,0.047991299644153634
D2026148388,0,0,0.04346473435762933
D2026091202,0,0,0.07815872474982563
D2026022837,0,0,0.06606150774781741
D2026001764,0,0,0.008005893593742488
D2026091794,0,0,0.03567637228775043
D2026080059,0,0,0.042631082549404384
D2026118609,1,0,0.09722083693689264
D2026124082,0,0,0.142446076341747
D2026091290,0,0,0.35771304311346913
D2026126158,1,0,0.29660232361021666
D2026117212,0,0,0.12138870633655775
D2026031489,0,0,0.012741661306448014
D2026100679,0,0,0.15290938849703484
D2026107797,0,0,0.01895845061703516
D2026038131,0,0,0.1251163721822322
D2026111392,0,0,0.09336675517531193
D2026126913,1,0,0.15730312799567397
D2026069551,0,0,0.1153396426342669
D2026054651,0,0,0.05192320311480289
D2026120592,0,0,0.0804718527050369
D2026070034,0,0,0.07092038008418342
D2026104871,0,0,0.03665174356387006
D2026043088,1,0,0.36679288733821785
D2026139821,0,0,0.14485203017837006
D2026068137,0,0,0.13100946389566165
D2026068716,0,0,0.08434280284644544
D2026049771,0,0,0.057387519459056166
D2026124259,1,1,0.5061599317307024
D2026015880,0,0,0.06539301233810951
D2026008109,0,0,0.1084661883975528
D2026105405,1,0,0.11365166026977795
D2026100357,0,0,0.06909971784860672
D2026068060,0,0,0.06812804220917351
D2026000931,1,1,0.9973784697872184
D2026059063,0,0,0.10744394339406367
D2026087874,0,0,0.11251144233671438
D2026084836,0,0,0.042591189370111436
D2026067062,1,0,0.3956247839311799
D2026032891,0,0,0.050937948984693296
D2026063506,1,0,0.26510355971300725
D2026129162,0,0,0.06541785253937053
D2026049255,0,0,0.07797466012122299
D2026078752,0,0,0.012152549726835115
D2026081200,0,0,0.07250475255220966
D2026062434,0,0,0.0654006661861286
D2026104383,0,0,0.06221129122659636
D2026133440,1,0,0.09852457233435732
D2026042339,0,0,0.08948270502579936
D2026055957,1,0,0.3276714358077495
D2026112295,0,0,0.013955151007985037
D2026083057,0,0,0.037208573175645306
D2026020349,0,0,0.06478535579756116
D2026095979,1,0,0.27308811092534213
D2026019503,0,0,0.11598634414907565
D2026104622,0,0,0.05000309622273504
D2026122151,0,0,0.06125682408717745
D2026051830,0,0,0.02414179281840633
D2026004318,1,0,0.31600235797564064
D2026046429,0,0,0.059133497797319835
D2026086187,0,0,0.03411272527599789
D2026073078,0,0,0.10183779633234176
D2026063147,0,0,0.0301047108489915
D2026143170,0,0,0.07616858891392449
D2026033451,0,0,0.09894145500196443
D2026056190,0,0,0.148690599745194
D2026074453,1,0,0.2384214412219824
D2026016759,0,0,0.17202266049074055
D2026008453,1,1,0.5758222749825435
D2026026588,1,0,0.19628667164234503
D2026100208,0,0,0.10798977843834286
D2026130749,1,1,0.9094193937916066
D2026147329,0,1,0.5390009202086801
D2026136392,0,0,0.10908061283011328
D2026106679,0,0,0.2112036603145958
D2026001331,0,0,0.051085199253710876
D2026037092,0,0,0.30511682470045404
D2026090813,0,0,0.07976040661532453
D2026031066,0,0,0.06885834534878238
D2026020362,0,0,0.42199464970026224
D2026093242,0,0,0.1754544872002427
D2026113478,0,0,0.10437182253405208
D2026093782,0,0,0.0636668041010443
D2026118888,0,0,0.11923320392348
D2026124072,1,0,0.1691059160180102
D2026046885,0,0,0.16574417473353967
D2026034799,0,0,0.07306981614001883
D2026135486,0,0,0.037393867586383696
D2026092934,0,0,0.04574327952526123
D2026114134,0,0,0.09405381333748501
D2026080995,0,0,0.13859919477427315
D2026144637,1,1,0.6880388446482892
D2026070469,0,0,0.1287620224559204
D2026128652,0,0,0.15131197474239097
D2026115218,0,0,0.0958023388546634
D2026074385,0,0,0.057292668455836374
D2026000527,0,0,0.17928081351807224
D2026084273,0,0,0.07320759589500095
D2026040033,0,0,0.05654665674759402
D2026077142,0,0,0.0928802957764529
D2026148476,0,0,0.10706330421434668
D2026120664,0,0,0.05776301324461107
D2026117680,1,0,0.29063206581067785
D2026121391,0,0,0.1347195973344916
D2026077079,0,0,0.01599137781174709
D2026127831,0,0,0.04684506879563601
D2026118822,0,0,0.04126559898762282
D2026051618,0,0,0.04866769305563578
D2026109543,0,0,0.06949883579723269
D2026048922,0,0,0.07519718381815568
D2026080836,0,0,0.05684535492879551
D2026036028,0,0,0.11180722242448383
D2026025978,0,0,0.05116609983984008
D2026148905,1,0,0.26315521434494105
D2026127795,0,0,0.034760954083541164
D2026046163,0,0,0.12592435364891463
D2026043063,0,0,0.08348858799162003
D2026110794,0,0,0.1359946905605662
D2026085327,0,0,0.06762475478257407
D2026095245,0,0,0.061299993936209156
D2026088032,0,0,0.06731121402347717
D2026045233,1,0,0.16093029419424537
D2026034081,0,0,0.12625143265057578
D2026032259,1,0,0.4905702692344812
D2026113016,0,0,0.20147295714802443
D2026115349,0,0,0.09590970254498425
D2026103227,0,1,0.9675687076932585
D2026060237,0,0,0.07320701580139226
D2026091763,1,0,0.21371129061619307
D2026064424,0,0,0.20770680437385333
D2026148890,0,0,0.0893169990454844
D2026125180,0,0,0.29046302094157833
D2026072179,0,0,0.07778006119762565
D2026066442,0,0,0.060167146116456884
D2026029278,0,0,0.11130915888975527
D2026119719,0,0,0.14208549633455
D2026056615,0,0,0.0598407055740817
D2026015768,0,0,0.05997830578790213
D2026087184,0,0,0.09803103105020634
D2026094089,0,0,0.10503106286171922
D2026148311,0,0,0.14168515485162858
D2026017801,0,0,0.06598190311491384
D2026018297,0,0,0.10226669884149957
D2026033944,0,1,0.8482021736831844
D2026050948,0,0,0.20711795398231178
D2026059780,0,0,0.04792688801521406
D2026041765,0,0,0.13565378017554597
D2026139529,0,0,0.12056519622560893
D2026028237,0,0,0.10034405371391042
D2026139186,0,0,0.18096916511026645
D2026013236,1,0,0.18995286630155445
D2026041226,1,0,0.4061763758513759
D2026024739,1,0,0.43325033482380326
D2026050069,0,0,0.059056286357913726
D2026004157,0,0,0.02183324555189657
D2026027848,0,0,0.08214221129966252
D2026083878,1,1,0.9840810786948913
D2026060916,0,0,0.028946756557231754
D2026044946,0,0,0.0975138593702836
D2026071198,0,0,0.12423763956592737
D2026055218,1,1,0.702871613702032
D2026048179,0,0,0.14533744444057936
D2026147775,0,0,0.07817332215953807
D2026009701,0,0,0.08717726110347306
D2026056158,0,0,0.031192141661977382
D2026122715,0,0,0.11449931791696404
D2026142471,0,0,0.158620166472568
D2026065675,0,0,0.07502133083581539
D2026042660,1,0,0.12480745813656405
D2026145553,0,0,0.07638757364224756
D2026131063,0,0,0.49946670899234363
D2026082700,0,0,0.0707762998205618
D2026008268,0,0,0.11936456740343415
D2026107507,0,0,0.06317174269873978
D2026089241,0,0,0.113729906748766
D2026117135,1,0,0.48485354545040527
D2026072102,1,0,0.4086473485163806
D2026061677,0,0,0.13744984700668264
D2026072811,0,0,0.2576714658608578
D2026028362,0,0,0.08683115557224194
D2026123123,0,0,0.1577279389157664
D2026104308,0,0,0.06652090840947622
D2026026278,0,0,0.04641150884278071
D2026071505,0,0,0.04552325650884149
D2026129426,0,0,0.0330466562206771
D2026136523,1,0,0.2780857605966508
D2026064249,0,0,0.11284663497229316
D2026036331,0,0,0.11424566267734862
D2026125169,0,0,0.08474664048074337
D2026015362,0,0,0.1113924493158403
D2026052925,0,0,0.056493646253649686
D2026119810,0,0,0.05247895275254753
D2026129799,0,0,0.04074349188261789
D2026074850,0,0,0.12006002016648974
D2026029334,0,0,0.09928340118623949
D2026100573,0,0,0.14394847225091018
D2026116457,1,0,0.22119009340633097
D2026054393,0,0,0.04150868566577702
D2026121914,0,0,0.11443845833043337
D2026123463,0,0,0.0465312720868822
D2026002118,0,0,0.022409055379184077
D2026137673,0,0,0.07035505240064026
D2026078941,0,0,0.1138338248738575
D2026113451,0,0,0.060128760358544364
D2026050026,0,0,0.07820900227666187
D2026023645,0,0,0.09985966311122672
D2026092136,0,0,0.12462844574769005
D2026134560,0,0,0.054942389512721734
D2026012593,0,0,0.0675345101877711
D2026027342,0,0,0.08976470451489212
D2026090280,0,0,0.11136141099097012
D2026020915,0,0,0.09933958379989116
D2026000264,1,0,0.050175629143460014
D2026013525,0,0,0.06984253114650495
D2026126859,0,0,0.08002960679976083
D2026142493,0,0,0.08282162018856871
D2026005470,0,0,0.07903741469936817
D2026021987,0,0,0.07946282006281127
D2026034188,0,0,0.026279902185963346
D2026008517,0,0,0.11848915353863902
D2026067969,0,0,0.10236310883860474
D2026101009,0,0,0.212087698968438
D2026013401,0,0,0.10177922677656115
D2026090772,0,0,0.0874209293983773
D2026031672,0,0,0.12833596473996045
D2026134103,1,0,0.17120351053148708
D2026041312,0,0,0.0695484516678382
D2026001859,0,0,0.062172147363861466
D2026132967,0,0,0.03626309609197152
D2026140503,0,0,0.06893352575347653
D2026124006,0,0,0.09082755706332782
D2026060587,0,0,0.07210614514229377
D2026005773,0,0,0.3240713636822709
D2026111263,0,0,0.12050602634455299
D2026123156,0,0,0.1039406043601007
D2026105606,0,0,0.09407405609967984
D2026147270,1,1,0.8982025058160978
D2026059583,0,0,0.07365686673979979
D2026076660,0,0,0.023588980931415426
D2026012125,0,0,0.09776195640788
D2026074953,0,0,0.05250382601740076
D2026015175,1,0,0.3658161729878188
D2026036550,0,0,0.021416613697703188
D2026069971,0,0,0.05316751331389267
D2026006591,0,0,0.0894630585797042
D2026094055,0,0,0.05478503217007977
D2026055953,0,0,0.08905960549740732
D2026116028,0,0,0.07106959345489848
D2026087963,0,0,0.12802826600119607
D2026115445,0,0,0.44222284138053036
D2026019125,1,0,0.3447382955525935
D2026037024,0,0,0.13652442257023614
D2026069948,0,0,0.10761439873867815
D2026011393,0,0,0.057766169406107626
D2026093683,1,0,0.06402590890657762
D2026042619,0,0,0.025447418095960517
D2026067602,0,0,0.07780782364087727
D2026036579,0,0,0.12985575387740886
D2026091105,0,0,0.017845377691652096
D2026120396,0,0,0.037875369566685836
D2026088389,0,0,0.10114765342402181
D2026026164,1,0,0.05253681527718861
D2026102376,0,0,0.30001048087796767
D2026106045,0,0,0.11511308253210265
D2026055911,0,0,0.05814525223252851
D2026147595,0,0,0.041608260059185886
D2026067274,0,0,0.03310480705663929
D2026062720,1,0,0.08887167852140215
D2026109077,0,0,0.14383153076580438
D2026126877,0,0,0.061423557363326116
D2026080019,1,0,0.1129684953066206
D2026065154,0,0,0.11183428393283841
D2026067469,0,0,0.11650206338613499
D2026138682,0,0,0.0391263291558014
D2026098535,1,0,0.045170085278288745
D2026022598,1,0,0.4371044904017902
D2026084513,0,0,0.08876220655293651
D2026093024,0,0,0.12161649938092887
D2026007904,0,0,0.030818852076504106
D2026101747,1,0,0.14346624464167174
D2026016316,0,0,0.06999433163138756
D2026042355,0,0,0.0516933416435539
D2026007568,0,0,0.10871510077437228
D2026108733,0,0,0.05294215795652262
D2026117059,0,0,0.04606910026297741
D2026096311,0,0,0.05966601197571217
D2026017011,0,0,0.06413321216007856
D2026059938,0,0,0.06546614272408353
D2026050996,0,0,0.06214188762916873
D2026036568,0,0,0.11210819696789166
D2026100682,0,0,0.0599167464904354
D2026074010,0,0,0.13480789931673118
D2026068961,0,0,0.09756838495169574
D2026059659,0,0,0.08456545240684946
D2026139558,0,0,0.19628497773473133
D2026063914,0,0,0.11758892185475082
D2026146713,0,0,0.11913221793877525
D2026097840,0,0,0.09841427255060334
D2026047552,0,0,0.021657123239534996
D2026028813,0,0,0.0615069269610746
D2026089041,0,0,0.037965643243443946
D2026043513,0,0,0.021606934911363722
D2026041995,0,0,0.09456038218247476
D2026122113,0,0,0.06558743660106146
D2026024138,0,1,0.9190709802544653
D2026073134,0,0,0.07373420732168738
D2026098106,1,1,0.9852758234901603
D2026135531,0,0,0.08324527936333975
D2026082725,1,0,0.31947558337499654
D2026068989,0,0,0.065254264169767
D2026028127,0,0,0.08508085207366452
D2026045301,0,1,0.7545812215482169
D2026008333,1,0,0.36429783936307697
D2026088060,0,0,0.09896264917638564
D2026006458,1,0,0.2232054592816736
D2026020006,0,0,0.12471554718351102
D2026121222,1,0,0.32874998841569336
D2026114751,1,1,0.5276432764744339
D2026138665,1,0,0.11276658692256522
D2026055302,0,0,0.39233149362368297
D2026088230,0,0,0.34574203413702864
D2026148447,0,0,0.04930225600982475
D2026069227,0,0,0.10091956380477855
D2026016850,0,0,0.09536137041668208
D2026142544,0,0,0.10203232472022421
D2026005551,0,0,0.06005082368522322
D2026026067,0,0,0.04427209725804027
D2026090719,0,0,0.16650855961722688
D2026074095,0,0,0.05769552731260518
D2026086770,0,0,0.04530960859095586
D2026054543,0,0,0.20747519150497815
D2026106795,0,0,0.12261822552439514
D2026101805,0,0,0.03803473050436275
D2026121005,0,0,0.12200723735433053
D2026040026,1,1,0.5618099093566956
D2026041189,0,0,0.05515362119631885
D2026065857,0,0,0.039583310929808414
D2026033791,0,0,0.05085125754208716
D2026038522,1,1,0.6364482395490081
D2026045430,0,0,0.05147600507452396
D2026063805,0,0,0.13730201342696277
D2026126693,0,0,0.07052072833939922
D2026027186,0,0,0.04285595465561842
D2026023113,0,0,0.043228941287904825
D2026055438,0,0,0.03868138694099843
D2026118768,0,0,0.07169636297277936
D2026051598,0,0,0.04690193993298992
D2026053133,0,0,0.11322721747034824
D2026091683,0,0,0.04377527828958076
D2026070121,0,1,0.5398289135105176
D2026037041,1,0,0.2901457286947711
D2026127793,0,0,0.01812864494470729
D2026043782,0,0,0.03473345332625329
D2026119851,0,0,0.031144162529941174
D2026105050,1,1,0.767493748836126
D2026052414,0,0,0.11903600446368097
D2026136386,1,0,0.4950688271908334
D2026122613,0,0,0.06361106474418328
D2026067519,0,0,0.06883808622823212
D2026142305,0,0,0.04908455558308791
D2026114143,0,0,0.06989355256147826
D2026053187,1,1,0.9073905531348118
D2026148080,0,0,0.08282138694106209
D2026126628,0,0,0.06943886308385634
D2026135788,0,0,0.10841659905224577
D2026138629,0,0,0.39678730277569246
D2026124643,0,0,0.08620596766468658
D2026134615,0,0,0.12283954991940432
D2026013343,0,0,0.07383702791744527
D2026107262,0,0,0.11823729707755444
D2026074135,0,0,0.09678647150802294
D2026079681,0,0,0.027135364743592644
D2026010979,1,1,0.5088361374541517
D2026068684,0,0,0.3068855611127967
D2026113502,1,0,0.1507691307371311
D2026107516,0,0,0.07534610882440647
D2026081533,1,0,0.4505794607762734
D2026059371,0,0,0.08068900229828199
D2026087924,0,0,0.08247758012064038
D2026114439,0,0,0.15513120447217285
D2026053370,1,0,0.2670406060356444
D2026121847,0,0,0.16679780165549934
D2026081901,0,0,0.024282061838780948
D2026046354,0,0,0.08998698869434922
D2026039918,0,0,0.10540808745185648
D2026036716,0,0,0.042564818191899716
D2026004661,1,0,0.15006006903568875
D2026030456,0,0,0.10728465086885754
D2026006009,0,1,0.7212743936066623
D2026107296,0,0,0.049533364642623805
D2026119697,0,0,0.40050312436197993
D2026059774,0,0,0.08906337717693134
D2026033173,0,0,0.053735432299735285
D2026132095,0,0,0.07032559788159082
D2026090435,0,0,0.07895619008615115
D2026106195,1,0,0.11023705680082264
D2026088599,0,0,0.28773985403386715
D2026136745,0,0,0.06255030481722239
D2026067857,0,0,0.07081003072468
D2026144575,0,0,0.08555738217570244
D2026117497,0,0,0.13098863256657242
D2026091798,0,0,0.10339902489988048
D2026036589,0,0,0.06054433905939232
D2026124905,0,0,0.06685168254500143
D2026115394,0,0,0.009762954028614249
D2026034165,0,0,0.05054292087517673
D2026096084,0,0,0.1156791555731464
D2026046189,0,1,0.7523888126264914
D2026141851,1,0,0.39370412792494863
D2026098958,0,0,0.046345541709812164
D2026034536,0,0,0.0692244659212285
D2026036615,0,0,0.0808857649863236
D2026080496,0,0,0.02137001695341522
D2026048701,0,0,0.08854398478610363
D2026107752,0,0,0.10478478782845035
D2026118490,1,1,0.5799526736111149
D2026095098,0,0,0.06427191359951373
D2026061158,0,0,0.24133023089477743
D2026001307,0,0,0.05841635759826807
D2026130529,0,0,0.07800911896659589
D2026021680,0,0,0.12082213526187471
D2026119121,0,0,0.07364551347439939
D2026135410,0,0,0.17918777090979335
D2026027442,1,1,0.9440468740495515
D2026015923,0,0,0.09486793912930641
D2026118687,0,0,0.0798240267263547
D2026001584,0,0,0.05317440868335653
D2026068188,0,0,0.0517389507993552
D2026003877,0,0,0.0905021417550909
D2026071489,0,0,0.0516736001831053
D2026056105,0,0,0.08210854692468456
D2026095785,0,0,0.04724896942909473
D2026144764,0,0,0.1393158633419818
D2026054923,0,0,0.18958382585163736
D2026138474,0,0,0.04868195564272429
D2026093406,0,0,0.05638670052710263
D2026029371,0,0,0.07621242042794084
D2026119521,1,0,0.27891620356078045
D2026030995,0,0,0.10127897345810702
D2026097311,1,0,0.08957322990309301
D2026004208,0,0,0.07446132876369209
D2026102178,0,0,0.06507601780318256
D2026049100,0,0,0.07635581358280608
D2026061407,0,0,0.03388242684229868
D2026012735,0,0,0.05955936652715642
D2026001090,1,0,0.08339136106037706
D2026146673,0,0,0.0659161359313059
D2026090085,0,0,0.08313117303081846
D2026076903,0,0,0.19956233199306192
D2026098684,0,0,0.06263292585736642
D2026052810,1,0,0.35229521336324576
D2026033146,0,0,0.06330321284650345
D2026040929,1,0,0.16591645051315096
D2026028593,0,0,0.024195881298772502
D2026033475,0,0,0.039867461294653565
D2026111285,0,0,0.0507968236755616
D2026041223,0,0,0.09944901822419198
D2026043435,0,0,0.0767195954220753
D2026075436,0,0,0.07791047290205505
D2026027846,0,0,0.04570069170989386
D2026141281,0,0,0.05809651861359085
D2026123559,0,0,0.09559832069846748
D2026080265,0,0,0.08234749099214245
D2026079967,0,0,0.05473982219073712
D2026072133,0,0,0.007845262576800247
D2026035762,0,0,0.12648471815997595
D2026027424,1,0,0.2423179645102752
D2026040330,0,0,0.06999576467769397
D2026128518,0,0,0.10000282115702325
D2026028152,0,0,0.1289559276467478
D2026004050,0,0,0.15380783107817417
D2026133229,0,0,0.07209812772599528
D2026090972,0,0,0.08622283372441922
D2026008342,0,0,0.027094004191902183
D2026120404,0,0,0.04186235524592078
D2026069574,0,0,0.10098183537616477
D2026113467,0,0,0.06030917582928717
D2026122666,0,0,0.07229623220685774
D2026064815,0,1,0.5515156221030155
D2026112391,0,0,0.01787569549311232
D2026097258,0,0,0.10163536526848409
D2026109157,0,0,0.05035441417393705
D2026034075,0,0,0.07383579777508908
D2026026557,0,0,0.0908550443768443
D2026117159,0,0,0.08789638378512467
D2026022467,0,0,0.08696471370478323
D2026035001,1,0,0.09393411405135701
D2026004057,0,0,0.05244300809067419
D2026005747,0,0,0.06023304722056541
D2026122537,0,0,0.028799756785953267
D2026064988,0,0,0.09482600897924762
D2026071451,0,0,0.15813849626474213
D2026027314,0,0,0.06251468358754765
D2026010153,0,0,0.10213385130293842
D2026076533,0,0,0.486867557755929
D2026017311,0,0,0.10121610789897512
D2026065827,1,1,0.5196537399814891
D2026028204,0,0,0.2395251212394894
D2026075727,0,0,0.05867436367843779
D2026028570,0,0,0.3954469727841153
D2026139978,0,0,0.0885497436590716
D2026087235,0,0,0.03895064978794823
D2026140814,0,0,0.038146611234219883
D2026022501,0,0,0.13824020752241672
D2026051532,0,0,0.039801284667758056
D2026146521,0,0,0.09732946231699773
D2026105973,0,0,0.08107281587118415
D2026147280,1,0,0.3151233618509477
D2026099156,0,0,0.26104766253075185
D2026135821,0,0,0.1111058547986325
D2026107668,0,0,0.04051294397942264
D2026085548,0,0,0.09058477880483776
D2026109373,0,0,0.07856664175252316
D2026146116,0,1,0.6698549772540647
D2026092673,0,0,0.0454071190143988
D2026022358,0,0,0.11715092492634178
D2026072153,0,0,0.36319683485623633
D2026055874,0,0,0.09864329130267642
D2026117092,1,0,0.04717856498867099
D2026098924,0,0,0.13703379809293897
D2026030766,0,0,0.05070644946072013
D2026101230,0,0,0.05563402413856753
D2026093354,0,0,0.05253043498220728
D2026116139,0,0,0.0456954222014369
D2026043290,0,0,0.04989866896371421
D2026143391,0,0,0.04244729508633075
D2026069737,1,0,0.27583193079491264
D2026096004,0,0,0.08073663198018277
D2026048053,0,0,0.02630089802229288
D2026129157,0,0,0.04224556785016617
D2026035216,0,0,0.07139038674788438
D2026043545,1,0,0.05466259956179064
D2026060905,1,0,0.30094767966360303
D2026022006,0,0,0.04527171662113833
D2026082915,0,0,0.46606830602768057
D2026104514,0,0,0.11375944727321065
D2026146137,1,0,0.37691099429678404
D2026140013,0,0,0.06834919064171288
D2026070456,0,0,0.09123734014969298
D2026086452,0,0,0.441175661078997
D2026130590,0,0,0.06946397127282294
D2026122639,0,0,0.07602051453043279
D2026009215,0,0,0.08563049740249519
D2026132226,0,0,0.04364883911965911
D2026033185,0,0,0.10440405871918056
D2026077294,0,0,0.0760796218128081
D2026129730,0,0,0.14238622579132532
D2026128649,0,0,0.059461116202591986
D2026068384,0,0,0.041342871591346066
D2026114801,1,0,0.41436659529048775
D2026057837,0,0,0.10222142231454495
D2026008657,1,0,0.2983525043126663
D2026063662,0,0,0.16825032119744082
D2026017438,0,1,0.7873422848049955
D2026094416,0,0,0.059627331150860184
D2026100234,0,0,0.08711302232659628
D2026068687,0,0,0.14451731242756893
D2026003685,0,0,0.05007578783016284
D2026135729,0,0,0.09135448753482071
D2026114486,0,0,0.058274945718265
D2026024068,0,0,0.11681052828158475
D2026131665,1,0,0.47683058656676697
D2026131745,0,0,0.052114960871393265
D2026053300,0,0,0.0730733535333237
D2026020458,0,0,0.39017384045246073
D2026148569,0,0,0.3269907554761116
D2026019756,0,0,0.23408232391792075
D2026067087,0,0,0.14089241656321722
D2026141661,0,0,0.05599446757146734
D2026107363,0,0,0.02542713589204988
D2026094841,0,0,0.12176229130774024
D2026053046,0,0,0.08547465687031644
D2026053967,1,0,0.2979150690072629
D2026119437,0,0,0.14886716518715357
D2026049719,0,0,0.11826138936759749
D2026036091,0,0,0.1459984200530773
D2026061609,0,0,0.07626771651736987
D2026043459,0,0,0.08672113259231613
D2026142620,0,0,0.07479238907050256
D2026044133,0,0,0.139727511921838
D2026014929,0,0,0.18349727565225699
D2026067294,1,1,0.9314239943580921
D2026015792,0,0,0.09118279956836349
D2026143987,0,0,0.22200404860994488
D2026052846,0,0,0.4318693217151012
D2026101893,0,0,0.08505015997496126
D2026050166,0,0,0.05983596668008096
D2026021491,0,0,0.05287390406511551
D2026048300,0,0,0.08849514880229688
D2026109918,0,0,0.22392201880528592
D2026134348,0,0,0.058740655490151
D2026052121,0,0,0.07578669912480292
D2026092217,0,0,0.10669813297929973
D2026054672,0,0,0.07151735787958671
D2026146891,0,0,0.08565910816140028
D2026023782,0,0,0.13031646568882468
D2026026119,1,0,0.11649038242883222
D2026114642,0,0,0.04189006641434487
D2026003250,0,0,0.119722723597598
D2026043825,0,0,0.020043680128521958
D2026049009,1,0,0.3057490325567776
D2026031889,0,0,0.0528266484122813
D2026067851,0,0,0.190660514649043
D2026005856,0,0,0.03890595080559043
D2026010929,0,0,0.04933630998414472
D2026148133,1,0,0.3606830438554806
D2026034867,0,0,0.06069620896172957
D2026084732,0,0,0.10421483629261497
D2026001368,0,0,0.15721844894614728
D2026064640,0,0,0.1152660881607711
D2026061842,0,0,0.11194454359354981
D2026027079,0,0,0.06060523066002733
D2026069757,0,0,0.05670523869102422
D2026146971,0,0,0.0583794109927231
D2026130730,0,0,0.12503999132791335
D2026088137,0,0,0.0907964400463274
D2026125130,0,0,0.04455606429865333
D2026063846,1,0,0.35071429088744993
D2026126416,0,0,0.09014752703219334
D2026001905,0,0,0.03012272879985181
D2026024896,0,0,0.13542176313986803
D2026040602,0,0,0.051028539604484315
D2026045736,0,0,0.0908604198989673
D2026136198,0,1,0.8177997962192962
D2026096795,0,0,0.03670994490019462
D2026127449,0,0,0.0735505165112078
D2026128628,1,1,0.8138615992371473
D2026130625,1,0,0.28452456866855136
D2026143571,0,0,0.06257046964643574
D2026080431,0,0,0.06473172363542669
D2026068909,0,0,0.06463571414980313
D2026057180,0,0,0.07020479541132589
D2026097210,1,0,0.27560757327569085
D2026091182,0,0,0.05524488571091791
D2026099504,0,0,0.03735680581077579
D2026103786,0,0,0.12214615772730564
D2026100054,0,0,0.04930386484396323
D2026122775,1,0,0.45389828838236607
D2026000637,1,0,0.40174052949115013
D2026032624,0,0,0.061895970472029195
D2026089609,0,0,0.11188995212706328
D2026043508,0,0,0.036846317971727535
D2026145207,0,0,0.10976196994872353
D2026095109,0,0,0.07772546804133275
D2026093040,0,0,0.12955044569497723
D2026029126,0,0,0.07326715791892488
D2026117935,0,0,0.07895704110328328
D2026084102,0,0,0.07811149214728969
D2026119225,0,0,0.0984127302675948
D2026121666,1,0,0.08438203989312765
D2026131977,0,0,0.07515599076934625
D2026032215,0,0,0.13062349476873342
D2026065726,0,0,0.05733382123131327
D2026121458,1,0,0.4421157797388896
D2026093240,0,1,0.5749161464901581
D2026093447,0,0,0.12040139416994071
D2026033879,0,0,0.07668007207533951
D2026142833,0,0,0.10508451673852541
D2026047992,0,0,0.09430804997502626
D2026034187,0,0,0.09492769096192909
D2026074506,0,0,0.3960758367180038
D2026047765,0,0,0.08506517682241277
D2026006019,1,0,0.3857781472719892
D2026027410,1,0,0.38708210889806144
D2026051131,0,0,0.08089492299716791
D2026030314,0,0,0.1420309536446821
D2026074927,0,0,0.060632552343359396
D2026147764,0,0,0.10547803191051058
D2026031138,0,0,0.3769657571713274
D2026146126,0,0,0.10645644520317553
D2026009686,0,1,0.6216774956053097
D2026017022,0,0,0.07976266189424502
D2026092243,0,0,0.11290800432952403
D2026046746,1,0,0.03612109968933269
D2026026996,0,0,0.09515324028162223
D2026093015,0,0,0.07374271267876434
D2026050823,0,0,0.044501270285575864
D2026047888,1,0,0.19238958553469152
D2026099829,0,0,0.10521746407022589
D2026026061,0,0,0.1065340871989856
D2026147341,0,0,0.10950215234289591
D2026102241,0,0,0.17006998094763148
D2026119499,0,0,0.09872248916535518
D2026093010,0,0,0.12216925342900449
D2026116233,0,0,0.03946307896007361
D2026074047,1,0,0.4063060634076581
D2026149133,0,0,0.07309656842170999
D2026094298,0,1,0.6507380574769228
D2026075415,0,0,0.166992150413066
D2026098087,0,0,0.22766628474397488
D2026047454,0,0,0.046879092697656624
D2026009895,0,0,0.043958866833022664
D2026111092,0,0,0.09167996720068018
D2026148883,0,0,0.25194404804576864
D2026108593,0,0,0.1437181619804943
D2026043033,0,0,0.08546322214387042
D2026133939,0,0,0.07301522860529938
D2026085943,0,0,0.056904356583102875
D2026024093,1,0,0.20436290839813218
D2026016904,0,0,0.11222556338280047
D2026024525,0,0,0.13280120722026806
D2026120989,0,0,0.11059225075881654
D2026049670,0,0,0.08770565307236092
D2026089010,1,0,0.4494961506315013
D2026072461,0,0,0.05304755226506153
D2026094009,0,0,0.09460872325869989
D2026110348,0,0,0.14346569383720315
D2026035840,0,0,0.12376647064107789
D2026121126,0,0,0.30849185998614426
D2026019393,1,0,0.39731988347796876
D2026067336,0,0,0.06015417959962928
D2026020976,0,0,0.09613042038801951
D2026051732,0,0,0.056788692822695414
D2026059515,0,0,0.029242176603668946
D2026040263,1,1,0.6077369158384841
D2026029376,0,0,0.05904082076065873
D2026133473,0,0,0.04406495108872375
D2026109504,0,0,0.0746353605937325
D2026091948,0,0,0.10780822981615851
D2026019691,0,0,0.11283548807590253
D2026008218,0,0,0.11386643605311847
D2026012181,0,0,0.09821403364141312
D2026149028,0,0,0.1469863365183834
D2026024711,0,0,0.08396304521452484
D2026064047,0,0,0.048925693607696594
D2026025903,0,0,0.08208631400105901
D2026129060,0,0,0.15008709663115907
D2026043715,0,0,0.06036624496736937
D2026042449,0,0,0.048503937689472885
D2026017911,0,0,0.043475969755878086
D2026022798,0,0,0.09060770549189545
D2026148436,1,0,0.18602418678865007
D2026013188,0,0,0.08137887312062948
D2026149093,0,0,0.10579727882010768
D2026003543,0,0,0.3120115970415602
D2026013673,0,0,0.06845494643665803
D2026024255,1,1,0.7963553038641579
D2026130709,0,0,0.040232661340376126
D2026038730,0,0,0.08231648150414045
D2026006563,0,0,0.07351781058475122
D2026123921,0,0,0.13022754190119945
D2026037879,0,0,0.05055150814835142
D2026105713,0,0,0.04058450211068159
D2026036050,0,0,0.19157791695073392
D2026030479,0,0,0.09728170937975611
D2026104035,1,0,0.19096843361317048
D2026071779,0,0,0.07468761885939205
D2026064493,1,0,0.13067301907787843
D2026012025,1,0,0.34671668780692044
D2026115596,0,0,0.05848034076088145
D2026036409,0,0,0.26918349839352973
D2026042277,1,0,0.36275673373768574
D2026078930,0,0,0.07980202576413085
D2026084057,0,0,0.09366687453629706
D2026000913,0,0,0.16690904252584668
D2026031024,1,0,0.19134553913004707
D2026129630,0,0,0.11174959753052728
D2026017426,0,0,0.08052210993865518
D2026040309,0,0,0.11703507533871244
D2026129220,0,0,0.1190441652601505
D2026018649,0,0,0.09761919861268038
D2026086590,0,0,0.12617760135063968
D2026064475,0,0,0.08870851863225056
D2026015793,0,0,0.06852784262256825
D2026137703,0,0,0.05938067529582208
D2026093218,0,0,0.045243377587149504
D2026088116,1,0,0.22742071258255395
D2026004174,0,0,0.0872073268200674
D2026056992,0,0,0.08395603666314898
D2026148744,0,0,0.09300227196241291
D2026041613,0,0,0.13380112535993377
D2026138966,0,0,0.12000922700954751
D2026096261,0,0,0.43542845769101174
D2026031205,0,0,0.04868262618374882
D2026107599,0,0,0.11784115382837632
D2026052031,0,1,0.7856059278293
D2026096317,0,0,0.0809899915868789
D2026135441,0,0,0.06605069044992241
D2026086620,1,1,0.6569643539812952
D2026045604,0,0,0.0803290095737357
D2026098752,0,0,0.07233074619592558
D2026039087,1,1,0.5220038875048104
D2026049697,0,0,0.11194455502602493
D2026046532,0,0,0.06087224112985748
D2026142386,1,1,0.7596461233877501
D2026088839,0,0,0.0982846047286174
D2026046169,0,0,0.07624646267671223
D2026017813,1,1,0.9866410605156177
D2026015541,1,0,0.32919687655025553
D2026026918,0,0,0.10849962681624241
D2026016335,0,0,0.057145916698152964
D2026147540,0,0,0.05284628937083786
D2026095157,1,0,0.06288121841485166
D2026065923,0,0,0.077985460432344
D2026012717,0,0,0.04718619291482845
D2026135677,0,0,0.11192945251511816
D2026031737,0,0,0.09505305358875157
D2026010020,0,0,0.04604542514599751
D2026000012,0,0,0.12702711014997484
D2026127914,0,0,0.05128629108669685
D2026083072,1,0,0.12670212531856206
D2026133857,0,0,0.06166669709342508
D2026076414,0,0,0.07267022694388588
D2026056709,0,0,0.0683871381917695
D2026130361,0,0,0.08492135833758437
D2026038349,0,0,0.17933521806714492
D2026036698,0,0,0.07508794771622479
D2026083453,0,0,0.09199994368889365
D2026061266,0,0,0.09436456161310526
D2026049554,0,0,0.09160413922553097
D2026048061,0,0,0.06556408307124345
D2026147509,0,0,0.12317451920113164
D2026054089,0,0,0.10188666479335082
D2026004126,0,0,0.060929854989144945
D2026066375,1,0,0.37606203365411717
D2026005240,0,0,0.11284190717677803
D2026105215,0,0,0.06836216985399196
D2026027918,0,0,0.0898025787336421
D2026097193,0,0,0.06776169809781246
D2026079826,0,0,0.09262004066884848
D2026091782,0,0,0.0925704348431891
D2026110689,0,0,0.08970729299449136
D2026050856,0,0,0.058242049945500814
D2026138622,0,0,0.08502005434017997
D2026090698,0,0,0.09811072884672403
D2026123460,0,0,0.10912800468121454
D2026030856,0,0,0.0262820479950748
D2026102370,1,0,0.3121241421874695
D2026024931,0,0,0.0930184519946935
D2026070932,0,0,0.03556988111606361
D2026050394,0,0,0.06040302645121048
D2026004217,0,0,0.07202320619632656
D2026116294,0,0,0.10509890581447064
D2026084620,0,0,0.06314058058078424
D2026079611,0,0,0.055485464072748986
D2026070471,0,1,0.8621883953779942
D2026012220,0,0,0.08092072351988874
D2026048377,1,0,0.07012588941824933
D2026003771,0,0,0.15980489089684777
D2026066757,0,0,0.02407022394217605
D2026065119,1,0,0.320744008800409
D2026014297,0,0,0.054200544129960775
D2026006444,0,0,0.08131618695061349
D2026133828,1,0,0.056813708593780654
D2026123778,1,1,0.93697335336534
D2026148674,0,0,0.07600982960396739
D2026036609,0,0,0.03467152601010519
D2026147239,0,0,0.12031057246051366
D2026075740,1,0,0.4399925232115786
D2026111410,1,0,0.25829122304153473
D2026118269,0,0,0.05038549517283529
D2026006856,0,0,0.05275714107789565
D2026145663,0,0,0.034501483804556254
D2026120472,0,0,0.11403067453545417
D2026087442,0,0,0.07190167458789708
D2026117027,0,0,0.030040293344336003
D2026004361,0,0,0.16230226019829566
D2026033633,0,0,0.03949019725776738
D2026072835,1,1,0.6915203078253278
D2026010998,0,0,0.146337800694504
D2026024465,0,0,0.05973882636396413
D2026126182,0,0,0.052598036145543946
D2026121198,0,0,0.05978200616901166
D2026016130,1,0,0.14962349560423338
D2026006180,0,0,0.09577804237948084
D2026043097,0,0,0.12005563315665993
D2026089349,0,0,0.13848698243858265
D2026053759,0,0,0.07950334569588215
D2026135146,0,0,0.08576216796917158
D2026135020,0,0,0.15761607671526712
D2026006665,0,0,0.06029507680784119
D2026084063,0,0,0.03275924251943176
D2026074608,0,0,0.06287597404547955
D2026107527,1,0,0.3456605911103748
D2026087553,0,0,0.08553062016023398
D2026137912,0,0,0.1081952947848542
D2026113304,1,0,0.4785697271051158
D2026065275,0,0,0.0694828491331618
D2026067682,0,0,0.06704549440258105
D2026113161,0,0,0.10527508390207932
D2026060615,0,0,0.0374230261625442
D2026120268,0,0,0.09420946566507758
D2026045797,0,0,0.029972280744528748
D2026021963,0,0,0.15822554618446036
D2026107708,0,1,0.5480880176569695
D2026070602,0,0,0.054302511731776595
D2026025026,0,0,0.4614394539985961
D2026072552,1,0,0.12470262133017111
D2026035387,1,0,0.36438677956273713
D2026048151,0,0,0.04392807847383533
D2026002595,0,0,0.038414990633238014
D2026115901,0,0,0.09369127369127174
D2026098574,0,1,0.5208317715745525
D2026125873,0,0,0.050717657411953575
D2026034404,0,0,0.057038257205693825
D2026023715,0,0,0.042406388192747065
D2026085146,0,0,0.064189588398887
D2026068506,1,0,0.2636256208710208
D2026053927,0,0,0.06755548674104035
D2026018272,0,0,0.06164203864567125
D2026059815,0,0,0.12615393682262546
D2026127575,0,0,0.08908346227738921
D2026037705,0,0,0.03387862665909002
D2026064682,1,1,0.7648325283388621
D2026040067,0,0,0.06621800067192006
D2026024763,0,0,0.06211136087134345
D2026008654,0,0,0.14367179243795453
D2026148539,0,0,0.0850637259018477
D2026081677,0,0,0.16545200879819855
D2026125629,0,0,0.1253890335371226
D2026126177,0,0,0.08244456738673717
D2026096911,1,1,0.8988379520349127
D2026105264,0,0,0.08440914123790386
D2026124170,1,0,0.39051109211482843
D2026040456,0,0,0.07539985120940935
D2026149758,0,0,0.057858746687487826
D2026020133,0,0,0.16189679754058783
D2026017155,0,0,0.048549425056844515
D2026060227,1,0,0.07383302832118172
D2026099366,1,0,0.4173913619812901
D2026066913,0,0,0.04124596419169041
D2026102170,1,0,0.3185524861099638
D2026123122,0,0,0.08563199365742673
D2026034263,0,0,0.07636045582365876
D2026085684,0,0,0.08733840673441202
D2026013358,0,0,0.0961342201007089
D2026056250,0,0,0.09402983975325342
D2026127338,0,0,0.09695967411244687
D2026121004,0,0,0.06404104709542206
D2026095307,0,0,0.09173225840596921
D2026006260,0,0,0.4191112691272339
D2026006801,0,0,0.031539581477884014
D2026098230,0,0,0.08926103266235161
D2026066333,0,0,0.057592987966471464
D2026103818,1,1,0.5690085825590108
D2026038743,0,0,0.10272872456217204
D2026093027,1,1,0.8130678020713973
D2026040739,1,1,0.9495867790883115
D2026066899,0,0,0.07191754171566736
D2026142955,0,0,0.035416617178985206
D2026142111,0,0,0.12465561116223393
D2026034846,0,0,0.1125759252387198
D2026056624,0,0,0.03288509050600532
D2026015678,0,0,0.07644448790729383
D2026118598,0,0,0.0010704360543230447
D2026128241,0,0,0.04312575344439906
D2026112696,1,0,0.22944693841718736
D2026096576,0,0,0.10081814312842037
D2026089428,0,0,0.049936448779942064
D2026057511,0,0,0.09560030104688887
D2026102500,0,0,0.08385559992067358
D2026102234,0,0,0.08626638021844067
D2026081232,0,0,0.0725920599540013
D2026090550,0,1,0.8496700642498621
D2026060731,0,0,0.09396505001033237
D2026114993,0,0,0.15994765702567748
D2026073820,0,0,0.0841655960453816
D2026004018,0,1,0.7127569771479333
D2026000783,0,0,0.062432710736301446
D2026013289,1,0,0.2657879823011535
D2026129428,1,0,0.47335841934702594
D2026145426,0,0,0.05859005783663495
D2026036898,0,0,0.09656990590440165
D2026112416,0,0,0.0676308581718611
D2026133322,1,0,0.3858920653715714
D2026027392,0,0,0.04916488257242287
D2026086264,0,0,0.023072936371456198
D2026122435,0,0,0.09776826586396395
D2026112049,0,0,0.0912672816996518
D2026073318,0,0,0.09222147580723385
D2026051270,0,0,0.056879223542725364
D2026022421,0,0,0.030467620184470797
D2026142612,0,0,0.1152436190312565
D2026064111,0,0,0.049039923296595726
D2026077206,0,0,0.11460581269700906
D2026012255,0,0,0.11374838298603049
D2026076657,1,0,0.3375253040405109
D2026084251,0,0,0.08096889513188471
D2026125759,1,0,0.2141124910413316
D2026071705,0,0,0.06184762764909342
D2026016604,0,0,0.10624833666560686
D2026118932,0,0,0.10186067748847116
D2026083123,0,0,0.05207037942510528
D2026079624,0,0,0.05947119827049889
D2026033332,0,0,0.034817678985094136
D2026106755,0,0,0.03649780153090296
D2026105053,0,0,0.0728263868189608
D2026018181,0,0,0.10751977471787101
D2026037244,0,0,0.10418932118645648
D2026007550,0,0,0.03179325294275301
D2026074544,0,0,0.10255264774869635
D2026009116,0,0,0.1586642081408832
D2026094290,1,0,0.08933627167775322
D2026146239,0,0,0.0612116329657383
D2026003379,0,0,0.0819341428028378
D2026081705,0,0,0.04578485228516797
D2026056302,0,0,0.04444115780254974
D2026092933,0,0,0.05410605047062207
D2026102891,0,0,0.06865146923010092
D2026024392,1,0,0.04896014680014008
D2026051017,0,0,0.16321045799135925
D2026082392,0,0,0.053420124382424765
D2026049380,0,0,0.15014750966277
D2026083228,0,0,0.4497447133099101
D2026071880,0,0,0.4037280186449943
D2026031593,1,0,0.12742740129779692
D2026043289,0,0,0.086897506829409
D2026090455,0,0,0.043000922739988554
D2026052484,0,0,0.1007766054284955
D2026031011,0,0,0.03240941991013105
D2026101834,0,0,0.08962151800262254
D2026042516,0,0,0.2533285277682144
D2026011402,1,0,0.10438694681435783
D2026112559,0,0,0.15161426468102362
D2026119091,0,0,0.07496380763453443
D2026052619,0,0,0.07169696309030266
D2026015781,1,0,0.39057598948013683
D2026046329,0,0,0.14439286100086546
D2026027733,0,0,0.09187214005522007
D2026021035,0,0,0.1061742391352229
D2026059753,0,0,0.1815468184511501
D2026037019,0,0,0.10874484814969178
D2026104307,0,0,0.042738714940831285
D2026091522,1,1,0.9093319990756259
D2026095502,0,0,0.10122577930537563
D2026101381,0,0,0.3724837018941148
D2026038828,0,0,0.0505840391525752
D2026061719,0,0,0.1376774071684435
D2026047869,0,0,0.10009550872673934
D2026027316,0,0,0.06774421652673483
D2026102065,0,0,0.23478883420858046
D2026118188,0,0,0.14397618302982895
D2026027479,1,0,0.27651546455513315
D2026124988,0,0,0.06491029766214285
D2026005024,0,0,0.09021347815785317
D2026023306,0,0,0.18543728028715334
D2026021906,0,0,0.07322662938165407
D2026063959,0,0,0.3333130151397975
D2026022231,0,0,0.2321229099220325
D2026107961,0,0,0.07418390397965935
D2026122052,0,0,0.1274621182810042
D2026061270,0,0,0.0621696767420673
D2026008953,0,0,0.37368876414457336
D2026018875,0,0,0.13275959177429528
D2026071178,0,0,0.033597088364443035
D2026007827,0,0,0.09321893413195952
D2026139304,0,0,0.08774388101520544
D2026010052,0,0,0.06946529463164058
D2026049854,0,0,0.0659344793693968
D2026071056,0,0,0.08367313139006569
D2026115794,0,0,0.11591055251409155
D2026103475,0,0,0.15387488744215
D2026131129,0,0,0.09676243421996604
D2026144394,0,0,0.06010713590115289
D2026120743,0,0,0.05939204886907796
D2026082023,0,0,0.07118620200605964
D2026023936,0,0,0.20680178319690762
D2026113521,0,0,0.06236529479921237
D2026079974,0,0,0.07367082495339855
D2026052100,1,0,0.4158669046877099
D2026094617,0,0,0.07239962229695684
D2026047064,0,0,0.06764734495860163
D2026037849,1,0,0.10447558040554213
D2026077587,0,0,0.14783254918408364
D2026130988,0,0,0.0972410958546591
D2026123488,0,0,0.07917294216655095
D2026113570,0,0,0.32853336516788906
D2026142965,0,0,0.04622492108875237
D2026045959,0,0,0.0529632717297333
D2026066246,0,0,0.042773206239674386
D2026116118,0,0,0.1287690095430651
D2026077111,0,0,0.035251308837645906
D2026109506,0,0,0.10211579745635554
D2026116563,1,0,0.2648974703301485
D2026026837,0,0,0.12078354751200357
D2026042533,0,0,0.08479607221990039
D2026052761,0,0,0.0691583332325437
D2026125699,0,0,0.18537882113344326
D2026129997,0,0,0.0972168177081052
D2026000011,0,0,0.051156541412428994
D2026094121,0,0,0.13056365947432275
D2026147265,0,0,0.03844500483882847
D2026110987,0,0,0.06939618011988824
D2026092285,0,0,0.1878397270134272
D2026015758,0,0,0.024023427948631035
D2026112251,0,0,0.03381789629349354
D2026033695,0,0,0.16599353784145263
D2026052700,0,0,0.0932510670459027
D2026020878,0,0,0.25500341117366015
D2026106485,0,0,0.0674242376881502
D2026143063,0,0,0.07380996040784135
D2026021175,0,0,0.06805943351773629
D2026008898,0,0,0.0723911959676606
D2026103450,0,0,0.10426900732674889
D2026012476,0,0,0.16221473867168337
D2026142231,0,0,0.05540441226973831
D2026070352,0,0,0.17565627594844385
D2026038005,0,0,0.02755486767759959
D2026073946,0,0,0.04241538281059186
D2026131584,0,0,0.06610925844667216
D2026131221,0,0,0.09033622122721131
D2026026661,0,0,0.10553932216041746
D2026081769,0,0,0.12248421254805027
D2026027006,1,0,0.0904085228263188
D2026032439,1,0,0.3005982166468769
D2026142178,0,0,0.05331031355255979
D2026142412,0,0,0.09084281037163688
D2026028784,0,0,0.058299297721726526
D2026132129,1,0,0.09360075432830413
D2026109636,1,0,0.10226943909518323
D2026037011,0,0,0.12653343191071287
D2026070646,0,0,0.1287880574385141
D2026017345,0,0,0.07310260033810329
D2026058137,0,0,0.13853650995120628
D2026075792,0,0,0.12085549678753026
D2026038377,0,0,0.08248852341550558
D2026013831,0,0,0.07452055636060802
D2026094198,0,0,0.041810550037851224
D2026069741,0,0,0.0789282539748112
D2026041630,0,0,0.03560618341276433
D2026137829,0,0,0.109483769718001
D2026086473,1,0,0.3013588667816183
D2026005729,0,0,0.10745949925859703
D2026027055,0,0,0.03226374909707291
D2026004407,0,0,0.058970363940990894
D2026074245,0,0,0.12703675549469312
D2026128032,0,1,0.5851363843025793
D2026018011,0,0,0.05284746904762525
D2026126748,0,0,0.0575310590268392
D2026025330,0,0,0.09339812516666297
D2026068827,0,1,0.6287728763496412
D2026069098,0,1,0.7460923718980209
D2026149609,0,0,0.1896845209177973
D2026095188,0,0,0.117151277355859
D2026114745,0,0,0.06351364033410171
D2026124759,0,0,0.04350254432699857
D2026053573,0,0,0.06422764977410973
D2026016318,0,0,0.21705792535621538
D2026056557,0,0,0.09387539468862359
D2026134968,0,0,0.04916897273693209
D2026033040,0,0,0.08459155016157784
D2026050210,1,1,0.8233072676038786
D2026104197,0,0,0.030586282903713135
D2026100021,0,0,0.03434141583586824
D2026012723,0,0,0.07978956765153124
D2026054520,0,0,0.048525117877403975
D2026122574,0,0,0.0075321780826887695
D2026096344,1,1,0.5910032209675768
D2026023678,0,0,0.04887083950878423
D2026146333,0,0,0.08865307134010583
D2026149447,0,0,0.11628210596057827
D2026039072,0,0,0.0489145019952451
D2026008935,0,0,0.09247010595925806
D2026118692,0,1,0.8717890053400333
D2026116221,0,0,0.06236450484237515
D2026134660,0,0,0.017031749490882583
D2026104379,0,0,0.16740036876378803
D2026081168,0,0,0.0731817089347506
D2026093141,0,0,0.14545948764070096
D2026124895,0,0,0.08745432691877583
D2026056905,0,0,0.05046482035152613
D2026063741,0,0,0.04423804372694545
D2026087420,1,1,0.9093873807026365
D2026018860,1,0,0.39716975120973697
D2026036329,0,0,0.020474127402094946
D2026088457,0,0,0.08763726105199128
D2026142263,0,0,0.10207803066736848
D2026020467,1,0,0.16748031555964027
D2026023100,0,0,0.2312064953185974
D2026101917,1,1,0.8431878464330552
D2026148579,0,0,0.07480024090246062
D2026135979,0,0,0.10240100451820393
D2026097891,1,0,0.06114160244850643
D2026060582,0,0,0.15809077662216597
D2026134984,0,0,0.044242014417008264
D2026147769,0,0,0.18230092299770012
D2026117643,0,0,0.08864063281710893
D2026000640,0,0,0.16532004902147854
D2026016811,0,0,0.33730649529243617
D2026036797,0,0,0.06748731915236195
D2026069457,0,0,0.0726888683237535
D2026054744,0,0,0.047026669218819275
D2026111888,1,0,0.28186261339273627
D2026041493,0,0,0.03595822490711248
D2026084919,0,0,0.058076254602056884
D2026004615,0,0,0.11036500548860095
D2026113012,0,0,0.057707429062555035
D2026069183,0,0,0.07548548830170235
D2026128211,0,0,0.021729419843351257
D2026127005,0,0,0.06081622615152842
D2026044591,0,0,0.07838698154456952
D2026121534,0,0,0.08867414736250802
D2026094360,0,0,0.05543281044639268
D2026038016,1,1,0.6381939848638675
D2026140213,0,0,0.10062250854979633
D2026081437,0,0,0.043169343921447716
D2026053332,0,0,0.1228349884071747
D2026068795,0,0,0.09444566086538579
D2026085317,1,1,0.8987262453424572
D2026127506,0,0,0.11639484370779327
D2026051135,0,0,0.022037494825267814
D2026078522,0,0,0.08729302096826135
D2026086008,0,0,0.07015876057995415
D2026054346,0,0,0.09553397334434692
D2026083020,0,0,0.06026548795708582
D2026003785,0,0,0.04585109775603229
D2026134292,0,0,0.10030515003613662
D2026001448,1,1,0.5337138622753403
D2026006595,0,0,0.03298794060422505
D2026055593,0,0,0.08074729488236493
D2026135713,0,0,0.053186520045178536
D2026001198,0,0,0.050164393978928384
D2026080046,1,1,0.895228745642816
D2026051089,0,0,0.1306217128132453
D2026119350,0,0,0.3646116363794443
D2026113145,0,0,0.07365848095433053
D2026109361,0,0,0.13419546709429833
D2026031304,0,0,0.05466172911708975
D2026036856,0,0,0.07755863293325961
D2026135837,0,0,0.06735964445154034
D2026063063,0,0,0.10735462791022342
D2026114948,0,0,0.0944607033303538
D2026092858,0,0,0.03445322080400842
D2026131319,0,0,0.10842238452492625
D2026148662,1,0,0.10126678566336504
D2026048482,0,0,0.1351869601505716
D2026034325,0,0,0.08369604032154956
D2026075955,0,0,0.08009801821480642
D2026140561,0,0,0.15000698398424378
D2026016161,0,0,0.05843592751223113
D2026100683,0,0,0.04776340903916415
D2026085286,0,0,0.07502619654690301
D2026087119,0,0,0.08965595111062173
D2026001990,0,0,0.06411079713315081
D2026084688,1,0,0.2858124900863609
D2026091944,1,1,0.9058154194538033
D2026034601,0,0,0.06023558526844987
D2026127718,0,0,0.09866107108916308
D2026034840,0,0,0.10201520786135268
D2026149266,1,1,0.9561415549333011
D2026099425,0,0,0.10033469622742092
D2026081971,0,0,0.25506467774894914
D2026008406,0,0,0.024269772877100103
D2026040518,0,1,0.8374588061797665
D2026018508,0,0,0.11517832352160937
D2026092200,1,1,0.8701760366241346
D2026008090,1,0,0.07695490381941668
D2026053519,0,0,0.08828385453822706
D2026132447,1,0,0.13321663156507293
D2026064574,0,0,0.09895890400549535
D2026112236,0,0,0.14677276370365017
D2026137518,0,0,0.1730276830369709
D2026023707,0,0,0.1322698187896784
D2026108907,0,0,0.029261453708530966
D2026000119,0,0,0.07605865279248483
D2026134759,0,0,0.04739640878345681
D2026148843,0,0,0.22579670833673493
D2026027931,0,0,0.08948117973354669
D2026070800,0,0,0.11479243825462428
D2026132072,0,0,0.06984363366202465
D2026036376,0,0,0.04274411849246822
D2026113855,0,0,0.04512648969219301
D2026084847,0,0,0.10746239819570295
D2026097512,0,0,0.08404728232008349
D2026043625,0,0,0.26695243391193574
D2026025480,0,0,0.14726774175544688
D2026084224,0,1,0.6476645431151541
D2026083423,0,0,0.10856609742821062
D2026123243,0,0,0.07129455910310886
D2026140138,0,0,0.09626650589294398
D2026002317,0,0,0.042174970433603895
D2026062079,0,0,0.08922566673651802
D2026118999,0,0,0.09931274905445624
D2026133236,0,0,0.07601790885608967
D2026005123,0,0,0.04760073321985673
D2026094694,1,0,0.4453539134848723
D2026042653,0,0,0.037680953238548434
D2026035207,0,0,0.05614720516245208
D2026016196,0,0,0.0980246654474656
D2026115727,0,0,0.10998057119459655
D2026055622,0,0,0.11979024281380186
D2026093380,0,0,0.035399124620496526
D2026062293,0,0,0.07814315212953508
D2026129602,0,0,0.11983475679970554
D2026071976,0,0,0.05988937066152621
D2026112195,0,0,0.06629594577680273
D2026136304,1,1,0.9948970654505501
D2026119664,0,0,0.05873100149999561
D2026083419,1,0,0.08626785687444238
D2026080228,0,0,0.059244295607756334
D2026096885,0,0,0.16016325869047204
D2026104592,0,0,0.04833825566456544
D2026058724,0,0,0.15945107628210262
D2026051031,0,0,0.10496407385608335
D2026109714,0,0,0.08328463851683557
D2026084526,0,0,0.11354571317069101
D2026060370,0,1,0.9996128249966526
D2026060273,0,0,0.0558989610416597
D2026079736,0,0,0.4576225599513927
D2026118431,0,0,0.06376994603999035
D2026099732,1,1,0.9208788371201153
D2026082442,1,0,0.2499918666546938
D2026030614,0,0,0.04726347211137658
D2026013446,0,0,0.05873770636599822
D2026041355,1,0,0.005050745506993737
D2026133469,0,0,0.14513395625599823
D2026058128,0,0,0.06410917412864342
D2026039304,0,1,0.7479995332964502
D2026118689,0,0,0.10928868802041299
D2026138793,0,0,0.06230087943453901
D2026089573,1,0,0.11818700283139945
D2026108433,0,0,0.05383629995133132
D2026041869,0,0,0.12051599089376386
D2026015329,0,0,0.131937279305102
D2026147616,0,0,0.08441694510191176
D2026051003,0,0,0.04415903019102935
D2026059086,0,0,0.037695037594823205
D2026037376,0,0,0.051390156295012916
D2026047956,0,0,0.20929611331552042
D2026147588,0,0,0.0709662516773201
D2026132422,0,0,0.11262175327706414
D2026053432,0,0,0.12734205602053375
D2026120786,0,0,0.11851669885117785
D2026142444,0,0,0.06525103236065669
D2026040895,0,0,0.2573628091828136
D2026128985,0,0,0.04861641320371073
D2026117775,0,0,0.044847083194756054
D2026103977,1,1,0.5815339225354165
D2026077706,0,0,0.09552372074181274
D2026098967,0,0,0.060618635457363845
D2026020401,0,0,0.08344608596877115
D2026091799,1,0,0.3416003800891793
D2026115339,0,0,0.042016236414278194
D2026118028,0,0,0.12981813624101554
D2026107933,0,0,0.1112878953696051
D2026118830,0,0,0.10399793963294503
D2026048277,0,0,0.06024303559160024
D2026042563,1,0,0.3284599536650904
D2026050131,0,0,0.07575620220454281
D2026105744,0,0,0.06638346343764288
D2026062648,0,0,0.0770555580518087
D2026048680,0,0,0.057198998957129585
D2026014366,0,0,0.07314939529765574
D2026027967,1,0,0.351793841398052
D2026019669,0,0,0.07387434946435359
D2026108233,1,0,0.22809207473016227
D2026010207,0,0,0.06832202814751867
D2026105535,0,0,0.21290326248958222
D2026085516,0,0,0.08256981329021816
D2026096094,0,0,0.08141438863132487
D2026131907,0,0,0.059833497983501065
D2026031496,0,0,0.047532914620413015
D2026136456,0,0,0.06438599534705831
D2026078552,1,0,0.4697885535570487
D2026069612,1,0,0.24834048876102813
D2026047743,0,0,0.12561665757179072
D2026101562,1,0,0.32369861582241183
D2026020266,0,1,0.6806395802566453
D2026013324,0,0,0.0735440986238991
D2026097643,0,1,0.8483455079331425
D2026004866,0,0,0.09739455988168638
D2026116531,1,0,0.11054684044633756
D2026093156,0,0,0.08834243214829585
D2026148629,0,0,0.0697182486572784
D2026040760,0,0,0.030939122962219723
D2026113059,0,0,0.06235087106688092
D2026023772,1,0,0.06020790413812451
D2026123117,0,0,0.04102198903730781
D2026097308,0,0,0.09349196046549213
D2026098084,0,0,0.03206868989691641
D2026034104,0,0,0.03640385285609982
D2026110334,0,0,0.05692123075244526
D2026059302,0,0,0.08585947086484398
D2026015740,0,0,0.10560894842113938
D2026067392,0,0,0.04656888560760981
D2026118954,0,0,0.06365580811015567
D2026023119,0,0,0.07052023590185794
D2026086846,0,0,0.14698117820542606
D2026058092,0,0,0.1439398816049243
D2026143665,0,0,0.1287455531436939
D2026078789,0,0,0.10391388348989526
D2026147571,0,0,0.15983773932870302
D2026145973,0,0,0.05859016407243935
D2026084050,1,0,0.07356599897414264
D2026065961,0,0,0.07086327718540929
D2026149380,0,0,0.12827120033864217
D2026008837,0,0,0.12326411556493178
D2026053762,0,0,0.08720275101308583
D2026029224,0,0,0.048338111573519575
D2026018416,0,0,0.05914217651458126
D2026076464,0,0,0.10563272335949539
D2026119161,0,0,0.07388992934396227
D2026035661,0,0,0.16708087654463913
D2026084657,0,1,0.7246619620458418
D2026008127,0,0,0.09798781003734701
D2026029707,0,0,0.05704916077174417
D2026102128,0,0,0.08476331260159597
D2026099116,0,0,0.16473121937886878
D2026124784,0,0,0.0391530123510161
D2026101865,0,0,0.08701586757940676
D2026146175,0,0,0.4760870592252732
D2026078819,0,0,0.14311256781427714
D2026050084,1,0,0.10014502731237598
D2026005220,0,0,0.1573099623908833
D2026064114,0,0,0.046546737862428154
D2026125998,1,1,0.7044577203216199
D2026020772,0,0,0.044039810256400004
D2026006707,0,0,0.020546949740902116
D2026107736,0,0,0.3719881399511242
D2026126887,0,0,0.047620498232345924
D2026059258,0,0,0.14364929927368908
D2026037577,1,1,0.5900790229143534
D2026112096,0,0,0.12607897819790573
D2026130130,1,1,0.513915331346237
D2026139895,0,0,0.05618869765355761
D2026137348,0,0,0.17927025276114206
D2026116918,0,0,0.0967210844920234
D2026121464,0,0,0.049837047077274606
D2026118663,0,0,0.07665026627895047
D2026138715,0,0,0.07294466233892204
D2026147651,0,0,0.36962604450600667
D2026072786,0,0,0.06389905587936061
D2026055047,1,0,0.3791614631365613
D2026028729,0,0,0.12101963759965723
D2026072618,0,0,0.1268088547446447
D2026095880,0,0,0.07133521345401471
D2026138477,0,0,0.09373591047091477
D2026100114,0,0,0.08746232029543884
D2026136691,0,0,0.10902952224944791
D2026002878,0,0,0.0893128749200921
D2026065302,0,0,0.12855244448853909
D2026108322,1,1,0.7927517567524561
D2026123774,0,0,0.1383642570458313
D2026125272,0,0,0.15089207102563362
D2026121201,1,0,0.10639878808338328
D2026085612,0,0,0.11463789851907742
D2026011896,0,0,0.1060187867857733
D2026022607,0,0,0.14657399516636024
D2026028873,0,0,0.05891816530363063
D2026115798,0,0,0.0416197779683984
D2026106921,1,1,0.6788721898575336
D2026147719,1,0,0.3011829851042992
D2026066038,1,1,0.6125940799469772
D2026112836,0,0,0.039523428785354295
D2026073877,0,0,0.13113424528539427
D2026111101,1,1,0.7964597304925247
D2026081715,0,0,0.07609165511454968
D2026100835,0,0,0.20241997497964617
D2026074761,0,0,0.08828918896448232
D2026067396,0,0,0.15360537533756072
D2026007252,0,0,0.07891173525838147
D2026124612,0,0,0.09626990237759336
D2026113211,0,0,0.05815647597401208
D2026101403,0,0,0.07285488730138247
D2026047948,0,0,0.35323237157802867
D2026101250,0,0,0.06865462671336421
D2026071287,1,0,0.1824778194923511
D2026130691,1,0,0.11241068460007247
D2026135682,0,0,0.06978678015136118
D2026113109,0,0,0.19305316278803739
D2026043835,1,0,0.3098138624784881
D2026065910,0,1,0.5816617511195346
D2026013980,0,0,0.468187098654142
D2026125383,0,0,0.04270252604407432
D2026099585,1,0,0.41493655109999045
D2026104096,1,0,0.23174488137663096
D2026023356,0,0,0.11807662332976379
D2026132652,1,1,0.533290209921575
D2026009724,0,0,0.08574591006533115
D2026079078,0,0,0.07412488420802747
D2026040963,1,0,0.060409137765692636
D2026147734,0,0,0.05765835529889352
D2026067438,0,0,0.07383531291489556
D2026132545,0,0,0.026820720482694224
D2026047325,0,0,0.08505741839386431
D2026083623,0,0,0.09814722911832659
D2026034219,0,0,0.024860418545193174
D2026000258,0,0,0.1020057571787697
D2026037649,0,0,0.04484928367414951
D2026000476,0,0,0.034578592001444794
D2026056025,0,0,0.17247688099399103
D2026057576,1,0,0.04062704437045877
D2026136602,0,0,0.11599956120279707
D2026082274,0,0,0.08011231636774217
D2026008246,0,0,0.13199478430506656
D2026027201,0,0,0.06501390603183596
D2026037580,0,0,0.12403011785222105
D2026053509,0,0,0.08401766186724648
D2026013504,0,0,0.08561984823983247
D2026061042,0,0,0.14867262678087786
D2026111173,0,0,0.11065785019350598
D2026093867,0,0,0.08584755853221958
D2026027556,0,0,0.06066856939932706
D2026065958,0,0,0.1011779660015739
D2026071367,0,0,0.06499612464548962
D2026057664,0,0,0.11838664818077659
D2026040323,0,0,0.028576621755121018
D2026049895,1,0,0.29270617038523167
D2026039640,0,0,0.07647709351067734
D2026108419,1,1,0.5602185729145294
D2026106891,0,0,0.06791695374854075
D2026143122,1,1,0.9642020214214838
D2026006519,0,0,0.06496477870077076
D2026024688,0,0,0.08384596037554173
D2026067706,0,0,0.11898424041585151
D2026135799,0,1,0.9247011810968634
D2026100728,0,0,0.11771920015323961
D2026048240,0,0,0.07995434530044218
D2026071904,0,0,0.30595432002500034
D2026087965,0,0,0.07330744770379752
D2026131814,0,0,0.12291444800157586
D2026026849,0,0,0.10728852574588947
D2026045758,0,0,0.08712629646264478
D2026038019,0,0,0.04768777245596302
D2026026148,0,0,0.07858872133783544
D2026125443,0,0,0.04505332672081065
D2026092244,0,0,0.03822982565213275
D2026143594,0,1,0.7174287180711056
D2026143423,0,0,0.08992830144666168
D2026064162,0,0,0.06670592712532109
D2026056109,1,0,0.3694968052058579
D2026056321,0,0,0.15565474688777314
D2026075269,1,1,0.5894794226762731
D2026008910,0,0,0.07829917175506379
D2026046903,0,1,0.6256664240475039
D2026038439,0,0,0.060982673707424336
D2026033481,0,0,0.10023656040709923
D2026145516,0,0,0.0753972144172922
D2026020906,0,0,0.0897764794988128
D2026113053,0,0,0.09340886306627086
D2026082825,0,0,0.0001422028192472077
D2026007401,0,0,0.1253572790697943
D2026044179,0,0,0.13353432448298466
D2026130975,0,0,0.04486965738260634
D2026081526,1,0,0.283878230427968
D2026011133,0,0,0.18921026902662688
D2026144769,0,0,0.06364906501464292
D2026059067,0,0,0.0927318373579775
D2026147659,1,0,0.10678847425545869
D2026029425,0,0,0.04113925302672477
D2026125189,0,0,0.03272041567720347
D2026044948,1,0,0.08907406554512604
D2026051455,0,0,0.05524587557908445
D2026085716,1,1,0.7635533897677291
D2026045776,0,0,0.06343761176689845
D2026126922,0,0,0.07436102929976349
D2026037299,1,0,0.0379337747452132
D2026003449,1,0,0.27244114392057145
D2026118684,0,0,0.46496783489891363
D2026107195,0,0,0.09593118546794313
D2026010606,0,0,0.03386647753494659
D2026020647,0,1,0.8243101097067468
D2026017248,0,0,0.048093646987931934
D2026049172,0,0,0.08344314876384422
D2026005542,0,0,0.08224521939872713
D2026055784,0,0,0.10500106218067548
D2026081878,1,0,0.07915354702872616
D2026044240,0,0,0.07542817610297746
D2026089941,0,0,0.043614272959857654
D2026109439,0,0,0.11883712826367139
D2026118068,0,0,0.16584592719965324
D2026138746,0,0,0.03641208610163278
D2026113385,0,0,0.03654728729788206
D2026124569,0,0,0.0430264038830392
D2026129311,0,0,0.06928708712553637
D2026097444,0,0,0.06186747328156189
D2026026933,0,0,0.05957554809618554
D2026057828,1,0,0.25695517482459096
D2026024481,1,0,0.04727816356362883
D2026070472,0,1,0.551117890529747
D2026094502,1,0,0.2559782194835821
D2026127871,0,0,0.07761560877498618
D2026092835,0,0,0.07370341395502054
D2026077265,1,0,0.24607379597022197
D2026147429,0,0,0.4569723728508619
D2026044145,0,0,0.05952908993644558
D2026092943,0,0,0.08522872758489539
D2026061344,1,0,0.08883850756028955
D2026147286,0,0,0.2543705115180143
D2026134022,0,0,0.06359988759499641
D2026112200,0,0,0.0874035699716854
D2026034598,0,0,0.041128556598148146
D2026062222,0,0,0.07868476167099242
D2026089915,0,0,0.05152058101776455
D2026102866,1,0,0.09013400471313181
D2026010343,0,0,0.09597820256502236
D2026026636,0,1,0.5307815017065702
D2026105646,0,0,0.11780675971158247
D2026074502,0,0,0.09115186905267247
D2026086078,0,0,0.2253943136727034
D2026090446,0,0,0.09575537454252755
D2026007209,0,0,0.05344364179620447
D2026024504,0,0,0.17867634070387187
D2026037793,0,0,0.06522718384273377
D2026061206,1,0,0.3033423909416607
D2026068731,0,0,0.11054142133263173
D2026120718,1,0,0.22034748038798357
D2026007618,0,0,0.1578649587091515
D2026018083,0,0,0.07772505501087497
D2026006203,0,0,0.05169788747610451
D2026097509,1,1,0.5466919806657768
D2026125976,1,1,0.6934590550399582
D2026138965,1,0,0.3586260303853951
D2026052746,0,0,0.10317330566918674
D2026008257,0,0,0.11330204203547262
D2026050644,1,1,0.9913669728547196
D2026040007,0,0,0.06450343043300812
D2026046151,0,0,0.23179183646072302
D2026130353,0,0,0.10221463455253577
D2026106305,0,0,0.1356583702986607
D2026073149,0,0,0.09703426450520641
D2026091479,0,0,0.07962476656977242
D2026045632,0,0,0.08542169339582369
D2026032909,0,0,0.3264294200540061
D2026134654,0,0,0.05571514870238096
D2026040632,0,0,0.1283421224810472
D2026087346,0,0,0.057376931796603255
D2026133334,0,0,0.05559439077278349
D2026094745,0,0,0.0963948677750501
D2026028208,0,0,0.30070303643034463
D2026117919,0,0,0.11247787714179834
D2026103359,0,0,0.0725534424610701
D2026046149,0,0,0.14865095357559083
D2026069372,0,0,0.07780110255605564
D2026108319,0,0,0.048868422716529136
D2026143784,0,0,0.06553555170968205
D2026094948,1,1,0.7810680621717345
D2026002922,0,0,0.1042568236533459
D2026014659,0,1,0.7067246786360517
D2026039512,0,0,0.1016705273790763
D2026108048,1,0,0.22615423091430267
D2026001238,0,0,0.1040784910313129
D2026130322,0,0,0.35710635480864306
D2026004304,0,0,0.061986358914520624
D2026115010,0,0,0.07152624115186478
D2026110952,0,0,0.0735428931122129
D2026068534,0,0,0.3353528813886605
D2026096570,0,0,0.07311114302803419
D2026037084,0,0,0.05146606747340385
D2026014979,1,0,0.07145381367973894
D2026001131,0,0,0.16607669765418362
D2026131060,0,0,0.06372582687622494
D2026139763,0,0,0.08996654201313094
D2026096207,1,0,0.21382030629016371
D2026077823,0,0,0.12146189103880974
D2026000016,0,0,0.07337886777763337
D2026045446,0,0,0.052405316791297944
D2026114408,0,0,0.06844516415054908
D2026047608,0,0,0.04253454485213299
D2026123289,1,0,0.24145156864333348
D2026045149,0,0,0.027700470165145527
D2026100481,0,0,0.07430394058831317
D2026040849,0,0,0.09423088548250583
D2026119356,0,0,0.0903746894075725
D2026021577,0,0,0.09857886485527718
D2026047565,0,0,0.3760082971247797
D2026076621,1,0,0.24228224139982543
D2026064693,0,0,0.0805736199682131
D2026087461,0,0,0.11752974218920885
D2026095752,0,0,0.06978355791517207
D2026058408,1,0,0.24405307582337651
D2026082557,0,0,0.057027507394262156
D2026030156,0,0,0.043262356790916535
D2026110131,1,0,0.11113151348304917
D2026018460,0,0,0.045625259412745485
D2026126702,0,0,0.06959728008209372
D2026141709,1,0,0.19782737069067505
D2026045069,0,0,0.08112387358706775
D2026149300,0,0,0.05666926654788639
D2026017603,1,0,0.23681214900569758
D2026007162,0,0,0.08324773382918571
D2026062228,0,0,0.15850847186485392
D2026014660,1,0,0.3590894485590712
D2026040084,0,0,0.08171859234380441
D2026110618,0,0,0.08965249848658811
D2026147945,0,0,0.03881054853610268
D2026025695,0,0,0.006310046149483227
D2026142475,0,0,0.07741036510781932
D2026113645,0,0,0.21237428211629614
D2026069123,0,0,0.09154868725934509
D2026056929,0,0,0.08240055348465279
D2026044171,0,0,0.06066862786497207
D2026144111,0,0,0.0313601129936742
D2026137499,1,0,0.397373261028732
D2026123662,0,0,0.11343072484586102
D2026015418,0,0,0.12701636177531653
D2026031033,0,0,0.07896948577721152
D2026122467,0,0,0.048359990629707875
D2026007427,0,0,0.09706132846631549
D2026128734,0,0,0.009588642330899533
D2026067604,0,0,0.05014871558809316
D2026021181,0,0,0.37081537226021183
D2026137603,1,0,0.30472672116383603
D2026038507,0,0,0.1326976158788523
D2026105701,0,0,0.09490327957508175
D2026033258,1,0,0.12666391469691393
D2026109020,0,0,0.09776217472365459
D2026055564,0,0,0.061450915005685065
D2026039581,0,0,0.07846843477466277
D2026047950,0,0,0.06031312832764883
D2026128833,0,0,0.27732376904343714
D2026112250,0,0,0.036949270174923665
D2026041831,0,0,0.06032770934232346
D2026022527,0,0,0.3021314108727521
D2026016201,0,0,0.047980203771318744
D2026081274,0,0,0.12275584754699731
D2026046671,0,0,0.12036773846655505
D2026077427,0,0,0.020218888620359213
D2026121811,0,0,0.08002277952955959
D2026062460,0,0,0.05171958924828119
D2026099811,1,0,0.19425049784848758
D2026149553,0,0,0.07685140191685304
D2026048167,0,1,0.5318573618779445
D2026095471,0,0,0.0436291324129106
D2026012462,0,0,0.03892943094656853
D2026003219,0,0,0.3569002487954577
D2026093753,0,0,0.12294581569177675
D2026032419,1,1,0.7452018326564018
D2026147250,0,0,0.0691895036948001
D2026064116,0,0,0.1350607788546121
D2026100075,0,0,0.10111108997894908
D2026050204,1,0,0.4669180999600952
D2026017712,0,0,0.05578671697894089
D2026031634,0,0,0.11424664810352783
D2026035755,0,0,0.12511539389835852
D2026118198,0,0,0.059462112046331714
D2026139163,0,0,0.06860944508540429
D2026117252,0,0,0.08870914039466013
D2026131331,0,0,0.0654833328722984
D2026069091,0,0,0.07831218665774964
D2026084656,1,0,0.4010077366063304
D2026088069,0,0,0.4173984902982133
D2026011244,0,0,0.06995647264983144
D2026044400,1,0,0.06370923909572691
D2026087818,0,0,0.2343264052486661
D2026107525,0,0,0.11864472847212212
D2026109300,0,0,0.06800034776893377
D2026117826,0,0,0.07388978849280879
D2026121483,0,0,0.11224352518921464
D2026126309,1,0,0.14759496837910233
D2026046547,0,0,0.12183962954701436
D2026133337,0,0,0.0766072958229413
D2026021117,0,0,0.042191624953381586
D2026125910,0,0,0.07925078393691289
D2026065825,0,0,0.07079275052065029
D2026014687,0,0,0.07463653212013478
D2026080818,0,0,0.08579028531243289
D2026101732,0,0,0.13561334574943656
D2026020845,0,0,0.1394200342308219
D2026013015,0,0,0.173579988951365
D2026023510,0,0,0.08408528166263189
D2026014599,1,0,0.44631586976594584
D2026140163,0,0,0.061835975973699
D2026048125,0,0,0.06385052653578549
D2026065638,0,0,0.15092029926636874
D2026128891,0,0,0.060153080316543574
D2026063287,1,1,0.5602209109953545
D2026071407,1,0,0.34251534877364986
D2026095115,0,0,0.11936604643106725
D2026113460,0,0,0.11189928221024154
D2026054726,0,0,0.08689799673086733
D2026109532,0,0,0.08547439858888962
D2026033751,1,0,0.41068549961276896
D2026135084,0,0,0.0843594525991235
D2026043647,1,0,0.40312279893467406
D2026022245,0,0,0.05930125144120116
D2026149378,0,0,0.07450490083673558
D2026076832,1,0,0.47575333779190837
D2026066635,0,0,0.09931963765223684
D2026002794,0,0,0.09074201636653478
D2026141440,0,0,0.10526813655900101
D2026034342,0,0,0.04990423316207258
D2026124655,0,0,0.10351321025844008
D2026062290,0,0,0.08108071161948947
D2026107138,0,0,0.04148234866538708
D2026020202,0,0,0.04829402620967567
D2026104380,0,0,0.09164487324333666
D2026120173,0,0,0.054201879567475256
D2026000978,0,0,0.1557815519407075
D2026017942,0,0,0.07655826635715862
D2026132803,0,0,0.0284327511114344
D2026049296,0,0,0.04316615255903967
D2026088705,1,0,0.3441811419332451
D2026091295,1,1,0.797167793362747
D2026032160,0,0,0.07389043371123799
D2026103229,0,0,0.16308014789391997
D2026076962,0,0,0.07985714737094354
D2026136289,0,0,0.13023449823641026
D2026111188,0,0,0.14907331736552668
D2026011374,0,0,0.06618167145435169
D2026045144,0,0,0.09638599536869728
D2026091682,0,0,0.04763327135527487
D2026110938,0,0,0.0760770207930703
D2026142168,0,0,0.07685196069994985
D2026125102,0,0,0.0348808243471985
D2026069215,0,0,0.05980895786484966
D2026045090,0,0,0.11528489295060336
D2026031530,1,0,0.26938058905476925
D2026059937,0,0,0.12446904551648554
D2026005621,1,0,0.08537548479834446
D2026000077,0,0,0.08970335889422808
D2026053389,0,0,0.09917115945857365
D2026144582,0,0,0.13357178100588984
D2026098331,0,0,0.10657561573202404
D2026118187,1,1,0.6566375691792548
D2026046437,0,0,0.14819648587871154
D2026072246,0,0,0.13162341702230915
D2026051684,0,0,0.09542510641789788
D2026095004,0,0,0.17995391606849237
D2026145564,0,0,0.12749036073365075
D2026096798,0,0,0.2820060487962194
D2026027433,0,0,0.04177468525784984
D2026011230,0,0,0.04115227927913696
D2026016857,0,0,0.08036313688492802
D2026109596,0,0,0.05054672835499337
D2026000867,0,0,0.05862870204642029
D2026088644,0,0,0.07677817257541555
D2026086576,0,0,0.06726821852382939
D2026029189,0,0,0.11079594116001155
D2026053921,0,0,0.03576907575577469
D2026038162,1,0,0.24861240127399117
D2026106108,0,0,0.0648945704692682
D2026060374,0,0,0.06399862143342995
D2026012637,0,0,0.0611347228199596
D2026054897,0,0,0.0662803442168874
D2026013267,0,0,0.07031971340892237
D2026143746,0,0,0.14998078903784243
D2026008080,0,0,0.022951096795027007
D2026037493,0,0,0.11580640863255584
D2026078548,0,0,0.08324869985868155
D2026009710,0,0,0.0927139308246613
D2026051319,0,0,0.06870427312532487
D2026103530,0,0,0.14535048964268693
D2026108596,1,0,0.4761400050287724
D2026010254,1,0,0.3333501011541472
D2026088957,0,0,0.04873135532071629
D2026114079,0,0,0.13834309541479278
D2026019825,1,0,0.04825596544577488
D2026103063,0,0,0.0743922811502122
D2026000429,0,0,0.07133360084757663
D2026046810,1,0,0.4761600398134569
D2026012601,0,0,0.09638731043838675
D2026018635,1,1,0.9771057890016746
D2026126052,1,0,0.25677203147318783
D2026021714,0,0,0.11057867086293988
D2026088212,0,0,0.0946319084790531
D2026022250,0,0,0.041654062662045716
D2026120876,0,0,0.053819573686428056
D2026116415,0,0,0.16250217448703214
D2026091485,0,0,0.04738739617874548
D2026014519,1,1,0.8164099053223155
D2026125480,0,0,0.07684085439010761
D2026146895,0,0,0.10982206445544024
D2026148568,0,0,0.4615455091279277
D2026054551,0,0,0.09420115730964146
D2026100421,0,0,0.14055910624672568
D2026066546,0,0,0.06410776129462678
D2026127299,0,0,0.25231445423472443
D2026141274,0,0,0.15275319224534992
D2026053410,0,0,0.11601394479797457
D2026119015,0,0,0.017963138237514834
D2026128538,0,0,0.05081329497491209
D2026074979,0,0,0.05620301743747852
D2026006588,0,0,0.22626359422131925
D2026108022,1,0,0.35598392071800633
D2026145788,0,0,0.09179921123616197
D2026076711,0,0,0.12575579113733235
D2026118342,0,0,0.47618615157936883
D2026091551,0,0,0.045528713909490565
D2026085509,1,0,0.318281687895037
D2026087321,0,0,0.17330887404821074
D2026002593,0,0,0.06784204747030832
D2026093733,0,0,0.07636608818594935
D2026124541,0,0,0.13406073380581615
D2026107829,0,0,0.10057783311558648
D2026048676,1,0,0.08837386719011694
D2026058701,0,0,0.028215343746485183
D2026078186,0,0,0.11135425493315317
D2026087056,1,1,0.5960195558961088
D2026130191,0,0,0.09631707820425288
D2026083405,0,0,0.07757131056307709
D2026149024,0,0,0.11188442774716661
D2026050728,0,0,0.10792744110331501
D2026038196,1,0,0.1989697561957672
D2026074672,0,0,0.13006748691655867
D2026140179,0,0,0.045621978260516644
D2026143365,1,0,0.2773537279809339
D2026121033,0,0,0.11261483382430719
D2026093599,0,0,0.054448536212338326
D2026021732,0,0,0.04954012562576243
D2026104800,0,0,0.08664715779958523
D2026080276,0,0,0.08917022716000583
D2026032264,1,0,0.2671741420243724
D2026041173,0,0,0.13587619979942317
D2026037522,0,0,0.12706620676390004
D2026084809,1,0,0.17813963263937704
D2026061626,1,0,0.48915951375804656
D2026129590,0,0,0.06711037793548107
D2026010854,0,0,0.13008584139993293
D2026049284,0,0,0.07627452341867638
D2026029698,1,0,0.419986455049359
D2026064617,0,0,0.09358226318289334
D2026046199,0,0,0.05589084606445877
D2026002796,1,0,0.44514743937525586
D2026011468,1,0,0.282071046810093
D2026127124,0,0,0.04495984667870622
D2026124854,0,0,0.03239098723273605
D2026093379,0,0,0.07800640109001031
D2026028994,0,0,0.06107889258730174
D2026030749,0,0,0.11457394845266371
D2026090645,0,0,0.1580057906487896
D2026099881,0,0,0.08980100295883342
D2026065724,0,0,0.1146003229800714
D2026145483,1,0,0.49414824670503826
D2026108816,0,0,0.07309065018222949
D2026067431,0,0,0.06380508808836355
D2026148143,1,0,0.16274272716343954
D2026125664,0,0,0.156972643170957
D2026113736,1,0,0.12275435512451274
D2026072634,0,0,0.11768155719118283
D2026079049,0,0,0.08167837668237236
D2026020535,0,0,0.09555545448231055
D2026006318,0,1,0.9278937824913496
D2026119958,0,0,0.0721638466173221
D2026057379,0,0,0.07596499642245055
D2026097870,0,0,0.08025399342758287
D2026046167,1,0,0.0868365569758022
D2026067895,0,0,0.04843179640700653
D2026044985,0,0,0.05823256556596055
D2026005675,0,0,0.10618011296851523
D2026064351,1,0,0.45521283008817975
D2026149187,0,0,0.03784996285946479
D2026040030,0,0,0.06568143510439743
D2026032518,0,0,0.05608186744981203
D2026108794,1,0,0.15756253219274308
D2026050738,0,0,0.19331259922759458
D2026039856,1,0,0.11044508047772887
D2026133320,0,0,0.0544768801571679
D2026031351,0,0,0.06615173849980725
D2026015213,0,0,0.07494158538981503
D2026076294,0,0,0.04419754558401018
D2026071893,1,1,0.5847144657014205
D2026051235,0,0,0.0470979179926565
D2026049948,0,0,0.13876043591139048
D2026125740,0,0,0.08180292655393688
D2026023722,1,0,0.18656371181674644
D2026031581,0,0,0.06035019587363215
D2026093978,1,0,0.30968333770909034
D2026006622,0,0,0.17581602431963922
D2026094504,0,0,0.08346094267457897
D2026039375,0,0,0.14030430149684425
D2026136648,0,0,0.08462718107736152
D2026126528,0,0,0.07607666012424767
D2026001768,0,0,0.030465363191310293
D2026055850,0,0,0.1156418674545237
D2026023613,1,0,0.09152522325608492
D2026030273,0,0,0.11182675561261113
D2026134968,0,0,0.04916897273693209
D2026138147,0,0,0.1265827547840254
D2026110730,0,0,0.4022277347798555
D2026079415,0,0,0.14891914438587808
D2026086548,0,0,0.052738105235544064
D2026001236,0,0,0.07441945420274028
D2026070804,1,0,0.08922027336875453
D2026052191,0,0,0.07515880165520734
D2026017693,0,0,0.12355083099607224
D2026119938,0,0,0.09270490435496104
D2026002067,0,0,0.07694023368405081
D2026027948,1,1,0.9811283199369171
D2026139890,0,0,0.05172363766088802
D2026090659,1,0,0.3592815627526927
D2026076256,0,0,0.09292594555885754
D2026038211,0,0,0.07957347540775479
D2026082972,0,0,0.14111989661085067
D2026055293,0,0,0.0669711171762088
D2026135948,0,0,0.08425207470127057
D2026043226,0,0,0.09857968912307254
D2026142927,0,0,0.07875065898225772
D2026092293,0,0,0.11571132721002327
D2026098322,0,0,0.05330748875459333
D2026041326,0,0,0.07534195217492473
D2026052728,0,0,0.0636515514210083
D2026017622,0,0,0.07899674532207049
D2026123944,1,0,0.058292928471928684
D2026039088,0,0,0.07161783792745346
D2026046789,0,0,0.04557691503882777
D2026032151,0,0,0.15146300222094924
D2026129829,0,0,0.1191984220550825
D2026064274,1,1,0.5536153982215252
D2026096404,0,0,0.09041454727712044
D2026056240,0,0,0.09369582982687889
D2026073726,0,0,0.06167040481395427
D2026063378,0,0,0.13954200148271384
D2026133070,0,0,0.05560653996104823
D2026110110,0,0,0.116266363016675
D2026142632,1,0,0.19316068277918186
D2026102103,0,0,0.11909490284622454
D2026010773,0,1,0.6924476411915881
D2026058906,0,0,0.036779868585244437
D2026086287,0,0,0.1557608737353888
D2026078539,1,0,0.06086990650944355
D2026138659,0,0,0.12194142060933343
D2026032563,0,0,0.0484793661644418
D2026062537,0,0,0.04683613921665905
D2026118985,0,0,0.10304787486042381
D2026102806,1,1,0.5907403596266455
D2026061303,0,0,0.10286319381654378
D2026018604,0,0,0.052646657910373824
D2026092162,0,1,0.6409167530961943
D2026054830,0,0,0.05085520077610747
D2026028770,1,0,0.48832589073369537
D2026112030,0,0,0.11576584430990774
D2026135078,0,0,0.3796170001301078
D2026004279,0,0,0.08381193803591398
D2026024477,0,0,0.12065434653879333
D2026067103,0,0,0.14683967538155476
D2026072701,0,0,0.0456271901830818
D2026125297,1,1,0.664938256625912
D2026083130,1,0,0.34282380197623563
D2026001231,0,0,0.1065874267173108
D2026098521,1,0,0.2514364032246023
D2026062240,0,0,0.06362675548100828
D2026054295,0,0,0.07668345566451
D2026056806,1,1,0.543410725194042
D2026072195,0,0,0.08642223782415756
D2026014424,0,0,0.07015302260649357
D2026033709,0,0,0.10201695096303795
D2026057212,0,0,0.06952092755404592
D2026140623,0,0,0.07858765995259266
D2026066512,0,0,0.1326887042428365
D2026143888,0,0,0.12891386848631944
D2026057548,0,0,0.0781450387162927
D2026055345,1,0,0.05537514771796849
D2026074157,0,0,0.14204025107431645
D2026029266,0,0,0.11373547250739531
D2026093029,0,0,0.0661701673132525
D2026149493,0,0,0.07940742037430516
D2026046771,0,0,0.07692982204440066
D2026108369,0,0,0.0948940422019136
D2026118103,0,0,0.03187077559648777
D2026073760,0,0,0.08952390794659293
D2026081542,0,0,0.04854985562942713
D2026095442,0,0,0.09480858486315454
D2026018958,0,0,0.11889941855081369
D2026113588,0,0,0.04846890062597207
D2026103981,0,0,0.14523840780923078
D2026099350,0,0,0.16635346547431334
D2026072691,0,0,0.03850306195859963
D2026045780,0,0,0.12511029604082918
D2026035999,0,0,0.09679534299803504
D2026111984,0,0,0.05541371459032101
D2026128138,0,0,0.107357773642083
D2026015741,0,0,0.05670443919814264
D2026027015,0,0,0.0852383247126687
D2026137705,0,0,0.08020188143361644
D2026056899,0,0,0.06927512210869555
D2026032415,0,0,0.10727295383728622
D2026016692,0,0,0.03234632147305097
D2026028738,0,0,0.0530541490456589
D2026129226,1,1,0.9707412348119164
D2026010159,0,0,0.12836621116169522
D2026110885,0,0,0.21221567903445784
D2026140784,0,0,0.11238565905742595
D2026060917,1,0,0.04329762373141274
D2026110645,0,0,0.06346077067770868
D2026047823,0,0,0.1037459803208931
D2026082942,0,0,0.11404210111742291
D2026104429,0,0,0.06091911155025546
D2026032925,0,0,0.07708456460769135
D2026035378,0,0,0.05200523228045847
D2026117659,0,0,0.11617891171623046
D2026125199,0,0,0.07811797607002342
D2026047736,0,0,0.44991746348414713
D2026084091,0,0,0.20136131375663008
D2026041947,0,0,0.05482655771383776
D2026134295,0,1,0.9507712360652112
D2026117318,0,0,0.03862393203252332
D2026102708,0,0,0.07453325084284403
D2026035181,0,0,0.3422321514943427
D2026078083,0,0,0.06199582887924115
D2026075160,0,0,0.03042601075656711
D2026111907,0,0,0.03243320100618353
D2026121379,0,0,0.056996055557720825
D2026048173,0,0,0.04998891917303579
D2026073010,0,0,0.08453852881339768
D2026069408,1,1,0.5343451961369575
D2026050586,0,0,0.09673013465016939
D2026056904,0,0,0.05923007347790157
D2026146589,0,0,0.15323530741011887
D2026005361,1,0,0.09818921190027236
D2026010725,0,0,0.08297044754875788
D2026090018,0,0,0.07328766278501378
D2026091254,0,0,0.07545714745612175
D2026015789,0,1,0.506778247737712
D2026116022,0,0,0.06169736775438981
D2026046543,0,0,0.07026200437617319
D2026095191,0,0,0.1448747196364515
D2026092024,0,0,0.07481403842525886
D2026112706,0,0,0.06432598250471679
D2026121369,0,0,0.07918262529729142
D2026147442,0,0,0.06269904612956981
D2026086586,0,0,0.1526037443586267
D2026140956,0,0,0.08902340084395613
D2026002678,0,0,0.1177657002032921
D2026004011,0,0,0.12575451601924068
D2026117401,0,0,0.09934950692524563
D2026050709,0,0,0.03768325271137234
D2026063560,0,0,0.04717910171262213
D2026035097,0,0,0.11184273582809968
D2026026076,1,0,0.014141524029943153
D2026051622,0,0,0.36150183071450165
D2026054319,0,0,0.15169986892352894
D2026052243,1,0,0.37806019372203137
D2026127485,0,0,0.09666937359492692
D2026015537,0,0,0.0916629148041485
D2026043527,0,0,0.06159899542491479
D2026087231,1,0,0.35818075688065704
D2026142154,1,0,0.1260508384249209
D2026141496,0,0,0.057229225176650994
D2026027160,1,0,0.28359249138236026
D2026019808,1,1,0.7247561399963484
D2026118261,0,0,0.10874611138885351
D2026138787,0,0,0.09289059699551369
D2026113236,1,0,0.3777602557377824
D2026060864,0,0,0.08267252238209137
D2026030492,0,0,0.0471677916098779
D2026133586,0,0,0.014829458682106212
D2026108665,1,0,0.1080235980405341
D2026064926,0,0,0.04901964478365632
D2026109549,0,0,0.15606091517079218
D2026131320,0,0,0.11314029566082749
D2026100814,0,0,0.066167094066977
D2026017561,0,0,0.074367496400003
D2026033253,0,0,0.023478300615404624
D2026110477,0,0,0.044974955138891784
D2026023496,0,0,0.4309226138806355
D2026081904,0,0,0.05549605316884771
D2026044397,0,0,0.15292280275050232
D2026004856,0,0,0.03323024286098534
D2026089514,1,0,0.12058268587243101
D2026131886,0,0,0.08447208328559287
D2026018475,0,0,0.07811664511488448
D2026027084,0,0,0.21554881388084468
D2026084795,1,1,0.9642502632765013
D2026051934,0,0,0.08284728310629917
D2026037185,0,0,0.1378955550597778
D2026057903,0,0,0.061143648530664195
D2026138210,0,0,0.03878839650173624
D2026135717,0,0,0.08227351395376603
D2026122036,0,0,0.0743847578232424
D2026149539,0,1,0.5390006947418929
D2026004689,0,0,0.10718515063493733
D2026068886,0,0,0.11624014797235083
D2026126224,0,0,0.2656990745832287
D2026114835,0,0,0.14733675046008704
D2026114474,0,0,0.09989077452516472
D2026022910,0,0,0.05080405608426493
D2026018799,0,0,0.1306786178072112
D2026018906,0,0,0.053316088159969466
D2026045136,0,0,0.07255774625333195
D2026100133,1,0,0.07129449243385233
D2026025302,0,0,0.048196714720159295
D2026008707,0,0,0.06666036276727329
D2026017521,0,0,0.12132181184611361
D2026083707,1,0,0.12280043097143083
D2026014816,0,0,0.011132931035571647
D2026084345,0,0,0.2058948913074502
D2026004123,0,0,0.055524348724591596
D2026063067,1,1,0.9238715532540317
D2026076881,0,0,0.05664922503515902
D2026015962,1,1,0.5978452989682878
D2026122506,0,0,0.03158951134996407
D2026107080,0,0,0.08708851016104972
D2026044609,0,0,0.052424730348419074
D2026021109,0,0,0.03896288921477156
D2026068241,1,1,0.9840613448186669
D2026104703,0,0,0.09160179191904316
D2026082893,0,0,0.11028642086151627
D2026004930,0,0,0.0643863769629014
D2026037482,0,0,0.13333629923882695
D2026011324,0,0,0.06758712334618797
D2026090560,0,0,0.2251315726352718
D2026038234,1,0,0.3888446131089616
D2026134694,0,0,0.05749974576190568
D2026077616,0,0,0.052379926423392446
D2026088092,0,0,0.06365659698100949
D2026038971,0,0,0.06941069747334662
D2026000665,0,0,0.04714301178574374
D2026123296,0,0,0.060440847022192656
D2026032789,0,0,0.14679965347738483
D2026031225,0,0,0.004925285007370464
D2026082592,0,0,0.061957666275200704
D2026110881,0,0,0.13338842264576592
D2026017978,0,0,0.12652918618211978
D2026090082,1,0,0.09610456909303847
D2026117852,0,0,0.09971470887433781
D2026092093,0,0,0.09423239108214515
D2026080253,0,0,0.19928246979105574
D2026064754,0,0,0.058095314252649
D2026130693,0,0,0.06251676539666601
D2026007718,0,0,0.1513864231370289
D2026110889,0,0,0.04071147829664782
D2026069509,0,1,0.5722673206993139
D2026056652,0,0,0.11739749536600591
D2026067430,1,0,0.4658486655592091
D2026131453,0,0,0.09005276173032639
D2026004022,0,0,0.10180164618870352
D2026138481,0,0,0.06274204677870743
D2026103449,0,0,0.03815627452588444
D2026086034,1,0,0.06122623345285943
D2026045989,0,0,0.04969858947397466
D2026113567,1,1,0.5428261295933163
D2026023934,0,0,0.08667627546930036
D2026021276,0,0,0.49005247317684936
D2026121378,0,0,0.10322922526212493
D2026132858,0,0,0.11484041874773468
D2026127457,0,0,0.10454383163415056
D2026116302,0,0,0.04953799243945998
D2026124132,1,0,0.2974450010353641
D2026036370,0,0,0.044092329849936086
D2026001877,0,0,0.22285694163170966
D2026092277,0,0,0.09624069912558007
D2026021065,0,0,0.06743783102918267
D2026057561,0,0,0.4228946389552091
D2026147733,0,0,0.08240344442299008
D2026139635,1,1,0.6676205568700362
D2026050954,0,0,0.19516187956554837
D2026125952,0,0,0.11990568941199817
D2026011041,0,0,0.06024816205889091
D2026069967,0,0,0.11200190971745377
D2026120410,0,0,0.4352623929211149
D2026007460,0,0,0.10331211409015777
D2026136394,0,0,0.04192113234519925
D2026096667,0,0,0.1970202259385206
D2026055469,0,0,0.23660109659209785
D2026078075,0,0,0.022905334245251444
D2026089407,0,0,0.05313314871866953
D2026035765,0,0,0.08254831566677288
D2026036882,0,0,0.08956307316881311
D2026067614,0,0,0.07347776921018272
D2026048454,0,0,0.04626423817688867
D2026030491,0,0,0.07218313688861586
D2026012207,0,0,0.022472641670526247
D2026038097,0,0,0.07988820138377617
D2026068216,0,0,0.10320164670838491
D2026002031,0,0,0.1095906968633984
D2026113610,1,0,0.18511005212869658
D2026046656,0,0,0.05404704807652893
D2026023945,0,0,0.11295595794356272
D2026016774,0,0,0.10388104509546124
D2026123892,0,0,0.041310451065415636
D2026141811,1,1,0.6610767265151278
D2026032166,0,0,0.10135122015852722
D2026138537,0,0,0.08466667666242739
D2026093142,0,0,0.05211141160742856
D2026110078,0,0,0.1557213196751274
D2026059689,0,0,0.1779741486197727
D2026013717,0,0,0.09854745343672973
D2026037103,0,0,0.060602095895684424
D2026087750,0,0,0.05783360246468172
D2026018992,1,1,0.8325857304481958
D2026101443,0,0,0.04524646782632995
D2026017577,0,0,0.14378139660108447
D2026145381,1,0,0.10698506017115458
D2026058706,0,0,0.05937300843247406
D2026017947,0,0,0.06563258870661634
D2026126076,0,0,0.08041328099148841
D2026039661,0,0,0.0932630342464227
D2026134915,0,0,0.03920008360391523
D2026128777,0,0,0.271338868850087
D2026149874,0,0,0.07666786295021942
D2026124258,0,0,0.0752403944681912
D2026071048,0,0,0.047420540931731384
D2026013141,0,0,0.0773175084639677
D2026095644,0,0,0.09025479059038036
D2026005532,0,0,0.07164871933711335
D2026094669,1,0,0.3728887237886313
D2026125474,0,0,0.09972028031070797
D2026106839,0,0,0.06630419214041891
D2026132474,0,0,0.10287336474239758
D2026027813,0,0,0.115161312430743
D2026098568,0,0,0.08237311021792731
D2026008464,0,0,0.09642101679019409
D2026109995,0,0,0.12196449159700186
D2026148313,1,0,0.2791047440357254
D2026094150,0,0,0.08733360243226385
D2026097774,0,0,0.06887515859047491
D2026034189,0,0,0.09002319307461851
D2026042387,1,1,0.6062879991558691
D2026018490,0,0,0.0864017991311312
D2026137596,0,0,0.0464624500375662
D2026120076,0,0,0.06112117589704914
D2026128191,0,0,0.035292213126554194
D2026055351,0,0,0.10732932489231786
D2026057845,0,0,0.11123658872309018
D2026016396,0,0,0.12204492137514483
D2026125344,0,0,0.23822026687781384
D2026049952,0,0,0.0810073657010091
D2026031190,0,0,0.07710514688310012
D2026027576,0,0,0.12103348291344192
D2026016741,1,0,0.39608509246164314
D2026105025,0,0,0.10610931515745406
D2026136237,0,0,0.3744229756210379
D2026019787,0,0,0.09120516090723084
D2026129690,0,0,0.03272760778017044
D2026010136,0,0,0.050573744506475185
D2026042811,0,0,0.06680730997365651
D2026101173,0,0,0.04782144156063983
D2026140409,0,0,0.09631200816207139
D2026144595,1,1,0.9267327508091154
D2026035558,0,0,0.04497152590630599
D2026143098,0,0,0.07424451589408816
D2026057643,0,0,0.052507721900588666
D2026132900,0,0,0.07581234195128711
D2026033428,0,0,0.08917986210259451
D2026005643,0,0,0.05080425170836063
D2026139153,1,0,0.16092209066915697
D2026020571,0,0,0.15401185517317836
D2026016205,0,0,0.11661732376983198
D2026079732,0,0,0.04832342662248368
D2026131959,0,0,0.04274277191515462
D2026036824,1,0,0.3281087110777123
D2026147224,0,0,0.09714421264036525
D2026016405,0,0,0.11493165183373122
D2026140352,0,0,0.10573741695367593
D2026025253,0,0,0.05415529808267556
D2026029720,0,0,0.13082704803741219
D2026058896,0,1,0.5959898781986678
D2026135329,1,0,0.10998239470348009
D2026007449,0,0,0.16899083271150833
D2026069886,0,0,0.09910079991343687
D2026085808,0,0,0.04684625065382067
D2026071884,1,1,0.7101747155633339
D2026038846,0,0,0.07560092110009822
D2026029887,0,0,0.07770518022559368
D2026017723,0,0,0.11210379941055158
D2026112446,0,0,0.0783049112096628
D2026043500,0,0,0.21797335955799949
D2026066519,0,0,0.05206029383117568
D2026049567,0,0,0.08607859440475715
D2026117721,0,0,0.08351422381726675
D2026121877,0,0,0.0736216563288146
D2026036654,0,0,0.07438261240536018
D2026050414,0,0,0.039556141519005425
D2026057869,0,0,0.2125314926146625
D2026011713,0,0,0.014429621729168448
D2026148165,0,0,0.05815385113109918
D2026123162,0,0,0.030696067370981545
D2026010791,0,0,0.12073180320920587
D2026028500,0,0,0.08981783325024727
D2026045864,1,1,0.5513578302710129
D2026068690,1,0,0.44195636150790424
D2026056658,1,1,0.8447395693820008
D2026019641,0,0,0.10633649542588612
D2026099805,1,1,0.8838429473007293
D2026144834,0,0,0.0466891210146664
D2026065040,0,0,0.06684124639084717
D2026139000,0,0,0.06191108110062883
D2026002853,0,0,0.031208133070904646
D2026038361,1,0,0.06556831709154212
D2026027352,0,0,0.07756557214257062
D2026034565,0,0,0.13241244935291774
D2026014860,0,0,0.16871125624859376
D2026144965,0,0,0.10970195816126331
D2026112897,0,0,0.15589939396139418
D2026103062,0,0,0.13525166950538298
D2026098794,0,0,0.0846223741530442
D2026064976,0,0,0.09482854953884258
D2026001438,0,0,0.04299008542736564
D2026051024,0,0,0.09083663158227824
D2026002068,0,0,0.046145006995888214
D2026103038,0,0,0.13892186925437966
D2026126882,0,0,0.0765100573837896
D2026094240,1,0,0.27100104493042754
D2026036276,0,0,0.08080162793862077
D2026047149,0,0,0.07609435523580771
D2026013855,0,0,0.08098326401276346
D2026107178,1,0,0.22615559482749029
D2026025011,0,0,0.09359948602395098
D2026028368,0,0,0.07751851462343905
D2026143526,0,0,0.06109490238782624
D2026133938,0,0,0.1194822310362304
D2026107685,0,0,0.08045968738524993
D2026149430,0,0,0.08629773128395661
D2026126779,0,0,0.06808613568671797
D2026114496,0,0,0.0459207273151726
D2026007382,0,0,0.0692942581370423
D2026060196,0,0,0.07183101619914588
D2026002699,0,0,0.153099484421525
D2026125205,0,0,0.05810134299036235
D2026112193,0,0,0.07781036977025557
D2026084691,1,0,0.29799353963809455
D2026076544,0,0,0.08043790100338455
D2026116642,0,0,0.08356511826000683
D2026106573,0,0,0.15170395819978902
D2026009459,1,0,0.1717795719773095
D2026106227,0,1,0.5318388159333293
D2026086177,0,0,0.14768176550400183
D2026039897,0,0,0.10860666930394373
D2026083588,0,0,0.3585776954980195
D2026138503,1,0,0.210612876776328
D2026103984,0,0,0.031501206292291424
D2026047326,0,0,0.07670347324568182
D2026013491,0,0,0.09759909812901198
D2026032708,0,0,0.07647994390399078
D2026088806,0,0,0.035491500697869806
D2026065502,0,0,0.05157759692287065
D2026058632,1,1,0.8441786096791586
D2026088106,1,0,0.17865816022739045
D2026145263,0,0,0.17912228095633978
D2026085600,0,0,0.14325738534748955
D2026100019,0,0,0.06615995199230341
D2026027871,0,0,0.10232857990790256
D2026092837,0,0,0.024533673395858806
D2026071859,0,0,0.1028828817363684
D2026015798,0,0,0.10793662054105906
D2026046417,0,0,0.07716099685498702
D2026108083,0,0,0.13267331061027737
D2026117489,0,0,0.08733182688011026
D2026118485,0,0,0.06748454355692173
D2026018566,0,0,0.07586195114442713
D2026135253,0,0,0.07032301227509304
D2026063759,0,0,0.3076031659299673
D2026033955,1,0,0.12780194490362234
D2026134243,0,0,0.07810043415118041
D2026060919,1,0,0.09899666640177446
D2026117670,0,0,0.05629544555257521
D2026073167,0,0,0.027422764495580353
D2026012434,0,0,0.0516845801331599
D2026026631,0,0,0.07321325438611255
D2026085686,0,1,0.9998463510752909
D2026099526,0,0,0.08355755502846794
D2026014005,0,0,0.0701404804758923
D2026097063,0,0,0.1498617302096368
D2026027421,0,0,0.02267534875443734
D2026137984,0,0,0.0595971731902834
D2026016221,0,0,0.07777642873878111
D2026148072,0,0,0.09239291498528322
D2026054455,0,0,0.07370643824815967
D2026043623,0,0,0.15173708016783452
D2026052671,0,0,0.19519270937132013
D2026140883,0,0,0.11236198203715482
D2026103513,1,0,0.28805246469051937
D2026012290,0,0,0.001209674277097176
D2026043700,0,0,0.10724569948424516
D2026108972,0,0,0.07197739209296103
D2026142515,0,0,0.13236020529735285
D2026102122,0,0,0.20779455685804696
D2026035931,0,0,0.49050941129293224
D2026068849,0,0,0.042391958048288055
D2026113221,0,0,0.09611289543992722
D2026006736,0,0,0.13352542325990882
D2026006021,0,0,0.05216833795643998
D2026028249,0,0,0.4104174349644322
D2026038962,1,1,0.78467148027718
D2026133851,0,0,0.003128888259663775
D2026105983,1,1,0.9984391564197935
D2026117930,0,0,0.10041686659587723
D2026057527,0,0,0.12944872668846602
D2026079480,0,0,0.12302490646856157
D2026146721,0,0,0.04418133097295962
D2026127389,0,0,0.059749923986532644
D2026083666,1,1,0.641486892009326
D2026139018,0,0,0.04620577811252047
D2026066916,0,0,0.07426623295972933
D2026080755,0,0,0.24743722069769186
D2026061947,0,0,0.08842518664809695
D2026031091,0,0,0.05755721947165806
D2026029064,0,0,0.08948371459691729
D2026144137,0,0,0.2212391084471118
D2026084624,0,0,0.15643498309471074
D2026086259,0,0,0.033069602342718704
D2026133636,0,0,0.10094282102052217
D2026028226,0,0,0.11187702262923499
D2026027115,0,0,0.05794342895388958
D2026100726,1,0,0.16929586852900752
D2026087568,0,0,0.05909072011669531
D2026020622,0,0,0.07393747165038062
D2026031140,1,1,0.8069506609913483
D2026053579,0,0,0.13535752721578997
D2026125464,0,0,0.09671122376830499
D2026070664,0,0,0.051142730989305295
D2026098674,0,0,0.0694148613323965
D2026036641,1,0,0.31936337728976794
D2026105221,1,1,0.8531317569726157
D2026139495,0,0,0.07226316442804556
D2026099891,1,1,0.5432158991384446
D2026105719,0,0,0.06294222873820578
D2026015202,0,0,0.07360038620753945
D2026146202,0,0,0.2691825030406017
D2026146932,0,0,0.10362290403188573
D2026035611,0,0,0.09475500412497767
D2026065462,0,0,0.054385547016640966
D2026148220,1,0,0.37565614874330455
D2026097905,0,0,0.03827013754324884
D2026105140,1,0,0.37431711776721993
D2026109495,0,0,0.22958416725248892
D2026115274,0,0,0.08008164279749003
D2026124358,0,0,0.06051483383972471
D2026054866,1,0,0.21966970447503667
D2026142141,0,0,0.062225614263053675
D2026089165,0,0,0.06385421282070018
D2026082400,0,0,0.054766313438582376
D2026048751,0,1,0.7511180837501634
D2026124382,0,0,0.1082772398522625
D2026038732,0,0,0.04881933117798262
D2026001313,0,0,0.10745469170421104
D2026126944,1,0,0.09421193411149459
D2026108575,0,0,0.080294986575009
D2026009356,0,0,0.06983354830200156
D2026084058,1,1,0.9587676920614864
D2026092333,1,1,0.697933144301798
D2026078137,0,0,0.08943664644433333
D2026113069,0,0,0.08457286932604645
D2026038660,0,0,0.05187409071991032
D2026131908,0,0,0.016792111091212335
D2026107818,0,0,0.16642462111952785
D2026118821,0,0,0.08665335617006877
D2026009141,0,0,0.05924067595530344
D2026074159,0,0,0.1498937144671383
D2026126137,0,0,0.0919609155449161
D2026006788,0,0,0.09547298976664491
D2026052206,0,0,0.12300681573745927
D2026138635,0,0,0.13703396018230896
D2026077624,0,0,0.15758522331293867
D2026147268,0,0,0.17029151904687337
D2026019477,0,0,0.033638996409837786
D2026130727,0,0,0.12952617264392624
D2026085513,0,0,0.052802184732432006
D2026146728,1,1,0.9456106475586101
D2026013382,0,1,0.6872710892354094
D2026079873,0,0,0.185621908226552
D2026026021,0,0,0.036886235313100084
D2026064130,0,0,0.06331906491165094
D2026068271,0,0,0.04202963762515849
D2026067850,1,0,0.0915041098826518
D2026092826,0,0,0.03491330114406312
D2026063219,0,0,0.052173073538861914
D2026105359,0,0,0.12485005541475185
D2026010054,0,0,0.12242646260413945
D2026007197,0,0,0.030993504647840668
D2026123896,0,0,0.05547673348749367
D2026072977,1,1,0.6132689923908298
D2026072501,0,0,0.07473708936614637
D2026085468,1,0,0.08057797673668315
D2026102096,0,0,0.12255695597807617
D2026053055,0,0,0.09152194507794748
D2026119422,0,0,0.09695919360763074
D2026087472,0,0,0.055649841072629595
D2026052516,0,0,0.05077021794219923
D2026044730,0,0,0.1510018968162985
D2026098298,1,1,0.6005769483143795
D2026117078,0,0,0.07285618319344003
D2026055552,0,0,0.11724787451799731
D2026077027,0,1,0.5403433105368096
D2026101018,0,0,0.10387806178007541
D2026035423,0,0,0.12300726203244679
D2026105400,0,0,0.07598455071218313
D2026100872,0,0,0.04040704648061605
D2026107498,0,0,0.04536334253061968
D2026084332,0,1,0.6498691791208232
D2026059072,0,0,0.186965893222289
D2026141553,0,0,0.04343669515626179
D2026021942,0,0,0.099051259218276
D2026066979,0,0,0.08549886792566963
D2026125492,0,0,0.20801497096666294
D2026046596,0,0,0.07252811949254769
D2026050360,0,0,0.10153587871948269
D2026043846,0,0,0.1699012585762503
D2026025247,0,0,0.035689330832121585
D2026089431,0,0,0.07540695913970606
D2026147291,0,0,0.052900001608839516
D2026055663,0,0,0.06124770171579063
D2026068409,0,0,0.05147841073332105
D2026044700,0,0,0.03520138513427826
D2026058528,0,0,0.23009167244373818
D2026001214,0,0,0.038197241985888475
D2026134691,0,0,0.0306788783497354
D2026123747,0,0,0.12358754293407664
D2026054266,1,0,0.36420918638628985
D2026013609,0,0,0.06126922403276191
D2026137902,0,0,0.06474175144579544
D2026068615,0,0,0.08872018582930956
D2026026668,0,0,0.0691370998653008
D2026089412,0,0,0.06036705524327959
D2026058386,0,0,0.05655611419001235
D2026115408,0,0,0.13827133214686405
D2026138734,0,0,0.11612600537419242
D2026128141,0,0,0.05794185011701088
D2026080453,0,0,0.0745020835572239
D2026100644,0,0,0.4577743710872126
D2026120304,0,0,0.04161669356445606
D2026084751,0,0,0.10768725428192114
D2026086774,0,0,0.04434099401351808
D2026100004,1,0,0.27048651015311104
D2026148437,1,0,0.3904966133559599
D2026059994,0,1,0.5471686756829335
D2026060547,1,0,0.4753783990301191
D2026095119,0,0,0.11633428528670366
D2026018178,0,0,0.09091151673554716
D2026017781,0,0,0.0896802002631289
D2026052032,0,0,0.07820268246520212
D2026026475,0,0,0.06556148325886368
D2026046958,0,0,0.03133781764578107
D2026019945,0,0,0.043826830497888214
D2026125557,0,0,0.05369657946607596
D2026068478,0,0,0.12436027961323126
D2026040044,0,0,0.08283296745842954
D2026131293,0,0,0.12585903540945395
D2026028859,0,0,0.12272607368816028
D2026108831,1,0,0.1651686293698297
D2026030724,0,0,0.10390364797884916
D2026137311,0,0,0.06107709202961108
D2026068559,1,0,0.4392811583861295
D2026137222,0,0,0.10321740346994505
D2026077943,0,0,0.19864719014756918
D2026126918,0,0,0.12999397417039918
D2026064851,0,0,0.012470420764949273
D2026020054,0,0,0.07929092382640812
D2026077173,0,0,0.07674308956122677
D2026039403,0,0,0.11188337072784668
D2026042159,0,0,0.028849413289818906
D2026071894,0,0,0.11847592427117852
D2026090182,0,0,0.23949581780944584
D2026116374,0,0,0.043064751828627484
D2026097739,0,0,0.10083634465494637
D2026026563,0,0,0.06351190137850574
D2026101366,0,0,0.06142866749875139
D2026126020,0,0,0.043454724415307115
D2026110807,0,0,0.08042776045730599
D2026126666,1,1,0.859019850608061
D2026062465,0,0,0.09346559929945775
D2026033745,0,0,0.05182805388758379
D2026113209,0,0,0.07337272721801182
D2026037761,0,0,0.0637992896144251
D2026075511,0,0,0.09269324889735682
D2026012860,0,0,0.09900906113534584
D2026059613,0,0,0.06032002838796446
D2026061170,0,0,0.058644371788796126
D2026004352,1,0,0.3716461416510906
D2026105961,0,0,0.04456792651452888
D2026010752,0,0,0.021323693279680127
D2026075050,1,0,0.3590682114883159
D2026063997,0,0,0.05797552593835575
D2026079931,0,0,0.18435795823956938
D2026084329,1,0,0.06880034110251083
D2026078018,0,0,0.07516840434022153
D2026063674,0,0,0.1445812302394165
D2026048863,0,0,0.07218578565170611
D2026125053,0,0,0.04752704833302294
D2026092948,0,0,0.07162600467023798
D2026127109,0,0,0.07482817551156744
D2026071701,0,0,0.3468021359230031
D2026086380,0,0,0.05158699685777639
D2026040359,0,0,0.11637999915868477
D2026058376,0,0,0.09163843438184183
D2026046889,0,0,0.07969035528133767
D2026109927,0,0,0.029282779986357744
D2026093725,0,0,0.09731989602774388
D2026063808,0,0,0.1244700715216895
D2026075129,0,0,0.10731860201576737
D2026083200,0,0,0.16694124020189333
D2026124121,1,0,0.27677529811491147
D2026102490,0,0,0.12671341848047799
D2026148647,0,0,0.09239361492686264
D2026132567,0,0,0.08734308199126115
D2026074468,0,0,0.04821302347101669
D2026025818,0,0,0.07364207306673813
D2026136848,0,0,0.07262811824038086
D2026070672,0,0,0.06479304662828757
D2026147989,0,0,0.07893847816629765
D2026008053,0,0,0.40148663447443317
D2026079841,0,0,0.08897957408909594
D2026076773,1,0,0.1883694270070624
D2026107758,0,0,0.11243227095117804
D2026105376,0,0,0.059408883572572006
D2026006257,1,0,0.04402728149977191
D2026053162,0,0,0.08490096578680337
D2026114843,0,0,0.06124756466274794
D2026097806,0,0,0.04739618333732805
D2026081678,0,0,0.11581100466434996
D2026136177,0,0,0.052010261956764475
D2026126269,0,0,0.03308243747361487
D2026099922,0,0,0.0785249417556894
D2026110960,0,0,0.08003131675930922
D2026146503,0,0,0.0911002914502594
D2026109660,0,0,0.08182963139482428
D2026000105,0,0,0.11679098697457387
D2026060331,0,0,0.04728666388708875
D2026129668,0,0,0.15294770719304399
D2026119688,0,0,0.09185832562920214
D2026147339,0,0,0.06020679724304119
D2026086882,0,0,0.07067077117666126
D2026034556,0,0,0.10092736487662225
D2026043807,0,0,0.02186747101134524
D2026011730,0,0,0.49011144878528995
D2026009889,1,0,0.48400558751764233
D2026143044,1,1,0.668366542078477
D2026018412,0,0,0.10514457439929278
D2026070280,0,0,0.0775832499711991
D2026025703,0,0,0.06049927132733917
D2026123083,0,0,0.17401862651183658
D2026102902,0,0,0.02017489818119291
D2026086319,1,0,0.40237048210908155
D2026063709,0,0,0.05071905478619863
D2026006434,0,0,0.02461221747291043
D2026067947,0,0,0.07531478618574239
D2026101304,0,0,0.1530078626769831
D2026028078,0,0,0.08743705698641908
D2026042466,0,0,0.14982913161375877
D2026084582,0,0,0.0706238919745648
D2026123259,0,0,0.04833127502576083
D2026003788,0,0,0.09230213993051102
D2026012119,0,0,0.10076331431147212
D2026114587,0,0,0.043576846748097045
D2026103726,0,0,0.48279380340039896
D2026017749,0,0,0.34460660754078837
D2026084195,0,0,0.15249712898492357
D2026070736,1,0,0.3273781241523159
D2026015952,0,0,0.06618168367822726
D2026023833,0,0,0.13252480575326867
D2026100298,1,0,0.13094924892941265
D2026080653,0,0,0.02760922598972636
D2026139943,0,0,0.08106862236743602
D2026010434,0,0,0.07445090056341112
D2026053806,0,0,0.10127828359745042
D2026052345,0,0,0.03515123021222497
D2026121609,0,0,0.07422374026269024
D2026033661,1,0,0.41708463086541975
D2026139545,0,0,0.4629332188205995
D2026053021,0,0,0.0470760017598781
D2026070942,0,0,0.3149666238210125
D2026026767,0,0,0.05432078764537082
D2026073922,0,0,0.04265100255576447
D2026125351,1,0,0.4763981168573702
D2026047306,0,0,0.07087003033471424
D2026012269,0,0,0.10641967070873808
D2026014927,0,0,0.18202751941769704
D2026025363,1,0,0.28310441057033225
D2026117080,0,0,0.051172205972985566
D2026050613,0,0,0.06902348009879815
D2026033609,1,1,0.5884034140196922
D2026127518,0,0,0.060035905942428275
D2026003132,0,0,0.07666956800097767
D2026128096,0,0,0.09835633575070332
D2026132122,0,0,0.03879457292038574
D2026128767,0,0,0.04169499518948965
D2026063473,1,0,0.26719081308032877
D2026142392,0,0,0.0350208642969166
D2026106320,0,0,0.05312609233456453
D2026041088,1,0,0.23445239567142065
D2026010133,0,0,0.12499490459536089
D2026085955,0,0,0.14398836075135957
D2026045464,0,0,0.11278449373872748
D2026001535,0,0,0.07097648527405394
D2026123165,1,1,0.5858830836969317
D2026047704,0,0,0.05216317527254852
D2026040461,0,0,0.0725641657528304
D2026125021,1,0,0.07460648602119217
D2026095024,1,1,0.6388430122242236
D2026140272,0,0,0.04357164637249557
D2026022241,0,0,0.060129498535594246
D2026066551,0,0,0.07614188746468901
D2026075934,1,0,0.28153369489988256
D2026116812,0,0,0.031237826782531532
D2026009464,0,0,0.11910431945163108
D2026112173,0,0,0.23652981535585088
D2026061746,0,0,0.06674812630295167
D2026016628,1,1,0.8897318125834122
D2026007693,0,0,0.119561299294543
D2026047183,0,0,0.015609396681141698
D2026012369,0,0,0.02494878428545804
D2026014865,0,0,0.0653682409887745
D2026124242,0,0,0.09770722354572514
D2026143952,0,0,0.1009326751614348
D2026104328,0,0,0.041682494446995594
D2026080701,0,0,0.07541791188370003
D2026103561,0,1,0.6504290783840795
D2026091952,0,0,0.11781255093265801
D2026065648,0,0,0.11160151304673098
D2026019535,0,0,0.08237650162783618
D2026055556,0,0,0.050796682396655954
D2026014276,0,0,0.13185843352482854
D2026105368,0,0,0.05878891853678949
D2026114066,0,0,0.11199388155359719
D2026081425,0,0,0.18583176090570258
D2026007530,0,0,0.04517705606001329
D2026137914,0,0,0.09777959979664064
D2026112864,0,0,0.12303009169672643
D2026045338,0,0,0.04998762359264064
D2026145981,0,0,0.09706006915916578
D2026085576,0,0,0.044387696600084105
D2026117024,0,0,0.08640700437793411
D2026093387,0,0,0.05390948405742242
D2026143761,0,0,0.13447759654350472
D2026142684,0,0,0.08122543858467568
D2026091103,0,0,0.11155609791261253
D2026087115,1,0,0.05948429019248039
D2026070311,0,0,0.12299682651154846
D2026101712,0,0,0.06945860965630732
D2026085370,0,0,0.101097285408095
D2026080272,0,0,0.05948607886380122
D2026137017,0,0,0.0745791344517348
D2026087977,0,0,0.11437328866918883
D2026018581,0,0,0.04874323331086032
D2026048532,0,0,0.0778711960139603
D2026110455,0,0,0.28142926857038014
D2026111143,1,0,0.1139544436687573
D2026137617,0,0,0.08423064021712297
D2026038565,1,0,0.4421165849196456
D2026136142,0,0,0.10562060257777138
D2026024920,0,0,0.05499633017412086
D2026114431,0,0,0.03173997364021692
D2026047804,0,0,0.10508888647306609
D2026055116,0,0,0.09413840632476933
D2026119743,0,0,0.0328752786623652
D2026096944,0,0,0.13545135076593207
D2026037890,0,0,0.03192131801581766
D2026076189,0,0,0.07027629637431015
D2026098134,0,0,0.10185755120827707
D2026016956,0,0,0.04423075741453271
D2026107701,0,0,0.11416108634150295
D2026111641,0,0,0.07413771448609636
D2026005559,0,0,0.06663385377998172
D2026110545,0,1,0.7635565680115993
D2026075361,1,0,0.21991639788537556
D2026084503,0,0,0.10555035468049331
D2026065099,0,0,0.062160410772361396
D2026080235,1,1,0.9744777692166704
D2026049026,1,1,0.7274889536574551
D2026068803,0,0,0.06887616771182703
D2026126255,1,0,0.12224330276921272
D2026013938,0,0,0.10236296874786337
D2026116763,0,0,0.08847519316619304
D2026060650,0,0,0.09625120834118314
D2026058214,1,0,0.2246137148558458
D2026034457,0,0,0.05989195112654068
D2026116940,0,0,0.10385945797584725
D2026049011,0,0,0.2639502013509954
D2026097031,0,0,0.04936482426034688
D2026090434,0,0,0.3775776106491142
D2026148656,0,0,0.05022897923114791
D2026072666,0,0,0.0472516007932501
D2026053518,0,0,0.13521293394444422
D2026024873,0,0,0.07349825673139775
D2026083182,0,0,0.11779153043673317
D2026119369,0,0,0.06942346615788986
D2026028279,0,0,0.16381446207822456
D2026087188,0,0,0.078757650645513
D2026030909,0,1,0.656189543411873
D2026136948,0,0,0.10776687556306895
D2026045012,0,0,0.13899164909696418
D2026046787,0,0,0.06514303499880959
D2026016143,0,0,0.06429626986582053
D2026148055,0,0,0.09262690857770159
D2026059712,0,0,0.05539198154058463
D2026129425,0,0,0.053163285314546345
D2026025377,0,0,0.07172682065447998
D2026023567,0,0,0.034604806446564815
D2026058227,0,0,0.05051322858652092
D2026070513,0,0,0.15902294024137226
D2026116797,0,0,0.11334384773216691
D2026146111,0,0,0.05586242615529153
D2026099601,0,0,0.11841276265089361
D2026091756,0,0,0.0575542692545285
D2026048791,0,0,0.2708355195677684
D2026088487,0,0,0.07793937494191946
D2026020500,0,0,0.42540399867837736
D2026078074,0,0,0.08639852637432853
D2026146837,0,0,0.0707161945909096
D2026083166,0,0,0.2221271591856994
D2026128257,0,0,0.07059536778776698
D2026098799,1,0,0.19393960751348663
D2026027912,1,0,0.35233153913859594
D2026017807,0,0,0.13695930920611143
D2026031715,0,0,0.021349557773554653
D2026006259,0,0,0.08368263578532906
D2026110655,0,0,0.06071400605321253
D2026058768,0,0,0.06511159837771864
D2026061459,1,0,0.2541321294167115
D2026114887,0,0,0.12982019327287525
D2026113051,0,0,0.10684226401063046
D2026112491,0,0,0.07311721150679051
D2026016719,0,0,0.03862758292031814
D2026036701,0,0,0.10318115339317971
D2026102073,0,0,0.06350406115369041
D2026014828,0,0,0.09003079419080494
D2026093635,1,1,0.960910405264089
D2026045426,0,0,0.09854736849113838
D2026143992,0,0,0.05126657889493662
D2026099442,0,1,0.6286930947514662
D2026094054,1,0,0.46465482459342333
D2026064395,0,0,0.08371352045030472
D2026075688,0,0,0.1122593668227913
D2026141744,1,0,0.12636516954240817
D2026052334,0,0,0.0071775568694432
D2026025233,1,0,0.06716718493240029
D2026004465,0,0,0.12576690897357054
D2026003759,0,0,0.05693049166276486
D2026149667,0,0,0.049985985934911485
D2026003445,0,0,0.05748202130154819
D2026024040,0,1,0.6793883042383687
D2026124771,1,0,0.16995075914972319
D2026109330,0,0,0.0734438157742006
D2026099056,0,0,0.08103642293922499
D2026077137,0,1,0.9128433888180174
D2026121317,0,0,0.08285828517137517
D2026003476,0,0,0.10749763039678856
D2026020511,1,0,0.32255426605051163
D2026028699,0,0,0.056621474728747685
D2026120671,1,0,0.11983844431703747
D2026146927,0,0,0.06071569885512103
D2026044817,0,0,0.04766131629118208
D2026123492,0,0,0.07463608039429784
D2026049911,0,0,0.023989248243312927
D2026101348,0,0,0.2184171124664906
D2026082541,0,0,0.06744882395744495
D2026044293,0,0,0.04466916580169212
D2026045316,0,0,0.03657828003813324
D2026099963,1,0,0.09221242954671983
D2026027568,0,0,0.08107987545452373
D2026105078,0,0,0.04577317246839063
D2026011797,0,0,0.16297132033165046
D2026012576,0,0,0.14103693721241312
D2026134901,0,0,0.122630968383154
D2026090513,0,0,0.10353728015524397
D2026122475,0,0,0.11087722110841501
D2026110028,0,0,0.04632898465136697
D2026013095,0,0,0.07927364380897137
D2026124555,0,1,0.7747775177136219
D2026140758,0,0,0.1349935635748276
D2026027730,0,0,0.08185236384586166
D2026035849,1,1,0.9913757014668284
D2026103785,0,0,0.06934764839521623
D2026038170,1,0,0.09688547922613251
D2026146084,0,0,0.033659294244360934
D2026048502,1,1,0.9853180625021861
D2026122510,0,0,0.1401040841586345
D2026137715,0,0,0.2627722255739998
D2026137972,0,0,0.06547973220626785
D2026075466,0,0,0.12101278717377072
D2026065153,0,0,0.036559538058649116
D2026094911,1,0,0.33526191201701133
D2026024575,0,0,0.04514224736756897
D2026110483,0,0,0.06335386386259684
D2026097866,0,0,0.03270776958061198
D2026041626,0,0,0.011015413828236108
D2026029274,0,0,0.09118942140570017
D2026029314,0,0,0.09048323303615706
D2026077006,0,0,0.11465399258030534
D2026046931,0,0,0.07182029779612523
D2026033941,0,0,0.14650864660883775
D2026080129,1,0,0.08403369150970882
D2026075905,0,0,0.11098859572209067
D2026110942,0,0,0.12043065802608911
D2026003618,0,0,0.14759614891854
D2026006848,0,0,0.08717360431546127
D2026015494,0,0,0.04993646874805107
D2026111739,0,0,0.09557204151765329
D2026108384,0,0,0.09556133764872811
D2026116693,1,1,0.5280487580164333
D2026101272,0,0,0.044979394546981626
D2026119025,0,0,0.08239004724226516
D2026141589,0,0,0.06403135897539133
D2026048664,0,0,0.03250942178350058
D2026014487,1,1,0.9843538809748195
D2026042656,0,0,0.15822155909550875
D2026058253,0,0,0.1505023171785309
D2026040861,0,0,0.26525984568047833
D2026105022,1,0,0.07817899194752521
D2026057346,0,0,0.05029237643666897
D2026088218,0,0,0.4131920262602965
D2026127167,0,0,0.09884751088074838
D2026074166,0,0,0.11949497213060317
D2026002363,0,0,0.09434497651284555
D2026036700,0,0,0.10702516368618839
D2026037836,0,0,0.07020293026718447
D2026062489,0,1,0.5861695720991429
D2026023874,0,0,0.17760630542357564
D2026074225,0,0,0.1261389997687456
D2026015375,1,0,0.21526518915645615
D2026141868,0,0,0.0513551396105009
D2026141920,0,0,0.07227826096594683
D2026077367,0,0,0.08073259262969877
D2026082009,1,0,0.06870607970198807
D2026115558,0,0,0.04827172117585134
D2026062278,0,0,0.05470913210364911
D2026039041,1,0,0.21380066106371945
D2026026532,0,0,0.0460420095548307
D2026119618,0,0,0.07702975449609953
D2026102898,0,1,0.535715189017529
D2026143496,1,0,0.32443875456023674
D2026004239,0,0,0.1826020695764786
D2026098054,0,0,0.06017375874186625
D2026120324,0,0,0.0659373092483021
D2026082540,0,0,0.27457079782992827
D2026147914,1,0,0.47216160075474706
D2026055744,0,0,0.11829020651820678
D2026137939,0,0,0.09275296566158651
D2026142092,0,0,0.09284148786462613
D2026147332,0,0,0.052363891201868115
D2026086051,0,0,0.07902123695387771
D2026100827,0,0,0.08101748895847764
D2026070667,0,0,0.17254626485191465
D2026111703,0,0,0.03644481024984126
D2026050892,0,0,0.05726801692556287
D2026036825,0,0,0.070009626317211
D2026055926,0,0,0.1619353885083816
D2026117566,0,0,0.10060652764980457
D2026128740,0,0,0.12244328145964647
D2026095193,0,0,0.1257130414860052
D2026133261,0,0,0.1574722136318449
D2026003003,0,0,0.0380532567738032
D2026041959,1,1,0.9044878162003065
D2026123958,0,0,0.04782530675810007
D2026101610,0,0,0.02702432298775591
D2026087436,0,0,0.14277543390946396
D2026041537,0,0,0.05445969886097161
D2026032941,0,0,0.084914838204101
D2026136998,0,0,0.07592850147800481
D2026116407,0,0,0.1250193763824767
D2026042310,0,0,0.04505578353252721
D2026105191,1,1,0.6475118165284957
D2026060027,0,0,0.0689468600550734
D2026118136,0,0,0.11616100524875984
D2026053694,0,0,0.06244009048444199
D2026065114,1,0,0.10443691784045583
D2026148801,0,0,0.0616268642026925
D2026127102,0,0,0.0618179435849062
D2026073420,0,0,0.10772937717273869
D2026093439,0,0,0.0199338977275777
D2026100807,0,0,0.1587404480470007
D2026036574,0,0,0.10483938577635205
D2026139170,0,0,0.16893051556665797
D2026041246,0,0,0.11356899359047277
D2026019544,1,1,0.8863114698667135
D2026110576,0,0,0.04454667913098045
D2026008510,0,0,0.10864686863242831
D2026018401,0,0,0.07767011107312467
D2026005627,0,0,0.047833216554012334
D2026030839,0,0,0.4720144484002753
D2026074572,0,0,0.047039801530640135
D2026004033,1,1,0.9595656393269997
D2026126683,0,0,0.03321240262212266
D2026109889,0,0,0.09604588627743743
D2026047813,0,0,0.13180241346266333
D2026064281,0,0,0.1382653139020192
D2026140766,0,0,0.13900037108992322
D2026075872,0,0,0.08780428273081614
D2026144259,0,0,0.04853582910513166
D2026114601,1,0,0.4696189576020435
D2026042828,0,0,0.1385522388961663
D2026108692,0,0,0.056932445253098124
D2026099441,0,0,0.09884589047804977
D2026098786,0,0,0.29282469593349747
D2026076686,0,0,0.04949128507638347
D2026046923,0,0,0.10080952069012378
D2026022970,0,0,0.09820765115713456
D2026020052,0,0,0.16410007193128112
D2026034922,0,0,0.07667228742171618
D2026039977,0,0,0.10499562162407389
D2026008548,0,0,0.11077657574946916
D2026116201,1,1,0.5166050961234271
D2026062760,0,0,0.09511875707278485
D2026119232,0,0,0.09811536857968435
D2026124944,0,0,0.08902479643023854
D2026115044,1,0,0.09867755258688574
D2026048251,1,0,0.07561214758538462
D2026103117,0,0,0.027242340299514126
D2026042993,0,0,0.09189293525597668
D2026044432,0,0,0.05791683320141734
D2026065869,1,1,0.7037933053113997
D2026095474,0,1,0.74940845260607
D2026144891,0,0,0.05560684222148803
D2026070986,0,0,0.15949851098291012
D2026120569,0,0,0.05119523142903062
D2026020151,0,0,0.07269938477868444
D2026061312,0,0,0.06566088807045552
D2026058809,0,0,0.05181014945189362
D2026112105,0,0,0.09741412042656351
D2026100701,1,0,0.05004449329480039
D2026056931,0,0,0.05503457665705113
D2026128050,0,0,0.0909278088553529
D2026014459,0,0,0.08389050364676821
D2026121876,0,0,0.03224199554898212
D2026040779,0,0,0.054467282115000355
D2026118496,0,0,0.0846131441287587
D2026058251,1,0,0.05503035600420357
D2026021059,0,0,0.08098081861316976
D2026115883,0,0,0.06558233536403801
D2026012033,0,0,0.19568608605198268
D2026080971,0,0,0.06677657726121271
D2026005052,0,0,0.03630407373371354
D2026125530,0,0,0.05322031411922216
D2026041996,1,1,0.5389400984475551
D2026040145,0,0,0.07162896137480465
D2026008501,0,0,0.0961296945923304
D2026053754,0,0,0.36964184467939565
D2026084425,0,0,0.13833036853028483
D2026016610,0,0,0.10022682769843808
D2026093667,0,0,0.17986909666552553
D2026037834,0,0,0.09638901403800319
D2026118754,0,0,0.029325711522381632
D2026124451,0,0,0.04576342574418086
D2026087317,0,0,0.09411526191523482
D2026016024,0,0,0.07609279474663797
D2026075683,0,0,0.052842338370998256
D2026054962,0,0,0.11772433048317804
D2026142545,0,0,0.09403513790720805
D2026132081,0,0,0.10855118611823081
D2026010729,0,0,0.07311923902232835
D2026123336,0,0,0.08183603699414457
D2026022474,0,0,0.09896839656946248
D2026027265,0,0,0.09577731030625054
D2026110090,0,0,0.05205514878311402
D2026146942,0,0,0.052950460119639754
D2026084173,0,0,0.04260746742411841
D2026006306,0,0,0.0890794644583772
D2026047691,0,0,0.04186482318341054
D2026059414,0,0,0.08419063936092334
D2026008039,1,0,0.08917385653335218
D2026058669,0,0,0.05431372713814301
D2026030391,0,0,0.02805994349131954
D2026013777,1,1,0.6227588101687908
D2026124454,0,0,0.015878016642083888
D2026031612,0,0,0.09785752739011204
D2026035214,0,0,0.00011731471303436519
D2026074236,1,0,0.34218267586954415
D2026016851,0,0,0.10677953280660836
D2026123521,0,0,0.08862053380004578
D2026007812,0,0,0.05314672958359119
D2026029332,0,0,0.12142574207132087
D2026069900,0,0,0.05136983355699332
D2026007852,1,0,0.3507785542436571
D2026006849,0,0,0.10335141856623711
D2026029323,0,0,0.09849838584497936
D2026046298,0,0,0.20937039666883187
D2026068706,0,0,0.17132027294682603
D2026130523,0,0,0.0371378376322284
D2026051456,0,0,0.04825269312044674
D2026037276,1,1,0.8465980583763626
D2026013827,0,0,0.059250126194047834
D2026126165,0,0,0.07347254534112382
D2026018076,0,0,0.048852257419176974
D2026035528,0,0,0.14885273584172246
D2026045047,1,0,0.1669134023446403
D2026128856,0,0,0.10136474992749694
D2026113041,0,0,0.02735834814220039
D2026064350,0,0,0.01568072545683553
D2026026692,0,0,0.1238494818042426
D2026111507,0,0,0.04266515061618143
D2026067747,0,0,0.09771297381951838
D2026069139,0,0,0.19279918776272967
D2026149889,0,0,0.06369944806913802
D2026042229,1,0,0.3974604254291625
D2026102719,0,0,0.12958857790278147
D2026097429,0,0,0.09648712249230255
D2026013653,0,0,0.13386966726264102
D2026144743,0,0,0.0340686032184179
D2026004561,0,0,0.057113902379464725
D2026019525,0,0,0.04635746561040902
D2026142583,0,0,0.3286362435542197
D2026065539,0,0,0.106154911296695
D2026113561,0,0,0.08209794387611462
D2026092749,0,0,0.09003727819785227
D2026078835,0,0,0.17165130845540466
D2026080866,1,0,0.05389614447397105
D2026141904,0,0,0.07592570736851523
D2026114187,0,0,0.11249054824155758
D2026023693,0,0,0.09123097796907705
D2026012816,0,0,0.0776846548393712
D2026013708,1,0,0.18578185250163876
D2026073235,1,1,0.9986554379215186
D2026141357,1,0,0.3216218816716325
D2026077249,0,0,0.11195870922977667
D2026142283,0,0,0.07363258128923346
D2026129911,0,0,0.10345798292572661
D2026088426,1,0,0.32775225105335193
D2026022504,0,0,0.08724165054440539
D2026129187,0,0,0.11549200334846073
D2026068146,0,0,0.05091436499853805
D2026037924,1,0,0.2634667596407971
D2026060930,0,0,0.14073245263263334
D2026081284,0,0,0.09503153409460952
D2026137045,0,0,0.10437520901447798
D2026013231,1,0,0.4939942750641145
D2026000340,0,0,0.21296844351950106
D2026093252,0,0,0.07186970470960376
D2026058447,0,0,0.07375026935378406
D2026130809,0,0,0.4281291774837443
D2026024966,0,0,0.053862992029114085
D2026101707,0,0,0.07502756907909951
D2026118432,1,0,0.27532366923628854
D2026029491,0,0,0.11689511291964536
D2026001417,0,0,0.05606792072949388
D2026086659,0,0,0.049530712497960636
D2026003372,0,0,0.044392034676208
D2026144879,1,0,0.4638568665270694
D2026098490,0,0,0.09559065897869745
D2026128690,1,1,0.7609405371997726
D2026061173,0,0,0.08454720622374821
D2026028018,0,0,0.08034377419260924
D2026149947,0,0,0.05235892115563245
D2026092521,0,0,0.07024570929447516
D2026135310,0,0,0.061605953964361276
D2026066828,0,0,0.07205292542106093
D2026111609,0,0,0.042659894213198636
D2026065401,1,0,0.09485593093345329
D2026029438,0,0,0.09795140583514024
D2026054783,0,0,0.06166819154174379
D2026116278,0,0,0.051917062733855796
D2026013298,0,0,0.10645771301482031
D2026019866,1,1,0.5444451107032119
D2026088538,0,0,0.0605199434681055
D2026065629,0,0,0.05774441126364146
D2026095795,0,0,0.16919677475785638
D2026079141,0,0,0.10406117161453961
D2026069488,0,0,0.06051721773485002
D2026007670,1,1,0.5232297026037608
D2026050106,0,0,0.35754094532868114
D2026052172,0,0,0.06074941423371929
D2026072591,0,0,0.08513659325712912
D2026069042,0,0,0.08761364534736618
D2026096188,0,0,0.05756222170315492
D2026079677,0,0,0.11950719634708436
D2026144243,0,0,0.0809205888003991
D2026094857,0,0,0.048328850102772956
D2026148722,0,0,0.055045971061019196
D2026045460,0,0,0.28098810989668943
D2026126234,0,0,0.12016230946429252
D2026003912,0,0,0.08568243373831635
D2026010581,0,1,0.754819198146349
D2026081146,0,0,0.10147487754949096
D2026010051,0,0,0.07795972165750872
D2026039810,1,1,0.8139138587877717
D2026126672,0,0,0.0784372822324751
D2026046043,0,0,0.051728003020688494
D2026057825,0,0,0.06841079385420386
D2026028915,0,0,0.10893116788807802
D2026109933,0,0,0.0706303939294411
D2026141177,0,0,0.043248669777711975
D2026019404,0,0,0.28694156566651335
D2026061831,0,0,0.1285827816369482
D2026019453,0,0,0.06223683431305878
D2026064914,0,0,0.09742134083152319
D2026112092,0,0,0.07982336815619154
D2026005309,0,0,0.0760337684435521
D2026010236,0,0,0.04430036392484478
D2026089684,0,0,0.07816765782992718
D2026003174,0,0,0.08309592367374793
D2026101060,0,0,0.3360043070550779
D2026144202,0,0,0.0730506289537205
D2026124271,0,0,0.09374274997163744
D2026078220,1,0,0.39430769241059743
D2026008662,0,0,0.12326946035251261
D2026051391,0,0,0.05597045698613058
D2026077227,0,0,0.22044724813626737
D2026098390,1,0,0.28082981998185286
D2026029651,1,1,0.5314775472289366
D2026065941,0,0,0.1182863744402759
D2026104613,1,0,0.38994094619124753
D2026126791,0,0,0.09468628362256083
D2026055852,0,0,0.07358971853934095
D2026109200,0,0,0.11925240997535755
D2026027214,0,0,0.09208426828884707
D2026000193,0,0,0.0294631183593476
D2026127654,0,0,0.13217492305790127
D2026080356,0,0,0.07576947705210292
D2026149801,0,0,0.09364606899718368
D2026035297,0,0,0.0904501898840435
D2026142622,1,0,0.4679714126176972
D2026133833,0,0,0.06003938435353418
D2026083944,1,0,0.3973750838197455
D2026022346,0,0,0.00954585864928784
D2026025971,0,0,0.06794521966192096
D2026100713,0,0,0.09306986591492193
D2026028337,0,0,0.03957039129703742
D2026093581,0,0,0.1461279921124317
D2026078816,0,0,0.08079471128459641
D2026071223,0,0,0.05697466838347824
D2026148156,0,0,0.03655137219484904
D2026026551,0,0,0.10967971633980089
D2026046987,0,0,0.03480651426656873
D2026050938,0,0,0.11977375813208606
D2026027300,0,0,0.034715627194714764
D2026116599,0,0,0.0487143449337099
D2026105304,0,0,0.26828711179171266
D2026089623,0,0,0.04800395925937579
D2026129145,1,0,0.07859833285845577
D2026115790,0,0,0.07757124515732956
D2026038346,0,0,0.06166183671249718
D2026063485,0,0,0.08467034329875145
D2026092924,0,0,0.21535072699879643
D2026018326,0,0,0.11900649912191337
D2026005515,0,0,0.1106667235056565
D2026043488,0,0,0.08269724893587072
D2026015838,0,0,0.1169922209486491
D2026011650,0,0,0.08338084895742259
D2026030023,0,0,0.108949365451554
D2026095908,0,0,0.05967801708150449
D2026002047,0,0,0.06909939758082695
D2026038878,1,0,0.43610242625409895
D2026086379,0,0,0.09660653954188475
D2026105608,1,1,0.7077079496840423
D2026048408,0,0,0.09744423841857755
D2026075807,0,0,0.06842991105850067
D2026075252,0,0,0.08986095559004273
D2026009679,0,0,0.1430484391965815
D2026030895,1,0,0.4767125824112238
D2026090883,0,0,0.08399198541201268
D2026026141,0,0,0.10969945127922114
D2026054782,1,0,0.3117296065774129
D2026109889,0,0,0.09604588627743743
D2026064904,0,0,0.09017975221483272
D2026046880,0,0,0.2798734900278316
D2026113468,0,0,0.036154978978775704
D2026119156,1,0,0.43811126453314037
D2026139335,0,0,0.06272565695578038
D2026059394,1,0,0.2922304105539118
D2026050095,0,0,0.06823332261957342
D2026029958,0,0,0.05927715344795661
D2026033936,0,0,0.061833027853463306
D2026032393,0,0,0.0814972874987116
D2026094546,0,0,0.11055297386946795
D2026077703,0,0,0.10276787719244387
D2026132043,0,0,0.1089757152312224
D2026124313,0,0,0.10436054390750882
D2026100355,1,0,0.2460126009111297
D2026149062,0,0,0.10399591790416575
D2026009942,0,0,0.06655533917301013
D2026139966,0,0,0.1059315868225889
D2026113517,1,0,0.12469511255584372
D2026138273,0,0,0.08781411975861979
D2026073789,1,0,0.2567748057001573
D2026020848,0,0,0.0797225195073139
D2026106014,1,0,0.21499561505096987
D2026050037,1,0,0.0907708276771453
D2026106669,0,0,0.0806134407708577
D2026121849,0,0,0.1243785295167734
D2026096066,1,1,0.5396822381210507
D2026131016,0,0,0.02400481671660419
D2026064637,0,0,0.05872529315748765
D2026050608,0,0,0.0646002185985917
D2026017626,1,0,0.06419782995132946
D2026048621,0,0,0.10016316455403827
D2026015061,0,0,0.057398143074817075
D2026105278,0,0,0.05099148055868748
D2026013261,0,1,0.9998359212983823
D2026097221,0,0,0.06351897865303177
D2026046824,0,0,0.1033686134604747
D2026135472,0,0,0.030991139407735402
D2026041235,0,0,0.04448958676616952
D2026070615,0,0,0.09312723476324337
D2026106193,0,0,0.09700084305213184
D2026029539,0,0,0.1171695024926724
D2026126598,0,1,0.5263339589959589
D2026090326,0,0,0.07423519007172681
D2026046553,0,0,0.09773631461032888
D2026013449,0,0,0.1705452983467417
D2026098435,0,0,0.06101713334492753
D2026148488,1,0,0.25154535349551843
D2026004959,0,0,0.17829983828046156
D2026008153,0,0,0.06669973094617036
D2026079069,1,0,0.18410254871577303
D2026059259,0,0,0.10214810983050546
D2026104691,0,0,0.09457701538676314
D2026140894,0,0,0.08404658801349793
D2026058199,0,0,0.06355609388636269
D2026109551,0,0,0.08246075306650284
D2026092914,0,0,0.10788385784737926
D2026127194,1,0,0.3139184199288099
D2026128430,0,0,0.17266313154600998
D2026014254,0,0,0.060892480470166835
D2026110714,0,0,0.18922234180299882
D2026077658,0,0,0.09630818994524952
D2026090844,0,0,0.04910673318289518
D2026008598,1,0,0.10389379331847821
D2026115665,0,0,0.12297946564436767
D2026101496,0,0,0.07826667794213524
D2026136235,0,1,0.6096886949904646
D2026004428,0,0,0.09062487301508168
D2026099320,0,0,0.10196249398756119
D2026035146,0,0,0.10426978106317743
D2026126903,0,0,0.11327265069694638
D2026052230,1,0,0.423258016516683
D2026125184,1,0,0.1498953082121535
D2026137836,0,0,0.0756212550828853
D2026056945,0,0,0.08012519008502415
D2026035890,1,0,0.38070387586294985
D2026030935,0,0,0.41604202128700435
D2026075163,1,0,0.2663721541488169
D2026053319,0,0,0.1280796724305167
D2026095769,1,1,0.7971072000327484
D2026093005,0,0,0.10366370094509096
D2026047988,0,0,0.08284570049096882
D2026071619,0,0,0.08540445624558404
D2026076310,0,0,0.057552269902912456
D2026050520,0,0,0.06239152462683754
D2026078351,0,0,0.13732097785866398
D2026028883,0,0,0.04160293798852535
D2026013961,0,0,0.156374705986016
D2026144859,0,0,0.06361789058230112
D2026061505,0,0,0.048785733204237285
D2026130761,0,0,0.05237429476081191
D2026090454,1,1,0.6912215702794643
D2026055844,0,0,0.14411793992225697
D2026004981,0,0,0.07347332910202634
D2026038029,0,0,0.06291866049269439
D2026068021,0,0,0.09751314917143046
D2026116321,0,0,0.041942512892726776
D2026028753,0,0,0.07996698182480592
D2026106514,0,0,0.07317290157075945
D2026114943,0,0,0.04331580655847773
D2026039799,0,0,0.057844918940869926
D2026028419,0,0,0.12345781242057657
D2026119904,0,0,0.05721559499695537
D2026107574,0,0,0.04322038306299338
D2026022323,0,0,0.0947111758217474
D2026137998,0,0,0.05909069572607742
D2026067749,0,0,0.021432271207319095
D2026102336,0,0,0.10522152076322379
D2026058580,0,0,0.19516431061856568
D2026026936,0,0,0.05150488493124336
D2026071144,0,0,0.10326428550211962
D2026036629,0,0,0.06152340205148754
D2026138282,0,0,0.055601761277676805
D2026014044,0,0,0.1298577463399694
D2026040815,0,0,0.03264112304510579
D2026032388,0,0,0.07270104654166154
D2026143757,1,0,0.33019578579201053
D2026105920,0,0,0.16449198946236002
D2026137691,0,0,0.06221490656766925
D2026031130,0,0,0.06264116391342134
D2026077522,0,0,0.08193657770155387
D2026087593,0,0,0.0939179923931224
D2026053034,0,0,0.02471794765377012
D2026066797,0,0,0.0397008936122798
D2026060226,0,0,0.08776535971080965
D2026130943,0,0,0.09848316980121817
D2026048204,0,0,0.11416864401144808
D2026008833,0,0,0.09976389426395839
D2026024380,0,0,0.05924479398664279
D2026053176,0,0,0.0396506793963117
D2026052320,0,0,0.1266316325802912
D2026106982,0,0,0.11824950138316843
D2026107469,0,0,0.09655863942665037
D2026141189,0,0,0.14639423248172775
D2026122222,0,0,0.019842882853109468
D2026021387,0,0,0.0775234950200908
D2026064000,1,0,0.40967398455320964
D2026099951,1,1,0.5208273773331086
D2026019188,0,0,0.07578095078008996
D2026109319,0,0,0.05027899177296507
D2026046509,0,0,0.1483558501660013
D2026084633,1,0,0.35683341097456484
D2026036315,0,0,0.08166700797043083
D2026097502,0,0,0.049166116494736484
D2026032966,0,0,0.06825515108145307
D2026069456,0,0,0.11947515626441216
D2026056955,0,0,0.06493971081129749
D2026014606,0,0,0.05922996029074988
D2026019494,1,0,0.32368557766690814
D2026102704,0,0,0.07718754980486081
D2026075912,0,0,0.10718709539080294
D2026080803,0,0,0.05581413526034005
D2026138200,0,0,0.0844941274731496
D2026104874,0,0,0.09732473341100699
D2026139266,0,0,0.0744163639605658
D2026053302,0,0,0.19802513047735154
D2026027722,0,0,0.07356293705173556
D2026040505,0,0,0.04677776511678173
D2026102659,1,0,0.29441632400020235
D2026070152,0,0,0.09921046382653012
D2026067737,0,1,0.6512458285679081
D2026143268,1,1,0.9119280770709774
D2026069528,0,0,0.07331047731020157
D2026044078,0,0,0.06480477008630134
D2026004904,1,0,0.06374775941405329
D2026110563,0,0,0.11198387432894476
D2026053690,0,0,0.1006578016543625
D2026026958,0,0,0.1518162003531343
D2026022341,0,0,0.09889132501283403
D2026023569,0,0,0.06612660828342198
D2026060657,0,0,0.09330677991887568
D2026051950,1,0,0.11558004197720477
D2026072448,0,0,0.12403367834808432
D2026089855,0,0,0.1684138625760966
D2026027254,0,0,0.12161696292087368
D2026089204,1,1,0.567347437507789
D2026137190,0,0,0.08837358496672282
D2026066777,0,0,0.07459154501903068
D2026091737,0,0,0.16190503591565944
D2026087105,1,0,0.3472887653376114
D2026130868,0,0,0.09446446522119685
D2026000150,0,0,0.033839661757887524
D2026002355,0,0,0.0689830685226834
D2026006674,0,0,0.08564394973835565
D2026111433,0,0,0.05823779245357087
D2026000252,0,0,0.05090126239888307
D2026145204,0,0,0.1942581886709201
D2026001520,0,1,0.9373808705326835
D2026065848,0,0,0.07712973146613637
D2026114650,0,0,0.0670731723860343
D2026009896,1,0,0.4018061266920541
D2026045990,1,0,0.05535415929801907
D2026004686,1,0,0.273637352359349
D2026074905,0,0,0.15916484022558003
D2026040126,0,0,0.24822408688643455
D2026131753,1,0,0.04903371478348149
D2026143701,0,0,0.047060381059064474
D2026148347,0,0,0.07098440836799529
D2026037416,1,0,0.1966882098657217
D2026121617,0,0,0.051162534654815635
D2026033234,0,0,0.09955528662282015
D2026110256,0,0,0.06383030982331145
D2026082317,0,0,0.061525470716774874
D2026035374,0,0,0.04896856680817079
D2026085043,0,0,0.07143706112899371
D2026049333,0,0,0.12367323270218815
D2026056584,1,0,0.37133690498634164
D2026019925,0,0,0.259775545542814
D2026073670,0,1,0.7228185284442568
D2026037596,0,0,0.11541440348729581
D2026066346,0,0,0.07715805787559889
D2026123687,0,0,0.13065966835266374
D2026006313,1,1,0.5647866442762041
D2026094581,0,0,0.06565113458852861
D2026052466,1,1,0.6755667065410319
D2026128010,0,0,0.049440777131086
D2026063512,0,0,0.10078849396533672
D2026132405,0,0,0.06221189125899837
D2026087065,0,0,0.11227872367356649
D2026110013,0,0,0.043672829924595896
D2026067573,0,0,0.1047609455338123
D2026141015,0,0,0.07215530968518657
D2026122371,0,0,0.10882710561506063
D2026122050,0,0,0.11426219370038676
D2026134308,1,1,0.7368942642160404
D2026085832,0,0,0.1275634059530998
D2026078997,0,0,0.03491511638328263
D2026013296,0,0,0.0699840787422211
D2026136930,0,0,0.03334032355060442
D2026146023,0,0,0.1999069963210036
D2026077321,0,0,0.062325181481812986
D2026083619,0,0,0.0630122414491526
D2026047654,0,0,0.06792277546101844
D2026025692,0,0,0.04096881385586001
D2026131096,0,0,0.06527950128403359
D2026131402,0,0,0.06568228706996979
D2026011413,0,0,0.09062323262661677
D2026045526,0,0,0.035470750435284956
D2026137936,0,0,0.2803522713549106
D2026021517,1,1,0.9062034747020016
D2026117622,0,1,0.7408089903740124
D2026034985,0,0,0.06529160510341889
D2026088063,0,0,0.08080552339473245
D2026092155,0,0,0.08009096361953792
D2026008536,0,0,0.135373335174773
D2026079353,0,0,0.091289070256459
D2026053395,0,0,0.02553177672144521
D2026124815,1,0,0.47250290333578665
D2026039253,0,0,0.0913224158424494
D2026032889,0,0,0.07862986633126742
D2026126601,1,1,0.5025318852301025
D2026123187,0,1,0.6715456588177423
D2026097856,0,0,0.05730960492816537
D2026013473,1,0,0.4317266421663595
D2026028759,0,0,0.039717888825251915
D2026003744,0,0,0.057262309781633804
D2026139602,0,0,0.10191288366522126
D2026025513,1,1,0.6423943882430599
D2026027832,1,0,0.3716093812177317
D2026131785,0,0,0.22505438261647195
D2026047999,0,0,0.11615477212860789
D2026043334,0,0,0.05028258523248829
D2026051768,0,0,0.07736947508937346
D2026065411,1,0,0.33552517184818914
D2026016430,0,0,0.2239237514044918
D2026003872,0,1,0.8208480948314647
D2026140470,0,0,0.05333486263085591
D2026105429,1,0,0.3794548472995494
D2026005702,0,0,0.08475441066628046
D2026143014,0,0,0.08752888095727923
D2026116257,0,0,0.10388668364999826
D2026079532,0,0,0.04883653681226331
D2026007232,0,0,0.014457273882561785
D2026066455,0,0,0.07194758600764083
D2026126591,0,0,0.2816632833656544
D2026092049,0,0,0.08483908711673067
D2026124835,0,0,0.03402994798146984
D2026095621,0,0,0.02371741690227866
D2026053961,1,1,0.8708733627635679
D2026099268,0,1,0.6165918690411271
D2026121716,0,0,0.09326929054806332
D2026062939,0,0,0.18843338875500637
D2026089516,0,0,0.07954398203649392
D2026120369,0,0,0.044221876876771996
D2026046603,0,0,0.09318783559142776
D2026042050,0,0,0.011486556048976741
D2026073905,1,1,0.6616872589995443
D2026032678,0,0,0.10860187942427271
D2026033477,0,0,0.12583078530312788
D2026049281,0,0,0.07582221396508913
D2026119916,0,0,0.050283291874624554
D2026049607,0,0,0.1257802323787417
D2026118562,0,0,0.10372002457663061
D2026088863,0,0,0.0749093520998335
D2026108409,1,1,0.772713622195981
D2026116157,0,0,0.00821333501526013
D2026134175,0,0,0.035588098741132446
D2026076473,0,0,0.05052929869442598
D2026079916,1,0,0.3493722722202629
D2026058130,0,0,0.08192915637157322
D2026115796,0,0,0.1332024035598834
D2026068124,0,0,0.04902281220735795
D2026141797,0,0,0.12153194469976646
D2026133196,0,0,0.07969293972619151
D2026037722,0,0,0.0981675358624147
D2026123531,0,0,0.10388122368619666
D2026071739,0,0,0.05968453103001717
D2026045302,0,0,0.042895517964817546
D2026075369,0,0,0.054758930089699114
D2026116391,0,1,0.5514255123797637
D2026129746,0,0,0.05866224037923021
D2026000052,0,0,0.10005700975494483
D2026122622,0,0,0.036772664750886946
D2026120486,1,1,0.6614721001289872
D2026037066,0,0,0.11523116517871665
D2026071638,0,0,0.06356376747934347
D2026071424,0,1,0.9984009299696934
D2026028242,0,0,0.06328497727832685
D2026014277,0,0,0.454646545857459
D2026058784,1,0,0.29564677869935396
D2026024733,1,0,0.27292237023113003
D2026025039,0,0,0.13055472788640002
D2026089351,0,0,0.027269771217366116
D2026145272,0,0,0.08528962035032267
D2026022408,0,0,0.023802021792783245
D2026067481,0,0,0.3719683769375938
D2026061893,0,0,0.03556162942719488
D2026143487,0,0,0.1326109715948051
D2026142729,0,0,0.09044182775345481
D2026135371,0,0,0.040709749733401315
D2026031680,0,0,0.17481895186521018
D2026081171,0,0,0.12765690674677263
D2026120440,0,0,0.08228195606265369
D2026053624,0,0,0.04028075024290248
D2026115017,0,0,0.08091984282601535
D2026131144,0,0,0.1680372440284662
D2026142669,0,0,0.06791127871815991
D2026025260,1,1,0.7846054462631092
D2026104180,0,0,0.10358086880689545
D2026014799,0,0,0.06628828875375489
D2026125300,0,0,0.06950473695720623
D2026126858,0,0,0.08939645803007064
D2026111367,0,0,0.060301997016563254
D2026130304,0,0,0.1245801430273773
D2026047614,1,0,0.2503242894820645
D2026136631,0,0,0.17061800617127437
D2026002886,0,0,0.04209629212750875
D2026103154,0,0,0.05411107761916706
D2026139513,0,0,0.16370009684677958
D2026068016,0,0,0.08835742773580733
D2026104983,0,0,0.039479356107531276
D2026101669,0,0,0.06468269488292071
D2026089723,0,0,0.10781084182302027
D2026145774,0,0,0.0775052773886079
D2026052165,0,0,0.090445979690208
D2026003544,1,0,0.17361316892319442
D2026064918,0,0,0.4438160562003804
D2026132169,1,1,0.7145344200504551
D2026024728,0,0,0.09725189583434385
D2026117990,0,0,0.0694191364215369
D2026084975,0,0,0.3570701782167478
D2026076816,0,0,0.06612374365747418
D2026020999,0,0,0.09732725945538698
D2026065657,1,0,0.1803241224521375
D2026001805,0,0,0.03974742688493107
D2026120096,0,0,0.14077898637158512
D2026078960,1,0,0.32584450057264874
D2026109273,0,0,0.04938150268773401
D2026135154,0,0,0.07475116368163967
D2026123535,0,0,0.0504247588370753
D2026128487,1,0,0.34662954311806665
D2026062565,1,1,0.5235597831533587
D2026131829,1,0,0.4966234527340378
D2026038963,0,0,0.12749516605235
D2026052875,0,0,0.1150048566936842
D2026081606,1,1,0.8812153876336998
D2026115141,0,0,0.08271764020065984
D2026047850,1,0,0.18310652436472974
D2026022662,0,0,0.06636063071958892
D2026132303,0,0,0.43706469786527324
D2026138047,0,0,0.0624224973758092
D2026017486,0,0,0.12863408170839166
D2026095022,0,0,0.07788943679112607
D2026102510,1,0,0.17644159958985606
D2026116789,0,0,0.04273107955107462
D2026105013,0,0,0.034502938956694595
D2026098886,0,0,0.0404202112910731
D2026047039,1,0,0.2778682365018756
D2026070050,0,0,0.020950505172502035
D2026056028,0,0,0.18191302603473802
D2026112272,0,0,0.13586219867866525
D2026112197,0,0,0.05087806470113094
D2026029764,0,0,0.055601701299780835
D2026104511,0,0,0.09627567248070157
D2026092666,0,0,0.08459781890031319
D2026149058,0,0,0.08932101926929138
D2026120582,1,1,0.5598693841963774
D2026104842,0,0,0.05050139347293771
D2026091866,0,0,0.07229105697126505
D2026040386,0,0,0.0729550392742089
D2026141032,0,1,0.7715772113163358
D2026096068,0,0,0.25451425435866926
D2026095262,0,0,0.03967186732236456
D2026037680,0,0,0.13717933496975823
D2026143033,0,0,0.15220503512257397
D2026122862,0,0,0.07136551502411718
D2026100084,0,0,0.07888840294284291
D2026133128,0,0,0.040863796521293086
D2026128935,0,0,0.05512343533558157
D2026027486,0,0,0.09744206042019676
D2026036012,0,0,0.07673888207098185
D2026036719,0,0,0.113326781637472
D2026041545,0,0,0.28042552762047085
D2026096596,0,0,0.054781770967752705
D2026031223,0,0,0.0536476688897623
D2026031771,0,1,0.5028443420278719
D2026025889,0,0,0.12004329067064456
D2026034072,0,0,0.04525931595903964
D2026099928,0,0,0.11049882247357067
D2026098245,0,0,0.17535398381244782
D2026138587,0,0,0.07113990095258807
D2026101257,0,0,0.1632594583686989
D2026130983,1,0,0.35765673586845764
D2026081922,1,0,0.1321672132240694
D2026012863,0,0,0.08130822453647056
D2026085736,0,0,0.148539150896478
D2026000741,0,0,0.06942950503074892
D2026008430,1,0,0.12929471140560245
D2026061923,0,0,0.038651206651360216
D2026049999,0,0,0.03407617914118888
D2026119277,0,0,0.039231201222557674
D2026026908,0,0,0.05118417310183784
D2026127590,0,0,0.06178333609387555
D2026089705,0,0,0.11582346956017585
D2026052350,0,0,0.046508400096093354
D2026013837,0,0,0.050650160267488135
D2026058091,0,0,0.041532073649971496
D2026116643,0,0,0.07030706600563628
D2026089511,0,0,0.02470610974571859
D2026141156,0,0,0.07831691930084973
D2026037633,0,0,0.1108890739725404
D2026040973,0,0,0.10385015615846058
D2026006485,0,0,0.12143776009999474
D2026039545,0,0,0.0943840043174521
D2026092920,0,0,0.1001088022466599
D2026135008,0,0,0.12099811472395601
D2026006689,0,0,0.12276683054187651
D2026053094,0,0,0.04958657205994755
D2026137347,0,0,0.08155607160191757
D2026135551,0,0,0.10426704538059642
D2026057897,1,0,0.14973086343184686
D2026017021,0,0,0.07984681705406409
D2026021696,0,0,0.08882212307258544
D2026113584,0,0,0.09911789279314605
D2026085633,0,0,0.04011869687930995
D2026083790,0,0,0.13022292959873902
D2026123998,0,0,0.07145106357709383
D2026096894,0,0,0.1273681271975983
D2026007189,0,0,0.12893121626755066
D2026023161,0,0,0.04898999505760405
D2026093706,0,0,0.07190642663712687
D2026095463,0,0,0.111677196431856
D2026064008,0,0,0.06584748406896809
D2026144391,0,0,0.11233914146873529
D2026017026,0,0,0.15982714478119828
D2026078867,0,0,0.03267005881866308
D2026029283,0,0,0.1213380619358257
D2026118503,0,0,0.021074583015218407
D2026003502,0,0,0.04517058190931867
D2026139391,0,0,0.061112230418694596
D2026134297,0,0,0.046825406150359156
D2026130060,0,0,0.07948691406718833
D2026104580,0,0,0.0519067836445928
D2026003212,1,1,0.7106989495489029
D2026097913,0,0,0.059762061197082286
D2026085102,1,0,0.09782531956135435
D2026013811,0,0,0.03901886302210962
D2026045720,0,0,0.09495860689282506
D2026052697,1,0,0.36574061841655187
D2026142401,1,0,0.4676652384830574
D2026073998,1,0,0.17725291846487184
D2026141329,0,0,0.050757366310035565
D2026043474,0,0,0.24830712093364596
D2026003811,1,0,0.4584944710032509
D2026100813,0,0,0.13868733986653692
D2026141284,0,0,0.07603943819239468
D2026080188,0,0,0.05991611510070406
D2026090125,0,0,0.10892359517592383
D2026144664,0,0,0.06242425189461184
D2026106340,0,0,0.0956761464581062
D2026123576,0,0,0.07645055359530384
D2026099471,0,0,0.040073767632413534
D2026028180,0,0,0.07678728197402207
D2026056274,0,0,0.030873656354706427
D2026092070,0,0,0.07375618699808902
D2026087712,0,0,0.06186525066058877
D2026143296,1,0,0.4692570148537095
D2026012541,0,0,0.08754832087886355
D2026012480,0,0,0.04967154997729653
D2026089273,0,0,0.046135732425702826
D2026035715,0,0,0.06666518143353974
D2026045031,0,0,0.07580649912428884
D2026073409,0,0,0.0665491086189067
D2026088265,0,0,0.08004319417266523
D2026128719,0,0,0.07945698491051705
D2026059453,0,0,0.08342033494679292
D2026111070,0,0,0.09343306994265028
D2026033597,0,0,0.02226628527695001
D2026096283,0,0,0.07762918116651854
D2026093246,0,0,0.0815168972137315
D2026128522,0,0,0.0001406678441485414
D2026060040,1,0,0.21057013924208615
D2026116227,0,0,0.051570989252993416
D2026008214,0,0,0.06937964377055697
D2026021222,0,0,0.06550082585747394
D2026108224,1,0,0.03898836619335886
D2026039966,0,0,0.11878958253854995
D2026125395,0,0,0.13932107114191206
D2026107347,0,0,0.09701290957159614
D2026100674,0,1,0.6326669209400271
D2026072434,0,0,0.016602784578944492
D2026115520,0,0,0.0694117368470857
D2026090121,1,1,0.7724793887441019
D2026106402,0,0,0.05473560994406788
D2026070882,0,0,0.063837078065052
D2026100535,0,0,0.037427200975768876
D2026054943,1,0,0.31966170891627504
D2026146827,0,0,0.11084139242469807
D2026099529,0,0,0.16513613909131414
D2026011297,0,0,0.05670997092484192
D2026074254,0,0,0.04124400507153673
D2026090547,0,0,0.13466731749856517
D2026024797,0,0,0.11251679529942728
D2026045565,0,0,0.12375785321460374
D2026133039,0,0,0.04897849758309647
D2026064330,0,0,0.15277308976477175
D2026102714,0,0,0.10022490155850279
D2026147501,0,0,0.1172118278627236
D2026076694,0,0,0.15344975986890766
D2026002618,0,0,0.08723598740485855
D2026077852,0,0,0.08164358971801113
D2026087926,0,0,0.13508277792768053
D2026044415,0,0,0.12923307891117358
D2026120263,0,0,0.15844572258137848
D2026104861,1,0,0.04848662535637951
D2026142448,0,0,0.17600894182780877
D2026127486,0,0,0.030931603825381508
D2026007664,0,0,0.11181108134086494
D2026019931,0,0,0.07371201250399258
D2026100286,1,0,0.3448926578951379
D2026072959,0,0,0.1567005549653847
D2026146773,0,0,0.07583414849038649
D2026080621,1,1,0.9244608734103422
D2026127941,0,0,0.11604879080194443
D2026080130,1,0,0.06590379666726223
D2026037994,0,1,0.5391721889513251
D2026057138,1,0,0.3710911924432764
D2026136187,0,0,0.07337525981712327
D2026123878,0,0,0.10300052938989494
D2026088962,0,0,0.053705277865611994
D2026100183,1,1,0.5754542119022815
D2026140217,0,0,0.08669559575194993
D2026005628,0,0,0.08721095174508238
D2026133539,0,0,0.05151529304759357
D2026121670,0,0,0.03180008201006916
D2026075096,0,0,0.06046192649737178
D2026115123,0,0,0.07946138254516087
D2026136662,0,0,0.06824532816406605
D2026018760,0,0,0.05973210016514089
D2026057271,0,0,0.04338813945677486
D2026114295,1,0,0.38109715945091305
D2026058881,0,0,0.07124913306788029
D2026100178,0,0,0.08434095648473812
D2026033465,0,0,0.04761586205577924
D2026023656,0,0,0.11550719571040548
D2026127511,0,1,0.6769251113977324
D2026098613,1,1,0.5949430590069427
D2026087975,0,0,0.066354238239855
D2026115686,0,0,0.05124476203671213
D2026035140,0,1,0.9191481579540356
D2026118300,0,0,0.12110755523397762
D2026047155,1,1,0.8361544141784342
D2026116130,0,0,0.09072950049428163
D2026149871,0,0,0.04603974750046029
D2026063040,1,0,0.37572899059406945
D2026147631,0,0,0.10282796303819633
D2026086437,0,0,0.08254815457370664
D2026088611,0,0,0.05838656728254736
D2026087128,0,0,0.036040609737683416
D2026074351,0,0,0.10002981024454013
D2026038291,0,0,0.17661298283940574
D2026121769,0,0,0.023964687790475232
D2026143591,0,0,0.051569089032350836
D2026047372,0,0,0.10031434456749799
D2026041548,0,0,0.055876955305739766
D2026129148,0,0,0.2034032990346631
D2026116786,0,0,0.12564657637730564
D2026084384,1,0,0.2912229033743202
D2026130107,1,0,0.00018095320286748082
D2026127725,0,0,0.12191527314745829
D2026051891,0,0,0.06135935621961571
D2026108082,1,0,0.2967330304357017
D2026043405,0,0,0.06872392425796708
D2026148635,1,0,0.37287786666540523
D2026121831,1,1,0.7666905491525516
D2026036782,0,0,0.07452348221818855
D2026024649,0,0,0.12158364592685751
D2026048178,1,0,0.28045975109628474
D2026114690,0,1,0.641564826482924
D2026129383,0,0,0.0505824714863304
D2026079744,0,0,0.05726730877004018
D2026089166,0,0,0.06824968145396954
D2026049978,0,1,0.7170554148583681
D2026139295,1,0,0.36273002763750356
D2026102211,0,0,0.08831183261604582
D2026022809,0,0,0.17791743755170647
D2026077484,0,0,0.1628954747414829
D2026120938,0,0,0.06795801227041369
D2026016503,0,0,0.10074584959072733
D2026137262,0,0,0.05116473350447905
D2026062494,0,0,0.04262263017843831
D2026010340,0,0,0.034721225780599524
D2026034741,0,0,0.07458948570740878
D2026025932,0,0,0.06489424718458099
D2026100820,0,0,0.18361111589447057
D2026020463,0,0,0.07341844841655884
D2026045140,0,0,0.04427469433223942
D2026012035,0,0,0.09604017194298406
D2026148775,0,0,0.06313431565051508
D2026004834,0,0,0.134603942923446
D2026055978,0,0,0.10749629508653327
D2026119260,0,0,0.06697237692431726
D2026044469,0,0,0.10667904432781525
D2026067663,0,0,0.0684687098345547
D2026028352,0,0,0.07696813611349437
D2026065335,1,0,0.366106603100215
D2026036000,0,0,0.046992033709815036
D2026064168,0,0,0.15269468976754597
D2026048119,1,1,0.5714902875247514
D2026045007,0,0,0.08711313643359647
D2026112780,0,0,0.08300114931979559
D2026138860,0,0,0.19983892901273312
D2026085738,0,0,0.011520100521495406
D2026112422,0,0,0.0423161082681673
D2026130755,1,1,0.8783846777995509
D2026106086,0,0,0.08826627823950799
D2026061802,0,0,0.08486604553141373
D2026043176,0,0,0.1078771938226486
D2026121568,0,0,0.05244831230328638
D2026014755,0,0,0.04737825347435698
D2026035948,1,0,0.02936613488097038
D2026083206,0,0,0.0993608365797064
D2026098358,0,0,0.11875414340840383
D2026068981,0,0,0.08333674059318884
D2026135262,0,0,0.11509405941487527
D2026016543,0,0,0.06329290599861159
D2026073900,1,0,0.058137561016627065
D2026090348,0,0,0.09268231090207597
D2026093045,0,0,0.049725679715934085
D2026100474,0,0,0.06782148638437589
D2026081003,1,0,0.29257671581366246
D2026083591,0,0,0.08214964017814212
D2026127260,0,0,0.12350074065057438
D2026138648,0,0,0.07658534100205942
D2026133435,0,0,0.18519310057692215
D2026143010,0,1,0.9238768993388703
D2026023914,0,0,0.04767966085339104
D2026137473,0,0,0.1855736621754311
D2026115296,1,0,0.13147035014840003
D2026048390,0,0,0.14547684040783632
D2026063900,0,0,0.3712659870241091
D2026022506,0,0,0.11128653738595126
D2026024091,1,1,0.8062590945660453
D2026029951,0,0,0.08498376482341953
D2026041973,0,0,0.034841190959698794
D2026021131,0,0,0.06658078607086458
D2026143639,0,0,0.09676989340788718
D2026090548,1,1,0.6754469399136492
D2026005800,0,0,0.12517830008882447
D2026129598,0,0,0.1214103490174391
D2026033177,0,0,0.10618608028622495
D2026120475,0,0,0.11628454682786822
D2026052835,1,0,0.29072455159750993
D2026040487,0,0,0.07121220232254168
D2026107441,0,0,0.10257247319181345
D2026101744,0,0,0.09276981810801695
D2026097621,0,0,0.06947410910093421
D2026137675,0,0,0.12883457294488734
D2026012952,0,0,0.09547136777827885
D2026144431,1,1,0.9985366102807193
D2026095434,0,0,0.0756526955646411
D2026051301,0,0,0.07055279990218866
D2026132707,0,0,0.11035231746836421
D2026020473,0,0,0.06704348727059206
D2026061546,0,0,0.10715441545338861
D2026036657,0,1,0.8901225006230327
D2026118015,0,0,0.06987418789819017
D2026076912,0,0,0.14567223656417028
D2026139786,0,0,0.12294496963845375
D2026085996,1,0,0.3509739133762764
D2026134258,1,0,0.15750577258690496
D2026128021,0,0,0.051141713311071785
D2026048595,0,0,0.04328087804721357
D2026016596,0,0,0.05051487389107317
D2026143133,0,0,0.1325599117564662
D2026146829,0,0,0.028671590131869408
D2026122266,0,0,0.07472963258401404
D2026018002,1,1,0.6115083107501843
D2026097497,0,0,0.06001537616559832
D2026148734,1,0,0.3679405846456734
D2026031514,0,0,0.04483406028082795
D2026099994,0,0,0.0839741520122145
D2026094406,0,0,0.03787524509645663
D2026147364,0,0,0.055982410513534094
D2026056434,0,0,0.07330552167518668
D2026031047,0,0,0.08139128453852931
D2026026142,0,0,0.03100144772737808
D2026028055,1,0,0.25784752054003474
D2026082127,0,0,0.0576361726332895
D2026006817,0,0,0.08641341985437012
D2026079126,0,0,0.1171556510134849
D2026004910,0,0,0.0575188587965737
D2026024051,0,0,0.35493355412952365
D2026149724,0,0,0.07841777381288982
D2026063696,1,0,0.49916535113328064
D2026006742,1,0,0.08566486694706173
D2026095806,0,1,0.7235134280072856
D2026042962,0,0,0.1133430293598376
D2026084705,0,0,0.07197496830618692
D2026145832,0,1,0.79806339780802
D2026101537,0,0,0.09188967971623946
D2026116025,0,0,0.09669253262953983
D2026092904,0,0,0.10571338326395052
D2026106629,0,0,0.1068765100053226
D2026117557,0,0,0.0861312557527468
D2026107087,0,0,0.10356054567333416
D2026051373,0,0,0.1309087564327497
D2026077879,0,0,0.0211050241652538
D2026088955,0,0,0.06586523407399689
D2026060666,0,0,0.08614983989656155
D2026139075,1,0,0.060711577150320536
D2026046232,0,0,0.06388277239175645
D2026025659,0,0,0.025201123721676377
D2026051102,0,0,0.10954117835379175
D2026144662,0,0,0.09353290018582465
D2026031755,0,0,0.06897089192536897
D2026106319,0,0,0.06295774817685472
D2026128776,0,0,0.052722172296395885
D2026011622,0,0,0.11296919431252629
D2026127809,0,0,0.04341401697358985
D2026053097,0,0,0.0676529786971312
D2026141133,0,0,0.08939547152107703
D2026060824,1,1,0.6489694722905841
D2026119376,0,0,0.06102545823236323
D2026136495,0,0,0.12806994097991697
D2026100265,0,0,0.04973323499472725
D2026029052,0,0,0.1871488773803767
D2026076576,0,0,0.08078234976410949
D2026029632,0,0,0.03182508167218293
D2026108489,1,0,0.26905503005881265
D2026091863,0,0,0.15025562512199175
D2026074523,0,0,0.05363580357875999
D2026144995,0,0,0.06314837416745492
D2026035406,0,0,0.11093116330270986
D2026082585,0,0,0.05284130669576701
D2026054933,0,0,0.05232974216541058
D2026098988,0,0,0.12056880182548177
D2026002515,1,0,0.3178658709182064
D2026011523,0,0,0.06438019839720768
D2026086333,0,0,0.05855820625277992
D2026054516,0,0,0.06617562242983165
D2026094258,1,0,0.24147054048049796
D2026072009,0,0,0.06824357182866217
D2026142276,0,0,0.10013385397153617
D2026052549,0,0,0.05184869827397493
D2026105176,0,0,0.04856247886240755
D2026141886,0,0,0.15363732053927628
D2026020083,0,0,0.0615923936023172
D2026034038,0,0,0.0647202940607661
D2026059844,0,0,0.10301942588576622
D2026071386,0,0,0.06520257797454453
D2026080750,0,0,0.1355535134964161
D2026121157,0,0,0.1828031804092902
D2026146417,0,0,0.054475859558531244
D2026113691,0,0,0.06754361825390302
D2026096587,0,0,0.10096655838382128
D2026129513,0,0,0.11736667278142526
D2026076255,0,0,0.1367896407796252
D2026045946,0,0,0.08926358057052824
D2026052397,0,0,0.0715250529376187
D2026029258,0,0,0.06699797748314261
D2026109267,0,0,0.02315954578494404
D2026034597,0,0,0.08419236104240932
D2026061099,0,0,0.17568764735837586
D2026141668,0,0,0.040269326491210504
D2026050591,0,0,0.11128959846147968
D2026040821,0,0,0.029188729588288564
D2026125281,0,0,0.05998268003078234
D2026075557,0,0,0.07393991949955517
D2026114764,1,0,0.4514077416711136
D2026126904,0,0,0.050754713535699034
D2026084721,0,0,0.04208158184408353
D2026027250,0,0,0.04683197258559355
D2026013085,0,0,0.0768579933056791
D2026004243,0,0,0.3404611946789066
D2026126435,0,0,0.13472912219658878
D2026071484,0,0,0.10661641161852005
D2026090555,0,0,0.040094000676954566
D2026056835,0,0,0.12209318905104387
D2026000269,0,0,0.034706841724030005
D2026056280,0,0,0.23063790450166924
D2026125617,0,0,0.07311981984233368
D2026029468,1,1,0.6027775997296252
D2026024497,0,0,0.09429477884044275
D2026073682,0,0,0.07963719466129374
D2026004535,0,0,0.13156483668107252
D2026130578,0,0,0.07892035223313695
D2026084782,0,0,0.08329206742386139
D2026141435,0,0,0.084093182781883
D2026083701,0,0,0.11952506516125329
D2026079070,0,0,0.07992101846940299
D2026143263,0,0,0.13238334363872856
D2026025770,0,0,0.08388682654153477
D2026138431,0,0,0.0459011553235062
D2026045712,0,0,0.0804612573710863
D2026105876,0,0,0.04864551264818625
D2026038990,0,0,0.0773883298640318
D2026011377,0,0,0.021967606673647142
D2026036652,0,0,0.04238760955034097
D2026070929,0,0,0.05766123572702396
D2026050027,0,0,0.0630560985021741
D2026060004,0,0,0.07195638282568374
D2026019845,0,0,0.04815301379222398
D2026038000,0,0,0.06403548807599278
D2026113005,0,0,0.1205126759985289
D2026043841,0,0,0.13121241418380897
D2026102270,0,0,0.0960729767761284
D2026132754,1,1,0.57636388589635
D2026118029,1,0,0.23102061569115312
D2026114086,0,0,0.05444436405472817
D2026034405,0,0,0.2886492325470276
D2026012646,0,0,0.12613479219771778
D2026097404,0,0,0.15399587553997962
D2026111883,0,0,0.07664196019291764
D2026135946,0,0,0.11391022466839268
D2026062769,0,0,0.06854112991941104
D2026041217,0,0,0.08842894379513414
D2026019707,1,1,0.5406013392713765
D2026012758,0,0,0.10206712754655652
D2026023034,0,0,0.0885065907339254
D2026072231,0,0,0.07033619741667536
D2026121660,0,0,0.07279064790707694
D2026034410,0,0,0.07277190577155415
D2026029546,1,1,0.8485580689309675
D2026102593,1,1,0.9459492591028609
D2026078909,0,0,0.13667479584987147
D2026022697,0,0,0.05719119431012897
D2026112896,0,0,0.09958815633939874
D2026119077,1,0,0.4530830249911083
D2026031008,0,0,0.334279472868045
D2026086201,0,0,0.11917577623086267
D2026046395,0,0,0.09203811899364599
D2026096301,0,0,0.21470200683029425
D2026007771,0,0,0.10479913634421614
D2026002817,0,0,0.07846947269648061
D2026075341,0,0,0.041180838529002534
D2026109706,1,0,0.08450625516497917
D2026024619,0,0,0.2290528563173735
D2026038865,0,0,0.40269425440786294
D2026131769,1,0,0.35690367578991855
D2026059348,0,0,0.0995811388864858
D2026070211,0,0,0.0882245830565738
D2026083253,1,0,0.3020025438195229
D2026128795,0,0,0.061125244762816715
D2026033764,0,0,0.093334714074174
D2026077113,0,0,0.09894463003187375
D2026055152,0,0,0.015979204275662948
D2026124505,0,0,0.05651284625852693
D2026094536,0,0,0.06253012094733
D2026007679,1,1,0.5997150221716037
D2026122225,0,0,0.1308326175562951
D2026083704,1,0,0.36414086492380343
D2026091260,0,0,0.06822982923707553
D2026042400,0,0,0.0831967310849182
D2026085466,0,0,0.06680338500565358
D2026144694,0,0,0.0657533602455765
D2026130409,0,0,0.036844374354904355
D2026090520,0,0,0.058312532253471605
D2026095887,1,0,0.06320227871044544
D2026055749,0,0,0.03295686990197387
D2026092624,0,0,0.023126843231395945
D2026119593,0,0,0.0749103271607109
D2026081624,0,0,0.11918006643599452
D2026125894,0,0,0.0706382774333206
D2026058887,0,0,0.1471417473022014
D2026016308,0,0,0.050962259126966586
D2026091155,0,0,0.10677963339621808
D2026009456,0,0,0.049598660188155896
D2026012074,0,0,0.12390566142725894
D2026116579,0,0,0.08124326004521222
D2026011058,0,0,0.23188406481225304
D2026135534,0,0,0.12839783845284528
D2026030232,1,1,0.7209998571890344
D2026071083,0,0,0.07236615532347353
D2026048764,0,0,0.012566297566527372
D2026019831,0,0,0.05471529768104383
D2026067982,0,0,0.13153269392550868
D2026020334,0,1,0.5982764678810402
D2026030738,0,0,0.09469404450915014
D2026114315,0,0,0.10071808356169602
D2026048747,1,0,0.4990257139784939
D2026001195,0,0,0.059782199796535124
D2026031417,0,0,0.037000121556683516
D2026122010,0,0,0.25840777918897184
D2026110760,0,0,0.042813884350045406
D2026027684,0,0,0.06636603339780525
D2026052596,0,0,0.11593889567421276
D2026054837,0,0,0.058679620541411646
D2026030977,0,0,0.1532813489206037
D2026115928,0,0,0.05142710697639251
D2026104977,0,0,0.14612320002535803
D2026017864,0,0,0.07637793593376581
D2026082552,0,0,0.08826435681222822
D2026062118,0,0,0.08682469657009
D2026121747,0,0,0.04873589329677943
D2026101340,0,0,0.17682739447014384
D2026107945,0,0,0.15665662247159806
D2026128222,0,0,0.12213430856860562
D2026127664,0,0,0.10278830896760288
D2026039742,0,0,0.10654986529138491
D2026065797,0,0,0.04810335043121469
D2026028932,0,0,0.13743007868013316
D2026013036,0,0,0.048971919823795514
D2026107113,1,0,0.10388990977361122
D2026139248,0,0,0.08381168163835304
D2026005920,0,0,0.039472258405159104
D2026103090,0,0,0.07155695003202782
D2026136506,0,0,0.10081280372530634
D2026050025,0,0,0.07632669699679526
D2026078087,0,0,0.10886124593622024
D2026121363,0,0,0.11610690226507868
D2026018528,0,0,0.08882902622930015
D2026110447,0,0,0.060074210068426545
D2026029898,0,0,0.03946461808208545
D2026059356,0,0,0.0674731051499384
D2026070802,0,0,0.054494868530533584
D2026125336,0,0,0.025379118497320722
D2026072315,0,0,0.06997958270166796
D2026083801,0,0,0.014299251513340399
D2026056146,0,0,0.04773613836702915
D2026082190,0,0,0.0958781366889427
D2026106592,0,0,0.06519506628591576
D2026073769,0,0,0.16183457000192208
D2026105857,0,0,0.0996640604347924
D2026032430,0,0,0.072950957530857
D2026022041,1,1,0.5389345324527672
D2026082851,0,0,0.03797334764107436
D2026080505,1,0,0.07880086052720363
D2026047113,0,0,0.08420097908772922
D2026122573,0,0,0.08988611525923136
D2026046019,1,0,0.44095208949853926
D2026042306,1,0,0.24235990179672234
D2026062378,0,0,0.10087092384161815
D2026130440,0,0,0.13977525903672186
D2026015714,0,0,0.03756081850560223
D2026133619,0,0,0.043487696685445894
D2026107610,0,0,0.08501967722226686
D2026120332,0,0,0.24817478403201934
D2026018687,0,0,0.06794237766880687
D2026055279,0,0,0.04624515115406393
D2026059735,0,0,0.06225542717052047
D2026025391,0,0,0.09388440935144995
D2026058589,0,0,0.07577156085224612
D2026048770,0,0,0.034895507807880866
D2026128334,0,0,0.0619067914664906
D2026133954,0,0,0.04763628518423751
D2026011572,0,0,0.14003177576907533
D2026135354,0,0,0.04653366203075274
D2026053767,0,0,0.03723770996335692
D2026143313,0,0,0.053307339946058484
D2026036851,0,0,0.13562560378771166
D2026112199,0,0,0.4802303353080438
D2026118881,0,0,0.02925258915708375
D2026013580,1,0,0.12329361979879969
D2026124292,0,0,0.05104136913884309
D2026113325,0,0,0.02743853750220933
D2026038318,0,0,0.08062258124913647
D2026022519,0,0,0.05376332315167361
D2026125238,0,0,0.13176856714548676
D2026113797,0,0,0.09461099449624144
D2026099649,0,0,0.05672741613011938
D2026147801,1,1,0.8799986818137852
D2026069047,0,0,0.1109189446386903
D2026080650,0,0,0.07842450875123792
D2026034042,0,0,0.09390361740581613
D2026007340,0,0,0.0071272171032181475
D2026125321,1,0,0.05538985194412602
D2026148861,0,0,0.05145342323585639
D2026115002,0,1,0.581088978164392
D2026056751,0,0,0.19249826171623335
D2026040985,0,1,0.6171473165542434
D2026008401,0,0,0.09252114024855189
D2026002893,0,0,0.07803143560341906
D2026035817,0,0,0.05027600384334856
D2026008228,0,0,0.08814122611376124
D2026127816,0,0,0.0770095437747716
D2026033677,0,0,0.03972864136649722
D2026104807,0,0,0.10377287447471055
D2026035622,0,1,0.5361634940760918
D2026007120,1,0,0.03828093766026044
D2026115106,0,0,0.32035340010241026
D2026006069,0,0,0.018386837188584006
D2026066879,0,0,0.057678251588052024
D2026011040,0,0,0.10088125315126349
D2026034898,0,0,0.13016883866044326
D2026042681,0,0,0.03597102430957946
D2026043552,0,0,0.18404382725921523
D2026059960,0,0,0.042125898720328486
D2026107855,0,0,0.36648341620538943
D2026148727,1,0,0.3698825613293336
D2026046751,0,0,0.09682590606339193
D2026105063,1,1,0.6388824020723519
D2026145900,0,0,0.11141606610058698
D2026079903,0,0,0.042580884231926
D2026030628,0,0,0.1034886245575366
D2026146867,0,0,0.06348043811611068
D2026058420,0,0,0.05904700987519031
D2026018129,0,0,0.08208439983725181
D2026018396,0,0,0.0635859406538657
D2026075967,0,0,0.0810077687779864
D2026096615,0,0,0.107722171185155
D2026033115,0,0,0.035799334921582375
D2026081379,0,0,0.09621640401089078
D2026124957,0,0,0.1330144247680604
D2026144765,0,0,0.15210402390269337
D2026004994,0,1,0.6804475535489423
D2026076843,0,0,0.07597942173849276
D2026014920,1,1,0.7456746512951593
D2026015082,0,0,0.03853597315102632
D2026092204,0,0,0.078912501820835
D2026101430,0,0,0.15262974250654288
D2026060247,0,0,0.06261817306653072
D2026130802,0,0,0.05920149717928815
D2026102515,1,0,0.30366418798715783
D2026029291,0,0,0.04998688613395247
D2026009758,0,0,0.06124150792138973
D2026105510,0,0,0.087814756127307
D2026013372,0,0,0.07422873994812862
D2026124345,0,0,0.04901111100630361
D2026025885,0,0,0.04709076313729696
D2026034529,0,0,0.09086187948330092
D2026047918,0,0,0.07976864769471219
D2026093548,0,0,0.06283344062842418
D2026103134,0,0,0.033048345574125615
D2026120785,1,0,0.19886967971222003
D2026070835,0,0,0.1572908034223532
D2026100391,0,0,0.054976009299012585
D2026024182,0,0,0.15363111788715683
D2026032739,0,0,0.1348016061580377
D2026071513,0,0,0.2017602112344747
D2026022720,0,0,0.08588123961693461
D2026125799,0,1,0.9908070980978245
D2026081072,0,0,0.15510683914672516
D2026028040,0,0,0.11395298346007751
D2026024570,1,1,0.9541641124627723
D2026061857,0,0,0.06879192628828634
D2026042503,0,0,0.16457298707923793
D2026067887,0,0,0.04607292505049217
D2026136157,0,0,0.16357072678365978
D2026042996,0,0,0.104766922318633
D2026122160,0,0,0.11359802781279565
D2026028463,0,0,0.08142392899415082
D2026142966,0,0,0.0888240118317541
D2026093099,0,0,0.0719874447570957
D2026108702,0,0,0.040179965677674886
D2026019283,0,0,0.07152730113072027
D2026110515,0,0,0.05135806531047691
D2026119406,0,0,0.10091340596001869
D2026082482,0,0,0.15163583920978219
D2026061437,0,0,0.06938624976327494
D2026015531,0,0,0.09252309926846425
D2026052091,0,0,0.03338918736453483
D2026056959,0,0,0.02656959832321684
D2026040282,0,0,0.08338859586438302
D2026052333,0,0,0.4066627717778139
D2026043193,0,0,0.07132377345395004
D2026023258,0,0,0.05995429504830797
D2026115737,0,0,0.0908335791625626
D2026056916,0,0,0.0781072532246214
D2026018589,0,0,0.05319780385688676
D2026033302,0,0,0.12235855295034662
D2026075174,0,0,0.0805299821420995
D2026016578,1,1,0.630924858703079
D2026125661,0,0,0.09608008145693692
D2026052425,0,0,0.09087307294759182
D2026128754,0,0,0.2096041427421004
D2026003584,0,0,0.03551477838958524
D2026029038,1,1,0.5022183263773153
D2026077190,0,0,0.06464064023739774
D2026082867,0,0,0.06272201061688491
D2026133772,0,0,0.09230642238857827
D2026108014,0,0,0.2511053407266425
D2026038218,0,0,0.03717218471462943
D2026130861,0,0,0.08617100432270866
D2026089367,0,0,0.12116318625342042
D2026043965,0,0,0.12941236689578742
D2026132980,1,0,0.1440897818573056
D2026137010,0,0,0.04079432991410408
D2026131209,0,0,0.034620574556298356
D2026074675,0,0,0.03965998669252138
D2026028210,0,0,0.055553187179496234
D2026049547,0,0,0.07995717000162476
D2026008655,0,0,0.015787774202684547
D2026090140,0,0,0.0890392508566572
D2026043811,0,0,0.04799330326734399
D2026038590,0,0,0.11445300187936283
D2026048215,0,0,0.12357261836160818
D2026044954,0,0,0.10772916015420823
D2026105453,0,0,0.17153802840575938
D2026027093,1,0,0.42219270382768775
D2026123196,0,0,0.40060162203433386
D2026145986,0,0,0.019944662047797452
D2026031754,0,0,0.0355236655001333
D2026003839,0,0,0.05292751577984458
D2026002390,0,0,0.06253194137240037
D2026064781,0,0,0.0059193354810621965
D2026006270,0,0,0.12473435298812435
D2026108910,0,0,0.10261244350837342
D2026032243,0,0,0.06947349996351006
D2026108510,0,0,0.09872673547682813
D2026117289,0,0,0.09220233825179577
D2026068502,0,0,0.07750360813441391
D2026112944,0,0,0.03359421511567381
D2026085453,0,0,0.13909606631356472
D2026027425,0,0,0.028148457260012118
D2026140867,0,0,0.10938670692978085
D2026081270,1,1,0.5812349336494501
D2026013654,0,0,0.15181878701573698
D2026097638,0,0,0.06585010463605279
D2026070221,0,0,0.04356189309592648
D2026112484,0,0,0.0905751562452813
D2026078472,0,0,0.12831917936127468
D2026096265,0,0,0.07188723029750058
D2026048741,0,1,0.6887084847165068
D2026113381,0,0,0.14737146966386386
D2026013147,1,0,0.2326501305037294
D2026065734,0,0,0.09147017331017959
D2026056816,0,0,0.044818318695976155
D2026149521,1,1,0.5355328725582097
D2026113504,0,0,0.07643176780421765
D2026141183,0,0,0.08686007822336302
D2026032697,0,0,0.1594144275543631
D2026054764,0,0,0.31134590846310145
D2026097223,0,0,0.049058028578861705
D2026149013,0,0,0.07118112277557312
D2026104837,0,0,0.01758574517169338
D2026122341,0,0,0.13255881105059508
D2026078267,0,0,0.06135657018868305
D2026064298,0,0,0.10129712556452039
D2026072812,0,0,0.045587185329133306
D2026110823,0,0,0.09757510726976981
D2026106605,0,0,0.0916165506733282
D2026049573,0,0,0.074563533161666
D2026118270,1,0,0.3565652232185321
D2026135509,0,0,0.04870576103356043
D2026042162,0,0,0.15680543259843222
D2026122461,0,0,0.07818469182906168
D2026114311,0,0,0.10877441001396118
D2026058053,0,0,0.04748421982172929
D2026003350,0,0,0.07615164508455444
D2026143811,0,0,0.061531298646357264
D2026052098,1,1,0.5510726931143716
D2026051691,0,0,0.137476274811552
D2026109104,0,0,0.07211167958095081
D2026138887,0,0,0.12783774861586622
D2026137451,0,0,0.09091115235515422
D2026122397,0,0,0.08561882034528184
D2026025305,0,0,0.06313559858502171
D2026065603,0,0,0.09876075391491619
D2026068519,0,0,0.1274888960062755
D2026072513,1,0,0.18518804991112012
D2026047827,0,0,0.06354200603087813
D2026067012,0,0,0.06982494046761256
D2026138452,0,0,0.05822985917373682
D2026114704,0,0,0.09840725449461808
D2026032088,0,0,0.06170934191424327
D2026087870,0,0,0.1738095516794784
D2026076274,1,0,0.08689717031800726
D2026084833,0,0,0.08238374219272049
D2026100990,0,0,0.07915432577316006
D2026055721,0,0,0.0553187836175861
D2026060016,0,0,0.06197144882628773
D2026048187,0,1,0.5912642425950825
D2026149638,0,0,0.07411335748429183
D2026076160,0,0,0.07413539055302026
D2026024072,0,0,0.08853987851046102
D2026138011,0,0,0.09201669905967663
D2026017174,0,0,0.0633535347737183
D2026024365,1,0,0.36207044995428367
D2026069202,0,1,0.6358409008649597
D2026015977,0,0,0.09896880396228372
D2026051624,0,0,0.05250460717161708
D2026051943,0,0,0.08234233267006685
D2026109176,0,0,0.08028077844986246
D2026075806,0,1,0.85262957490425
D2026024983,0,0,0.05332755863231112
D2026079137,0,0,0.12771176447809252
D2026020603,0,0,0.06906366897849488
D2026107532,0,0,0.02592102025034963
D2026092121,0,0,0.06487075474096744
D2026140705,0,0,0.0710362226991764
D2026138338,0,0,0.08344465543126527
D2026023918,0,0,0.05510644721639495
D2026128955,1,0,0.30052851015945997
D2026030000,0,0,0.019361391804191448
D2026074597,0,0,0.05368714364093955
D2026009537,0,0,0.10164887799111952
D2026010331,0,0,0.10127773526121081
D2026110246,0,0,0.16071648467624539
D2026019252,1,1,0.9933055980945041
D2026102499,0,0,0.40206149145494735
D2026131517,0,0,0.14189246864257574
D2026012389,0,0,0.050880221110894644
D2026022107,0,0,0.08740627349882307
D2026075351,0,0,0.06171449769472197
D2026113901,0,0,0.10994523590437368
D2026047076,0,0,0.06507817378357687
D2026141192,0,0,0.07287037813277691
D2026060050,0,0,0.07607548836413305
D2026005510,1,0,0.38220857870743785
D2026122177,1,0,0.11014120846416511
D2026055535,1,1,0.597807062439069
D2026034455,0,0,0.07166847232230751
D2026125467,0,0,0.08343015201033045
D2026081679,0,0,0.049278920538291915
D2026033693,0,0,0.32022557758757675
D2026114172,1,0,0.2814314945288017
D2026083795,0,0,0.11299202127209694
D2026076670,0,0,0.06654886492175877
D2026018377,0,0,0.10308195439404975
D2026071015,0,0,0.16977764901930983
D2026110813,0,0,0.0708512906355051
D2026075216,0,0,0.06541127485851445
D2026048315,0,0,0.06541494727264827
D2026098429,0,0,0.16597344502256844
D2026142270,0,0,0.062048795008682336
D2026124561,0,0,0.12982386371740104
D2026140888,0,0,0.061676292945429693
D2026039603,0,0,0.09944029985469723
D2026028470,0,0,0.02548196550586058
D2026057547,0,0,0.1429733494913638
D2026077739,0,0,0.07920923415209462
D2026032285,0,0,0.03524150217005654
D2026099097,0,0,0.0942031481955803
D2026074717,0,0,0.05565473633343446
D2026122659,0,0,0.08166784090340878
D2026143961,0,0,0.08000850706715952
D2026094966,1,0,0.32138536237753157
D2026062032,0,0,0.0232391646258109
D2026129313,0,0,0.04703552047778847
D2026100764,0,0,0.07713422368926738
D2026037784,0,0,0.09480631367182613
D2026077593,0,0,0.07100371171025877
D2026107946,0,0,0.3361982503778359
D2026111793,0,0,0.07207890710738549
D2026054514,0,0,0.2820407128734261
D2026051864,0,0,0.04369299570801143
D2026008774,0,0,0.11339019810118427
D2026079075,0,0,0.07539294492761961
D2026113594,1,0,0.3428405588632939
D2026010816,0,0,0.09998775079540899
D2026070267,1,0,0.4285216291300068
D2026136873,0,0,0.14024300957157884
D2026000740,0,0,0.14021650082967704
D2026129895,0,0,0.06801957382389866
D2026034711,0,0,0.07311597619983022
D2026138964,0,0,0.2987594949332589
D2026042402,0,0,0.06424944018216378
D2026004556,0,0,0.07304005226075787
D2026116172,0,0,0.08164173241992868
D2026023968,0,0,0.09283604287466773
D2026057930,0,0,0.06282384690923393
D2026082012,0,0,0.038072339626648334
D2026072517,0,0,0.03820573365740741
D2026127273,0,0,0.07513513785091126
D2026016292,0,0,0.08391138954623613
D2026081214,0,0,0.062284966111116516
D2026055083,0,0,0.05812138654956646
D2026124613,0,0,0.07382261523439693
D2026128329,1,0,0.2691199422344823
D2026133556,0,0,0.15544204040314819
D2026088801,1,0,0.108357992404229
D2026147156,0,0,0.09171783186299422
D2026083959,1,1,0.5785833660987747
D2026051744,0,0,0.4913771228688261
D2026035970,0,0,0.15576541625207205
D2026038873,0,0,0.06341980178239864
D2026005244,0,0,0.10096079697773927
D2026140588,0,0,0.07770808157673055
D2026130493,0,0,0.10336960926620681
D2026018493,0,0,0.0798172570649095
D2026020498,0,0,0.06641927845329025
D2026004703,0,1,0.7087665683957913
D2026039795,0,0,0.06814430695036168
D2026033123,0,0,0.059596747656168646
D2026106894,0,0,0.04105914712244141
D2026099191,0,0,0.09702856275438743
D2026120145,1,0,0.14029339936694923
D2026061760,0,0,0.4332682467417444
D2026087182,0,1,0.8690608571854508
D2026000331,0,0,0.398311302401133
D2026140789,0,0,0.05153947446915784
D2026126556,1,0,0.3686042274921614
D2026088764,0,0,0.06036984100744872
D2026072600,0,0,0.05373270461645859
D2026088047,0,0,0.059512248817556186
D2026044206,1,0,0.09734393350506114
D2026049075,0,0,0.11604208035355414
D2026047025,0,0,0.1152777504292729
D2026001583,0,0,0.04750464454938686
D2026015159,1,0,0.46656183620083247
D2026035102,0,0,0.09528742109201574
D2026003400,0,0,0.0753058921167046
D2026116621,0,0,0.057384774369636876
D2026142062,0,1,0.881326692142961
D2026087417,0,0,0.10110805738751892
D2026029398,0,0,0.12202614222208318
D2026118751,0,0,0.0764693339934871
D2026002869,0,0,0.061603622072469055
D2026053489,0,1,0.7461345639052804
D2026140238,0,0,0.0496320981988346
D2026046542,1,0,0.0987342638972316
D2026085213,0,0,0.06016230330469958
D2026092779,0,0,0.03638857878251436
D2026084977,0,0,0.12611925109307967
D2026005194,0,0,0.1073855875337973
D2026026012,0,0,0.10214915276191645
D2026110485,0,0,0.10551881470105245
D2026022003,0,0,0.3578591724095832
D2026084203,0,0,0.06545821732425222
D2026138446,0,0,0.021371916460568904
D2026138496,0,0,0.06379597565272835
D2026090917,0,0,0.0875546777705471
D2026050743,0,0,0.06965394919032045
D2026134494,0,0,0.12829379439665148
D2026101646,0,0,0.10534694793098716
D2026069858,0,0,0.04892142850089546
D2026007110,0,0,0.04287443628382739
D2026090291,0,0,0.07487348897232603
D2026064652,1,0,0.39575269703938476
D2026118524,0,0,0.20196562143803595
D2026045215,0,0,0.07109290178463533
D2026135376,0,0,0.1328269082655689
D2026108026,0,0,0.26688881119372293
D2026126642,0,0,0.05352723215243199
D2026113011,0,0,0.074358286239969
D2026114790,0,0,0.16949438659953145
D2026011887,0,0,0.0629778823516327
D2026086979,0,0,0.12312252873816974
D2026050186,0,0,0.06690453741688737
D2026138592,0,0,0.04921207842634369
D2026127996,0,0,0.052842211904332775
D2026035383,0,0,0.08590335107182047
D2026085575,0,0,0.08283152323809631
D2026027915,0,0,0.07441122867722494
D2026012597,0,0,0.12437245129797045
D2026121474,1,1,0.7603775265991888
D2026114174,0,0,0.37509807572813747
D2026149461,1,0,0.047610700513589725
D2026043912,0,0,0.05944933407657864
D2026068708,0,0,0.05842432817496528
D2026125290,0,0,0.0645821056652105
D2026005578,0,1,0.6022690156514082
D2026050185,1,1,0.5020927796105759
D2026017904,0,0,0.11264646999349255
D2026126129,0,0,0.03877009407590032
D2026025398,0,0,0.09650579902102423
D2026077030,0,0,0.06606308024614031
D2026082770,0,0,0.02834672219424463
D2026028285,0,0,0.3460507665598332
D2026055677,0,0,0.08288803850632027
D2026055245,0,0,0.04676187335884115
D2026028177,0,0,0.08012489836481604
D2026047467,0,0,0.024183994112078097
D2026127148,1,0,0.34783802354949434
D2026064744,0,0,0.09721378744601356
D2026108842,0,0,0.13800251050433404
D2026130467,0,0,0.07472792695403592
D2026130329,1,1,0.8379827155059408
D2026095059,0,0,0.04430821021484223
D2026148350,0,0,0.09602017864855396
D2026074196,0,0,0.07659164571708331
D2026000761,0,1,0.5493491493279806
D2026133676,1,0,0.2472649316613621
D2026095075,0,0,0.1073142215804023
D2026002643,0,0,0.0763834910469697
D2026049669,0,0,0.10951351325606783
D2026106706,0,1,0.8586472016041659
D2026054178,0,0,0.05790226150556549
D2026057481,0,0,0.11122264382832743
D2026133168,0,0,0.08097027091285885
D2026124247,1,0,0.18867301809559528
D2026080572,0,0,0.15416487982639054
D2026056888,0,0,0.057016182466578844
D2026037867,0,0,0.030625187389544103
D2026014472,0,0,0.10468787531305009
D2026011002,1,0,0.21940353044854677
D2026105439,0,0,0.05786026375377653
D2026010731,0,0,0.07196060284719434
D2026051769,0,0,0.12565399212943323
D2026083994,0,0,0.046639593137973015
D2026029932,1,1,0.8856214025972255
D2026002094,0,0,0.10629226278544275
D2026102798,0,0,0.030032174572729584
D2026045497,0,0,0.07376892470059482
D2026058081,0,0,0.06941978538458046
D2026024556,0,0,0.07328037104254753
D2026004867,0,0,0.07221949013640684
D2026148669,0,0,0.166878975931244
D2026065804,0,0,0.18786984975406662
D2026123669,0,0,0.10194373438697099
D2026043780,0,0,0.053776952734435175
D2026115498,0,0,0.13130284433101674
D2026007037,1,1,0.8586815077845225
D2026013606,0,0,0.0787539548088082
D2026068958,0,0,0.11669391525957681
D2026115888,0,0,0.03422472668634982
D2026006169,0,0,0.022961695480915183
D2026052828,0,0,0.07195925291419923
D2026056290,0,0,0.1603427731834288
D2026129728,0,0,0.17514686135689073
D2026052681,0,0,0.087669145825062
D2026049374,0,1,0.9772888997483269
D2026128415,0,0,0.05225163358025287
D2026068307,0,0,0.05924512062655912
D2026063767,0,0,0.09243770352090079
D2026083287,0,0,0.11191486651419623
D2026056787,0,0,0.04435924270872223
D2026005616,1,1,0.8916218026761948
D2026128376,0,0,0.09931847555847652
D2026007627,0,0,0.09246640126469075
D2026002571,1,1,0.9959116275993937
D2026040842,1,1,0.6093959608945263
D2026029453,0,0,0.08246400967348448
D2026003507,0,1,0.8673425376298957
D2026084082,0,0,0.06889512977611315
D2026051720,0,0,0.06075346095528469
D2026105809,0,0,0.18996260336675586
D2026094363,0,0,0.09265302629630201
D2026046262,0,0,0.40300475881118536
D2026028622,0,0,0.10979974779149171
D2026087268,1,1,0.7481623837379734
D2026062757,1,0,0.11164392300098563
D2026037434,0,0,0.11749050306518326
D2026109732,0,0,0.09934523837749779
D2026100109,0,0,0.10385782057369548
D2026000216,0,0,0.06627082328436372
D2026124702,0,0,0.055924614170058985
D2026132747,0,0,0.08190736430015852
D2026088195,0,0,0.07056270196358601
D2026109665,0,0,0.07615101850413741
D2026100989,0,0,0.2876911395568892
D2026140955,0,0,0.15511571585208764
D2026035008,0,0,0.02554130786096669
D2026078394,0,0,0.11424115250976814
D2026003492,1,0,0.34147149790198994
D2026014981,0,0,0.0002580633646895737
D2026102651,0,0,0.06849578887694446
D2026030141,0,0,0.04341260804967163
D2026133403,0,0,0.07210396178111089
D2026084056,0,0,0.03803392253612501
D2026008977,0,0,0.04620601798643811
D2026089330,0,0,0.06768452444173241
D2026028132,0,0,0.08517292385531716
D2026034210,0,0,0.08304501901831329
D2026111390,0,0,0.13365847646332774
D2026088726,0,0,0.061346623172708024
D2026074647,0,0,0.15928524197070762
D2026027927,0,0,0.11838869140600436
D2026042434,1,0,0.26734180742793856
D2026061363,0,0,0.04330743085811809
D2026142202,0,0,0.08176662766962142
D2026119520,0,0,0.13522708432691896
D2026067671,0,0,0.10928267596555306
D2026076644,0,0,0.14264072768612554
D2026032992,0,0,0.0882434942842321
D2026055251,1,0,0.06627102250749761
D2026059561,1,0,0.09593419929025555
D2026055288,0,1,0.5687954909614614
D2026048724,0,0,0.08643829595358116
D2026091687,0,0,0.04607753490634404
D2026132639,1,0,0.09395368466911892
D2026106359,0,0,0.07475282366796562
D2026100999,1,0,0.2365727715067659
D2026045719,0,0,0.10168296713688504
D2026147430,0,0,0.10852874780774233
D2026032157,0,0,0.06338798963210629
D2026139177,0,0,0.06394568671849574
D2026031028,0,0,0.03305620448946909
D2026041668,0,0,0.09905235034667287
D2026107265,0,0,0.1292964218746559
D2026010101,0,0,0.14122189209092703
D2026056995,0,0,0.09728769217501883
D2026070590,0,0,0.11981908711371077
D2026149100,0,0,0.07024975250494138
D2026006482,1,0,0.29812933892781684
D2026019056,0,0,0.07212029432039879
D2026078743,0,0,0.055410251345754405
D2026033386,0,0,0.052182770028536905
D2026071567,0,0,0.056033679822948435
D2026139421,0,0,0.03965019017527772
D2026045761,0,0,0.0602030108679933
D2026141894,0,0,0.06485276083055638
D2026139063,0,0,0.07944788293268044
D2026023478,0,0,0.13304434218809158
D2026053534,0,0,0.10172548053290813
D2026084950,0,0,0.07848826388681389
D2026054251,0,0,0.07660533311718712
D2026056946,0,0,0.11895980686670257
D2026058431,1,0,0.3011987153008742
D2026035994,0,0,0.0822212468494272
D2026025430,0,0,0.09635151521555574
D2026124364,1,1,0.9400979368310294
D2026135028,0,0,0.1785280253223349
D2026094914,0,0,0.08277850127837601
D2026070676,0,0,0.05791220874162802
D2026038708,0,0,0.025594297626099913
D2026051284,0,0,0.09422224466284268
D2026139434,0,0,0.06098388828782234
D2026095486,0,0,0.3650371122034538
D2026144093,0,0,0.09886453931084402
D2026104471,0,0,0.054407688918637453
D2026107706,0,0,0.11272315744565169
D2026106201,0,0,0.07178588112212828
D2026054763,0,0,0.0552586241548024
D2026135719,0,0,0.39875102166612536
D2026101466,0,0,0.06651947692441294
D2026002173,0,0,0.05134283308356992
D2026109375,0,0,0.05093362548103317
D2026112930,0,1,0.5600140033874637
D2026045794,1,0,0.30300619170665566
D2026020125,1,0,0.4982983396558558
D2026003186,0,0,0.08041556070737012
D2026145391,0,0,0.049190742718532555
D2026109452,0,0,0.08130275281106787
D2026029414,0,0,0.04597223970613143
D2026004622,0,0,0.12018093056100752
D2026032386,0,0,0.05163209252031894
D2026097107,0,0,0.11343340121079684
D2026013893,1,0,0.47923776303352
D2026029162,0,0,0.33504328266660016
D2026027950,0,0,0.04496768864461844
D2026130494,0,0,0.07682810050215728
D2026014795,0,0,0.02838179596860605
D2026048471,0,0,0.1337603107308706
D2026149847,0,0,0.32548089018173704
D2026050562,0,0,0.10704269844410547
D2026081391,1,0,0.3845117846775344
D2026043081,0,0,0.10087389766220664
D2026115258,0,0,0.1187043912038183
D2026060067,0,0,0.028630444957262108
D2026141584,0,0,0.14675155174557597
D2026049050,1,0,0.17231290833507099
D2026053626,0,0,0.09849373333376596
D2026045574,0,0,0.06837369137661452
D2026080945,0,0,0.0678420170297873
D2026098843,0,0,0.1317282263091199
D2026045657,0,0,0.13294958076755478
D2026001700,0,0,0.08209655148615852
D2026068077,1,0,0.2789113881508555
D2026049400,0,0,0.09983433808332072
D2026149462,0,0,0.05397354017636413
D2026050151,0,0,0.06869066865865836
D2026118417,0,0,0.007003085365155363
D2026090964,0,0,0.03457540243494341
D2026079146,0,0,0.08697962776759374
D2026135775,0,0,0.10781551289025781
D2026005563,0,0,0.0968513967852359
D2026003206,0,0,0.10156687873564675
D2026127499,0,0,0.05575769128812794
D2026053683,0,0,0.05054230498002036
D2026083255,0,0,0.037564353473331445
D2026124168,1,0,0.1524445488377477
D2026098494,0,0,0.08020079930413955
D2026133186,0,0,0.406039019699578
D2026021970,0,0,0.0874833860069081
D2026111877,1,1,0.7532995486445573
D2026110303,1,0,0.3483733211493263
D2026094398,0,0,0.08080760294596691
D2026082925,0,0,0.05070570031259096
D2026087697,0,0,0.12081511009650746
D2026140151,1,0,0.13193975752476184
D2026035028,0,0,0.17926022643472048
D2026032993,0,0,0.10182739556821918
D2026083823,0,0,0.03064358837546894
D2026080171,0,0,0.0370107713000912
D2026051790,0,0,0.052601025713584174
D2026116156,1,1,0.888857779640147
D2026146535,0,0,0.06031673738717254
D2026122851,0,0,0.06497000769021986
D2026074230,1,1,0.9610308587950025
D2026144401,0,0,0.045091015299460656
D2026139549,0,0,0.05160725047813453
D2026051175,1,1,0.5842384589042052
D2026141528,0,0,0.0577190601220857
D2026004249,1,0,0.2810588267113567
D2026060342,0,0,0.07170021141174399
D2026030868,0,0,0.10281108246516157
D2026056675,0,0,0.14736966094744816
D2026109049,1,0,0.07163622758391709
D2026130991,0,0,0.2660168633986357
D2026024973,1,1,0.6994472361990357
D2026019805,0,0,0.12230123321936788
D2026021530,1,0,0.10705825207312993
D2026060840,0,0,0.07281306472161106
D2026144763,0,1,0.8018645786038516
D2026137118,0,0,0.07729311689994238
D2026013058,0,0,0.1738321175163488
D2026018147,0,0,0.051224594170185586
D2026134683,0,0,0.11468974139958522
D2026006512,1,0,0.14414583796239974
D2026031536,0,0,0.06904476408245203
D2026099846,1,0,0.4286996679319688
D2026114057,0,0,0.05699830433496598
D2026013329,0,0,0.07136345067761736
D2026013374,0,0,0.05796106256414714
D2026133013,0,0,0.07816814546702082
D2026001882,0,0,0.0760263658789274
D2026053676,0,0,0.07170267216874539
D2026020224,0,0,0.08504763864442297
D2026058106,1,0,0.32549311112570134
D2026145395,0,0,0.051742423755803894
D2026038506,0,0,0.04109134614568092
D2026093011,0,0,0.07928505165104431
D2026081295,0,0,0.40723621378121533
D2026074908,0,0,0.059932669223562766
D2026085546,0,0,0.09724645070913746
D2026117703,0,0,0.0795430404355623
D2026138786,0,0,0.0890258214442513
D2026046347,0,0,0.06071606541536239
D2026142567,0,0,0.10683313162013615
D2026112386,0,1,0.6119114857106125
D2026121406,1,1,0.6535647664384588
D2026118974,0,0,0.09599804504561989
D2026063298,1,0,0.41863348893474533
D2026006808,0,0,0.06133665948186697
D2026118317,0,0,0.03139575419591961
D2026143379,0,0,0.1395477380351937
D2026027980,0,0,0.09628544296495516
D2026088517,1,0,0.38267596361661627
D2026005918,0,0,0.08087349477396368
D2026129085,0,0,0.12372437479940149
D2026010484,0,0,0.056526021434925834
D2026025808,0,0,0.10230699019870813
D2026072149,0,0,0.03465651746071467
D2026108863,0,0,0.07939222089347733
D2026126800,0,0,0.08793791277867445
D2026086412,0,0,0.03393357563558895
D2026093666,0,0,0.06319039765184717
D2026045387,1,0,0.13745158862875165
D2026102627,1,0,0.2488986926968729
D2026068476,0,0,0.07280674154447443
D2026115270,0,0,0.038872140189459864
D2026030744,0,0,0.0806396914113605
D2026141957,0,0,0.4552553209900883
D2026081721,0,0,0.3191801568582093
D2026032849,0,0,0.05067895522492677
D2026011246,0,0,0.09435311782307604
D2026071915,0,0,0.09433912040341094
D2026002418,0,0,0.03317244203060398
D2026012194,1,0,0.2204346525441467
D2026056719,0,0,0.08535866804200708
D2026140698,0,0,0.08614642080300729
D2026140752,1,0,0.3040730416423777
D2026080508,0,0,0.022012800205086332
D2026120638,1,0,0.1983936743062858
D2026136854,0,0,0.07933145789948774
D2026019793,0,0,0.2712752986721212
D2026129858,1,0,0.10692616626463954
D2026078265,0,0,0.12029036278920024
D2026149418,0,0,0.4032423705661087
D2026051511,0,0,0.08749691727941829
D2026145187,0,0,0.10394540760557117
D2026046373,0,0,0.09605301007319796
D2026100359,0,1,0.5187236042672044
D2026118474,0,0,0.039677971332389234
D2026012851,0,0,0.06940097190676445
D2026044333,0,0,0.045220247296115915
D2026035592,0,0,0.07022615015498672
D2026139260,0,0,0.004532873945493481
D2026021610,0,0,0.07748100885066998
D2026036301,0,0,0.07271590629724674
D2026019770,0,0,0.07377634944052783
D2026092356,0,0,0.06459470217505378
D2026007832,1,0,0.05083151940000936
D2026131161,0,0,0.11014371211179023
D2026140061,0,0,0.16234217099611603
D2026120511,0,0,0.07291004432520792
D2026080681,0,0,0.04865468962266634
D2026098498,0,0,0.0976507717235388
D2026085037,0,0,0.08197190444152264
D2026001971,0,0,0.05361860308122972
D2026085616,0,0,0.05589551516954977
D2026068599,0,0,0.06908887689404573
D2026138310,0,0,0.10163743044955413
D2026084282,0,0,0.08959171088142844
D2026040767,0,0,0.15329071450243614
D2026011425,0,0,0.05477106781509556
D2026145221,0,0,0.1295927208440538
D2026104141,0,0,0.08218644670506915
D2026067672,0,0,0.08342951703953257
D2026094916,0,0,0.09833388351719337
D2026035045,0,0,0.057503277533413874
D2026072625,0,0,0.08252838691729247
D2026133557,0,0,0.1077304300651964
D2026052986,0,0,0.07881005378374031
D2026030323,0,0,0.15881632373747423
D2026114845,0,0,0.08111314077489036
D2026061375,0,0,0.06732706751857089
D2026017728,0,0,0.05374838041176843
D2026071519,0,0,0.4433761133431855
D2026029067,0,0,0.07633141741546196
D2026039759,0,0,0.06831023884596252
D2026000949,0,0,0.2251737896809845
D2026047653,0,0,0.07771964027084023
D2026009338,0,1,0.744625500485989
D2026101498,1,1,0.5383565208555222
D2026064641,0,0,0.2150503533675082
D2026051207,0,0,0.05929918509907812
D2026107335,1,0,0.14936153649301667
D2026140946,0,0,0.05747143567327871
D2026021004,0,0,0.05851409861790503
D2026005620,1,0,0.338765174805236
D2026056085,0,0,0.0657967607094476
D2026036341,0,0,0.1241525370737247
D2026137699,0,0,0.024958241142296736
D2026077107,0,0,0.07510978249484418
D2026082042,0,0,0.09995051435587123
D2026085807,1,1,0.531418884014325
D2026136020,0,0,0.04997199782778378
D2026116059,0,0,0.1134329543628049
D2026085016,1,0,0.07649053880382145
D2026052936,0,0,0.06458649165931132
D2026049772,0,0,0.09949270467787857
D2026149725,0,0,0.03489647297787791
D2026048889,0,0,0.05268121924254861
D2026014384,0,0,0.05724998010051241
D2026026622,0,0,0.05894708225109783
D2026061637,0,0,0.0684209578837663
D2026039352,0,0,0.060209457472306896
D2026038214,0,0,0.10050946743127834
D2026136447,0,0,0.10088236192613094
D2026008988,0,0,0.16163077109008833
D2026034563,0,0,0.18692414571934893
D2026005907,0,0,0.053799948621407544
D2026142864,0,0,0.0609997661163372
D2026063604,0,1,0.5344305326962955
D2026024980,1,1,0.636714047412671
D2026072177,0,0,0.14139544347688338
D2026050342,0,0,0.10574525704142546
D2026139929,0,0,0.04014085717111269
D2026056486,0,0,0.11594397222448909
D2026023362,0,0,0.03847062398305462
D2026074574,1,1,0.6334223165254304
D2026039826,0,0,0.051581301393064403
D2026104589,1,1,0.8673010166424253
D2026117987,0,0,0.12597458082406207
D2026111487,1,1,0.5233704793763657
D2026127510,0,0,0.03874680276813157
D2026014601,0,0,0.07608855426978986
D2026144469,0,0,0.060693241576712006
D2026012938,0,0,0.16146696999664123
D2026113545,0,0,0.1669001945145756
D2026034967,0,0,0.07430169106946644
D2026105749,0,0,0.1062386291202711
D2026090366,0,0,0.03654804981835417
D2026069460,0,0,0.07215587357560223
D2026082057,0,0,0.15354423451249055
D2026098028,0,0,0.06229884088164762
D2026139854,0,0,0.13895284265016206
D2026040781,0,0,0.04547039307207429
D2026127304,0,0,0.03644139573743907
D2026017935,0,0,0.0728690371511398
D2026117306,0,0,0.10118456038919885
D2026048229,0,0,0.0871677645792928
D2026018391,0,0,0.0718802977694004
D2026095942,0,0,0.08558326287936162
D2026080765,0,0,0.048472433041606255
D2026138906,0,0,0.08469397591461661
D2026075468,1,1,0.6714714153651655
D2026071484,0,0,0.10661641161852005
D2026105793,0,0,0.09472956887645527
D2026127176,1,0,0.25501990958696547
D2026104500,0,0,0.044899394440971456
D2026041407,0,0,0.0802101656238882
D2026121851,0,0,0.02668414379174
D2026052676,0,0,0.058692045499553286
D2026075893,0,0,0.035934639842522625
D2026050659,0,0,0.22197029657039252
D2026084127,0,0,0.07309757409051258
D2026097655,0,0,0.11800403524440045
D2026091059,0,0,0.10763665975377738
D2026138838,0,0,0.08096943957924542
D2026028442,0,0,0.0843517465178556
D2026108635,0,0,0.08691535316371572
D2026137048,0,0,0.09804743613814443
D2026069429,0,0,0.11259658403450003
D2026020374,0,0,0.10864712196379979
D2026086003,0,0,0.1254159171014418
D2026053151,0,0,0.172663487329526
D2026043805,0,0,0.43386513159193457
D2026046549,0,0,0.11722372792553222
D2026129667,0,0,0.007946901816628993
D2026102851,0,0,0.05688941007368611
D2026057332,0,0,0.0813736531436003
D2026136554,0,0,0.04022205787740096
D2026022666,0,0,0.1316514926236395
D2026012011,0,0,0.048095451969043315
D2026057746,0,0,0.04931331833952287
D2026095292,0,0,0.08486909985211982
D2026072815,0,0,0.3656511214736013
D2026077520,0,0,0.07567810457695487
D2026121855,0,0,0.07248080595109563
D2026022880,0,0,0.11228475815282468
D2026096792,0,0,0.05981039903769099
D2026135073,0,0,0.08466440532686434
D2026104660,0,0,0.07492049673570421
D2026096240,0,0,0.05069681102105086
D2026063267,0,0,0.06825378625137139
D2026024758,0,0,0.09172083087594751
D2026037769,0,0,0.08149154592922156
D2026088085,1,0,0.1880752814491758
D2026055734,0,0,0.07503431312411825
D2026080029,0,0,0.18236915775113077
D2026019811,0,0,0.09496364711008316
D2026128908,0,0,0.00032097544870050913
D2026064943,0,0,0.10160628308292662
D2026074776,0,0,0.04443830498329898
D2026094085,0,0,0.09749820926073426
D2026005110,0,0,0.03815886504449725
D2026028221,0,0,0.10299460706541373
D2026006321,0,0,0.07322448404875614
D2026074434,0,0,0.04512927605246601
D2026033983,0,0,0.08302279066804044
D2026148212,0,0,0.05276534742090881
D2026148632,0,0,0.09568040326878587
D2026039489,0,0,0.05215112913634979
D2026068950,0,0,0.15251954854067912
D2026001570,0,0,0.12951033062112322
D2026080162,0,0,0.10304903523882607
D2026087354,0,0,0.0458542546455458
D2026019568,0,0,0.022828329690730943
D2026042547,0,0,0.08718083816684465
D2026122993,0,0,0.03467446617833309
D2026116842,0,0,0.07997306429699318
D2026089072,0,0,0.16721052646702694
D2026009467,0,0,0.08908521099311441
D2026098647,0,0,0.055796755184902104
D2026088438,0,0,0.07802947036031077
D2026012611,1,0,0.23612564340102682
D2026073577,0,0,0.05660689599379867
D2026135716,0,0,0.07900198060974534
D2026037724,0,0,0.06763213963428545
D2026067474,0,0,0.0673073328771071
D2026056949,0,0,0.08625759799654656
D2026030265,1,0,0.22121846017679622
D2026088881,0,0,0.06921174751251737
D2026088684,0,0,0.04785824905809669
D2026069977,0,0,0.05866248305437041
D2026148218,1,1,0.6508788948644073
D2026130355,0,0,0.13371628473951305
D2026107232,0,0,0.07106221135446908
D2026115432,0,0,0.08461204153753672
D2026013356,0,0,0.11840370079265122
D2026148779,0,0,0.0652115308880994
D2026004845,0,0,0.1254722855943601
D2026136973,0,0,0.05205541252658217
D2026144728,1,0,0.08056416700375288
D2026139652,0,0,0.05878806099323187
D2026024299,0,0,0.1088312993673467
D2026020652,0,0,0.04406346262343835
D2026115572,0,0,0.07307711027891589
D2026123478,0,0,0.0664694605639477
D2026136731,0,0,0.07514760224161074
D2026001069,1,0,0.3244388634703324
D2026008714,1,1,0.6354047119181138
D2026129991,1,0,0.14115834329074567
D2026072142,0,0,0.06850122651744679
D2026095222,0,0,0.0569050595999755
D2026047865,0,0,0.08352167475828125
D2026061893,0,0,0.03556162942719488
D2026076432,0,0,0.04125767042657106
D2026015584,0,0,0.21224688127467653
D2026141175,0,0,0.07073329658242643
D2026127407,0,0,0.12016157522784279
D2026066095,0,0,0.14195134620947536
D2026116251,0,0,0.10204815254344808
D2026036801,0,0,0.16035294599029323
D2026018200,0,0,0.059534238549951234
D2026089510,0,0,0.1884837300345776
D2026031943,0,1,0.5353255933033468
D2026094826,0,0,0.08920690398207898
D2026048755,0,0,0.1297277241375267
D2026003271,0,0,0.15714917891985128
D2026002175,1,0,0.3135776447100204
D2026069907,1,0,0.499702849992041
D2026093210,1,0,0.17015449501256477
D2026119849,0,0,0.06710700108688242
D2026120003,0,0,0.05191700306667046
D2026043270,0,0,0.1286688306622317
D2026079818,0,0,0.06604333470310753
D2026021534,0,0,0.0942761644720261
D2026064049,0,0,0.0882948821500065
D2026077524,1,0,0.47868410317093346
D2026058141,0,0,0.0627786239800129
D2026138945,0,0,0.04775771737758363
D2026078579,1,0,0.0901100763600854
D2026126562,0,0,0.1643431883297989
D2026005598,0,0,0.07377805902335785
D2026068171,0,1,0.7453058440763725
D2026106609,0,0,0.12264134687670611
D2026137351,0,0,0.036235533211412346
D2026023241,0,0,0.05856556719993377
D2026137209,1,1,0.7739814955245399
D2026073826,0,0,0.04013868714069831
D2026074907,0,0,0.07072847831673232
D2026041322,0,0,0.09186256467376111
D2026128798,0,0,0.10635484474158943
D2026070216,0,0,0.07411441431867273
D2026081438,0,0,0.05967569514412608
D2026129229,0,0,0.05486305920138969
D2026029862,0,0,0.11490946408560813
D2026080221,1,0,0.3822337616518154
D2026082618,0,0,0.10342235258858247
D2026096683,0,0,0.07510219983426017
D2026010970,1,0,0.0695320436336325
D2026055783,0,0,0.09359272692823135
D2026117397,0,0,0.03684369149572073
D2026116554,0,0,0.09078430510501234
D2026033517,0,0,0.1151669764479126
D2026108077,0,0,0.07363334172797263
D2026032265,0,0,0.08830311349396208
D2026119443,0,0,0.0766259256727873
D2026107889,0,0,0.08820182848034024
D2026055900,0,0,0.341654228768984
D2026038705,0,0,0.1489208777867733
D2026077226,1,0,0.38659822017983053
D2026093819,1,0,0.2654019603272921
D2026068829,0,0,0.12669311125304084
D2026037711,0,0,0.1286953056232786
D2026121854,0,0,0.10757390854991951
D2026038054,1,1,0.5497014074189747
D2026137996,0,0,0.0348142140166204
D2026049148,0,0,0.17679966962822594
D2026137250,1,0,0.326555106703614
D2026084878,0,0,0.07208805899964955
D2026122149,0,0,0.0863735348692896
D2026105770,0,0,0.10750601899340553
D2026024090,1,0,0.16409864285859702
D2026134375,0,0,0.06465280222186502
D2026054573,0,0,0.08499034901708896
D2026051662,0,0,0.0682960929428528
D2026062146,0,0,0.04736229453388383
D2026058548,0,0,0.03628112863738357
D2026039978,0,0,0.0899624217074199
D2026060093,0,0,0.12057449890638616
D2026013936,0,0,0.10948232017120031
D2026021932,0,0,0.10100710244457775
D2026094940,0,0,0.0826198318723462
D2026031235,0,0,0.33552991206040417
D2026126381,1,1,0.577216871253505
D2026032729,0,0,0.0750143283051583
D2026057990,1,0,0.10676077689466373
D2026068737,0,1,0.5841296686298145
D2026108237,1,0,0.16017417533932035
D2026083314,0,0,0.30543410612071936
D2026104344,0,0,0.4420569301669709
D2026145063,0,0,0.053354076144810046
D2026039798,0,0,0.09379145556803979
D2026106057,1,1,0.8925863679404699
D2026092570,0,0,0.3455985300408727
D2026074676,1,0,0.3765222686228575
D2026085816,0,0,0.03801525933793649
D2026106970,0,0,0.05389348250605848
D2026133395,1,1,0.6656594210860501
D2026116355,0,0,0.09217849149307827
D2026137564,0,0,0.11503434565517073
D2026024660,0,0,0.029702568184473463
D2026013943,0,0,0.12316430618290862
D2026093751,1,0,0.46677057914550435
D2026095691,0,0,0.07313953017898427
D2026025159,1,1,0.6943449753311298
D2026109826,1,0,0.07474660764014897
D2026034866,0,0,0.016115249685096887
D2026107098,0,0,0.13745692667838433
D2026091490,0,0,0.10444910374294329
D2026136959,0,0,0.17718980488653566
D2026049693,0,0,0.07304866998856484
D2026020969,0,0,0.10139513357275833
D2026002603,1,0,0.2504114701415849
D2026003979,0,0,0.07422471683555884
D2026085008,0,0,0.058099493566410004
D2026115785,0,0,0.07563814934329376
D2026070040,0,0,0.11086256198264584
D2026068824,0,0,0.1187941228145009
D2026001926,0,0,0.07845838008753075
D2026098247,0,0,0.08726357902399297
D2026094426,1,1,0.8789313239194951
D2026106410,1,1,0.9825333658217533
D2026133263,1,0,0.10470590747764454
D2026061976,0,0,0.10442583165984201
D2026059470,0,0,0.09519766832435801
D2026035105,0,0,0.038388287385034296
D2026040957,0,1,0.9981769981785475
D2026027942,1,0,0.2521636913298117
D2026092610,0,0,0.06551458088660551
D2026133471,0,0,0.09510507608830158
D2026107021,0,0,0.07835481727310159
D2026095413,0,0,0.11772111307461594
D2026035959,1,0,0.2244976564130139
D2026069550,0,0,0.04280295245081878
D2026048548,0,0,0.0410462061115463
D2026036951,0,0,0.0921051347888587
D2026041450,1,0,0.07262143953314547
D2026047717,0,0,0.04138478384402042
D2026100532,0,0,0.10965441391049384
D2026050545,0,0,0.07185328035947426
D2026066923,0,0,0.041174952580436304
D2026105751,0,0,0.060100057526743425
D2026009182,1,1,0.5947694196107345
D2026120951,0,0,0.057562303177211234
D2026090919,0,0,0.13420827235139016
D2026037556,1,0,0.4237706621926159
D2026109239,0,0,0.043164031941189604
D2026001633,0,0,0.05409296086776622
D2026108122,1,0,0.19434865402439996
D2026059770,0,0,0.03692229897568652
D2026004326,0,0,0.030107865497427385
D2026149757,0,0,0.05807654995929962
D2026136210,0,0,0.04102362180695968
D2026118677,0,0,0.04771755604671502
D2026023666,0,0,0.06573486649673656
D2026145697,0,0,0.05987916367582594
D2026118395,0,0,0.04610001953282713
D2026128105,0,0,0.1603427757425458
D2026099697,0,0,0.053925890934793594
D2026117484,0,0,0.062361839757133164
D2026078231,0,0,0.052599465136659154
D2026021708,1,1,0.561808769541243
D2026049445,1,0,0.2838682129412066
D2026038476,0,0,0.15211635279266053
D2026007541,0,0,0.13173037861451728
D2026073223,0,0,0.06887311963817036
D2026068455,0,0,0.11028907820430836
D2026019254,0,0,0.034005542215525215
D2026053081,0,0,0.14243891868399552
D2026047044,0,0,0.07151555577077244
D2026072763,1,0,0.08148209912533938
D2026096823,0,0,0.08352459982418609
D2026110098,0,0,0.13232531735280967
D2026083896,0,0,0.04999821624290471
D2026044862,0,0,0.07284400632734057
D2026040773,0,0,0.20392573831016667
D2026081616,0,0,0.001766984959228379
D2026088930,0,0,0.04121561217250705
D2026113399,0,0,0.1279579967250167
D2026012560,0,0,0.12191780012443182
D2026061445,0,0,0.09193826525823719
D2026054157,0,0,0.09576936488620524
D2026085211,0,0,0.07497824106523254
D2026116419,0,0,0.02682940451987217
D2026055347,0,0,0.0707510414485295
D2026137111,0,0,0.04763460874088461
D2026142265,0,0,0.04667811500075075
D2026148724,1,0,0.1363295989223038
D2026003918,0,0,0.18765248358835124
D2026142596,0,0,0.11255855341840412
D2026018810,0,0,0.06886832614844654
D2026088435,0,0,0.026203901168339774
D2026053703,0,0,0.06956662034196316
D2026056002,1,1,0.5983840308670907
D2026142828,0,0,0.11350360734205926
D2026138075,1,0,0.08158529623494244
D2026060762,0,0,0.07272873777157361
D2026135890,0,0,0.06423632246515718
D2026103511,1,1,0.9864610143500259
D2026071765,1,0,0.22680006181452866
D2026055674,0,0,0.08536086092918029
D2026046278,1,1,0.9229014923521011
D2026046201,0,0,0.039288494845557284
D2026006792,0,0,0.1342577924411362
D2026108407,0,0,0.2610376817561685
D2026069003,0,0,0.0057930504388781084
D2026133424,0,0,0.09784646573492382
D2026109702,0,0,0.06989589090385878
D2026036590,1,1,0.5204331715885999
D2026142166,0,0,0.05966990897762899
D2026028193,0,1,0.7025696681034749
D2026110529,0,0,0.12491563347432796
D2026138799,1,0,0.2028882936432738
D2026059449,0,0,0.08713619029614268
D2026105550,0,0,0.021851715554387183
D2026042847,0,0,0.09443299885954237
D2026057244,0,0,0.03068202928209299
D2026137389,0,0,0.15002639480509336
D2026101111,1,1,0.9427763607628953
D2026084707,1,0,0.18016685913780653
D2026030991,0,0,0.12227746923045299
D2026093300,0,0,0.0717580472690928
D2026091820,0,0,0.0829836837345122
D2026074987,0,0,0.07094004020580592
D2026044575,0,0,0.08970697293007061
D2026135027,0,0,0.06800814471412832
D2026059875,0,0,0.06917560743127996
D2026066301,0,0,0.042972649461585674
D2026067543,0,0,0.04244123083853266
D2026061249,0,0,0.07312401932287776
D2026044842,0,0,0.026394511560939228
D2026133886,1,0,0.289800166732042
D2026010441,0,0,0.058687437942066545
D2026014264,0,0,0.11790687689751059
D2026022985,1,0,0.49801651073549813
D2026127359,0,0,0.07292398249936241
D2026016402,0,0,0.05022195266860768
D2026028973,0,0,0.07633091764668812
D2026065049,0,0,0.08459158311762277
D2026148052,0,0,0.0972695033510717
D2026010458,0,0,0.058998459529843006
D2026131476,1,1,0.7508296390799332
D2026079930,1,0,0.27766281800013215
D2026103936,0,0,0.07875722235836817
D2026077920,0,0,0.11072200644487884
D2026089946,1,0,0.0850333057476133
D2026014315,0,0,0.13995035499681618
D2026027579,0,0,0.0487318012106326
D2026011924,1,0,0.22009755209024767
D2026142431,0,0,0.15603704136949284
D2026066569,0,0,0.15864438581320484
D2026013308,0,0,0.08300529782908438
D2026013341,0,0,0.07706714573642295
D2026129605,0,0,0.04256320258100473
D2026135956,0,0,0.09406529850824155
D2026008933,0,0,0.0931426380359326
D2026112712,0,0,0.06618760201992274
D2026016358,0,0,0.0691681502408766
D2026077861,0,0,0.17929671804219502
D2026000300,0,0,0.06422509424610708
D2026089794,0,0,0.10572730447805609
D2026071183,1,0,0.15022021310719894
D2026132622,0,0,0.0786674879034198
D2026111952,0,0,0.12291155140296216
D2026060140,0,0,0.08007310320407009
D2026005507,0,0,0.10113597075407885
D2026061320,0,0,0.07608808919111082
D2026059750,0,0,0.10349974027163175
D2026065057,0,0,0.10017113276748572
D2026066291,0,0,0.029177766227489816
D2026074991,0,0,0.025356760047096274
D2026060992,0,0,0.15896910321744168
D2026052002,0,0,0.06147743933230908
D2026029321,1,1,0.9412206694819446
D2026119667,0,0,0.05696702660502404
D2026102629,0,0,0.09594395848279406
D2026008206,0,0,0.07886983861310093
D2026143066,0,0,0.05366554173772713
D2026042853,0,0,0.088678171292462
D2026053749,0,0,0.024164076212627294
D2026125329,0,0,0.051863355617201755
D2026040440,0,0,0.03813878825083679
D2026036965,0,0,0.04673702222714329
D2026060203,0,0,0.07295113218652818
D2026126604,1,0,0.09268671132688468
D2026130873,1,1,0.5644417076038757
D2026116358,0,0,0.06269207863716841
D2026117338,0,0,0.06827227595344813
D2026103856,1,0,0.468547016730105
D2026067272,0,0,0.05620800471396046
D2026091890,0,0,0.0873627155718894
D2026120164,0,0,0.07863245997162573
D2026011289,0,0,0.11118871162471285
D2026061228,0,0,0.04252911679625572
D2026004426,0,0,0.11891361961982969
D2026073855,1,1,0.5297103696187044
D2026052359,0,0,0.05752522686696673
D2026106134,0,0,0.1306134501021189
D2026043449,0,0,0.017871514050730803
D2026147952,0,0,0.05148069048784018
D2026048020,0,0,0.11456033101618934
D2026037161,0,0,0.04948318664205375
D2026031018,0,0,0.07059721830446156
D2026141014,0,0,0.0674785722196609
D2026065485,0,0,0.09748040620060748
D2026087740,0,0,0.057360968179988765
D2026010767,0,0,0.06636240347542804
D2026028048,0,0,0.07468003975005094
D2026146854,0,0,0.05696364336218834
D2026026125,0,0,0.09077978565011144
D2026098219,0,0,0.10649905351519647
D2026115304,1,0,0.05041630380120977
D2026021627,0,0,0.055922090724173736
D2026091118,0,0,0.328610303750294
D2026087332,0,0,0.04219866883851976
D2026131133,0,0,0.06404166462859573
D2026072008,0,0,0.05732627666580323
D2026031219,0,0,0.16133381969193145
D2026084439,0,0,0.13627932276992183
D2026049684,0,0,0.05077879114147434
D2026123010,0,0,0.33965029438024075
D2026061036,0,0,0.01068805905680596
D2026092321,0,0,0.037897696954661476
D2026043621,0,0,0.05851499496034886
D2026030322,0,0,0.07040157998259843
D2026090601,0,0,0.040160234906446206
D2026145696,0,0,0.08977425124169364
D2026147213,0,0,0.0808239455582362
D2026067936,0,0,0.13574469369679865
D2026045319,0,0,0.10176915430926428
D2026131774,0,0,0.07221714290154498
D2026038700,0,0,0.12330535120484015
D2026051168,0,0,0.037571986529762166
D2026066211,0,0,0.04799662935850536
D2026017699,0,0,0.06813591522730923
D2026016687,0,0,0.10309890661886889
D2026063237,0,0,0.06471567459661828
D2026122270,0,0,0.03677881658135047
D2026045250,0,0,0.06694378502821113
D2026111832,0,0,0.08166373355076062
D2026086856,0,0,0.10494921942119159
D2026063152,0,0,0.09194120782295644
D2026037046,0,0,0.022325701323272978
D2026059679,0,0,0.060251698865009536
D2026130653,0,0,0.08421249916070134
D2026104402,1,0,0.3082709464596304
D2026001440,0,0,0.07111455578246453
D2026109479,1,0,0.18926717924541367
D2026009100,0,0,0.06135083733206036
D2026132289,1,0,0.28002730361573747
D2026087925,0,0,0.14209807789820925
D2026063680,0,0,0.07367306848635218
D2026024101,0,0,0.04940500411357417
D2026063650,0,0,0.08934430113797817
D2026086224,0,0,0.0686560126185681
D2026104618,0,0,0.05605562573595032
D2026014934,0,0,0.07705601675887819
D2026028304,0,0,0.12370288548642601
D2026025938,0,0,0.07762424322625715
D2026140582,0,0,0.06738755510242764
D2026096067,1,0,0.1772570378998981
D2026021809,1,0,0.38996902628623775
D2026133905,1,0,0.21790291064611528
D2026070772,0,0,0.046215573989520066
D2026091774,0,0,0.050685899212323415
D2026103001,0,0,0.08354869792613043
D2026000858,0,0,0.05080680332904916
D2026117594,1,0,0.4036834729967608
D2026088404,1,0,0.3377536205457631
D2026065295,0,0,0.22742766354270189
D2026085725,0,0,0.14063880404644172
D2026057698,0,0,0.03463092881457658
D2026111594,0,0,0.06490074727253207
D2026116798,0,0,0.04211746665914343
D2026123651,1,0,0.28982543394518945
D2026015655,0,0,0.15200510071738632
D2026131927,0,0,0.2092880682139469
D2026003563,0,0,0.08526680021114917
D2026129301,0,0,0.08442076841017664
D2026145229,0,0,0.10913457226695106
D2026022548,0,0,0.1279857299568347
D2026138645,1,1,0.5056405077847533
D2026138866,0,0,0.08179900832858121
D2026145450,0,0,0.09145556264918143
D2026065488,0,0,0.05908273727964558
D2026037284,1,0,0.39518757487927275
D2026137561,0,0,0.1912071897602404
D2026078539,1,0,0.06086990650944355
D2026125748,1,0,0.328310397163006
D2026016925,0,0,0.07227019201546699
D2026069103,0,0,0.10433459073104283
D2026057672,0,0,0.05479154793212427
D2026026890,0,0,0.12014855319409834
D2026052684,0,0,0.08571314640491096
D2026042433,1,1,0.8003514667334933
D2026097093,0,0,0.05425077159417406
D2026006723,1,0,0.11727313599516731
D2026027596,0,0,0.07389586717114469
D2026020730,0,0,0.023290880288586842
D2026038056,0,0,0.09743488524726654
D2026149022,0,0,0.05944907202076256
D2026010522,0,0,0.29696589369202675
D2026003830,0,0,0.10201836688635359
D2026003106,1,0,0.34334593180388995
D2026101355,0,0,0.08685452567497082
D2026095365,0,0,0.07799579723773097
D2026068625,0,0,0.043584936195462234
D2026092175,0,0,0.1428918527074785
D2026088772,0,0,0.058678075219370116
D2026077421,0,0,0.11732771892821131
D2026061253,0,0,0.051070274038936866
D2026142974,1,0,0.12794108136529309
D2026093659,0,0,0.328460962026593
D2026129403,0,0,0.1902595364629686
D2026078313,0,0,0.0854648714038975
D2026044890,0,0,0.11081309763236873
D2026050235,1,0,0.22134437592201459
D2026025533,0,0,0.05143582371122033
D2026067143,0,0,0.11033104106112655
D2026043856,0,0,0.1673650093219152
D2026128662,1,0,0.24018592562495344
D2026001332,0,0,0.0618165803646413
D2026001864,0,0,0.12020182648729812
D2026074278,1,0,0.09312178843293868
D2026137407,0,0,0.04345208887624944
D2026050643,0,0,0.09233501547665143
D2026077702,0,0,0.1329525125653
D2026025221,0,0,0.014769894574468515
D2026083739,0,0,0.010972463538756942
D2026023972,0,0,0.08279779706661695
D2026139477,0,0,0.08759735870916734
D2026052378,0,0,0.05295784145308412
D2026030818,0,0,0.1059206885726884
D2026052569,0,0,0.030984883926031718
D2026144136,0,0,0.13494959994164119
D2026007996,0,0,0.1068703440920288
D2026003939,0,0,0.028500168847557888
D2026114303,0,0,0.04507563602389618
D2026146597,0,0,0.10936174333237401
D2026057794,0,0,0.10020753121667475
D2026105559,0,0,0.06108050622301363
D2026134310,0,0,0.04342916536478514
D2026073689,0,0,0.055319456979760616
D2026094318,0,0,0.12001192475431895
D2026050531,0,0,0.08275808392804825
D2026067137,0,0,0.10342219084147808
D2026034700,0,0,0.056959698431490596
D2026051765,1,0,0.1905893632538143
D2026023070,0,0,0.250592909334983
D2026046566,0,0,0.10356435220550379
D2026039506,0,0,0.22978690862072013
D2026130059,0,0,0.0601854878250338
D2026083670,0,0,0.06868797030674005
D2026064734,0,0,0.10174966376750726
D2026007931,0,0,0.03830044604767064
D2026146739,0,0,0.11568508268607922
D2026109972,0,0,0.039066632023572
D2026027834,1,1,0.6202744601198651
D2026108756,0,0,0.09068766888781783
D2026053919,0,0,0.09666390955853699
D2026115020,0,0,0.06673484529450291
D2026149181,0,0,0.15293147241336233
D2026120127,0,0,0.05031409790747299
D2026034924,0,0,0.09444334872926512
D2026119379,0,0,0.06127479219884194
D2026142150,0,0,0.13375984155851026
D2026097700,0,0,0.06253571339250943
D2026052758,0,0,0.10772664116113573
D2026093849,0,0,0.14354167682677516
D2026037205,0,0,0.12135250308328928
D2026060165,0,0,0.06199181989036146
D2026043687,1,0,0.09809021522606343
D2026130063,0,0,0.11852960768616631
D2026118096,1,0,0.19635636470160878
D2026057728,0,0,0.02999702643338116
D2026033860,0,0,0.07736088727161362
D2026129903,0,0,0.21126728957707822
D2026014590,0,0,0.030494310441267488
D2026032580,1,0,0.43361743465368646
D2026011443,0,0,0.11701405729964386
D2026119041,0,0,0.09073738737383656
D2026102078,0,0,0.07387627602553995
D2026046049,0,0,0.06991704785233754
D2026064783,0,0,0.08011714608108665
D2026069878,0,0,0.04590060001294172
D2026058585,0,0,0.10330357053424895
D2026039734,0,0,0.0742495166882421
D2026081995,1,0,0.38146302815150834
D2026044903,0,0,0.10737407842410876
D2026028756,0,0,0.2848046801590324
D2026038944,0,0,0.03514590308534384
D2026017908,0,0,0.08989394470845079
D2026072240,0,0,0.11477554003568366
D2026082813,0,0,0.11145105074041126
D2026004183,0,0,0.011453871979045408
D2026031014,0,0,0.1884046410822528
D2026135197,0,0,0.0504754086393212
D2026002327,0,0,0.06566656511428769
D2026067185,0,0,0.2542981216629673
D2026136594,0,0,0.13858869463965515
D2026091835,0,0,0.06062688194230476
D2026083565,0,0,0.011473851628612036
D2026098832,1,0,0.3383446637963519
D2026063972,0,0,0.03525902160663192
D2026059164,0,0,0.1312704173074254
D2026044163,1,0,0.2864281400315204
D2026048134,0,0,0.04752469183591129
D2026030940,0,0,0.10868550129908228
D2026021841,0,0,0.06121343954184881
D2026093032,0,0,0.050301252411851724
D2026115591,0,0,0.032413502377248014
D2026110858,0,0,0.06931901044640298
D2026030421,0,0,0.0914041959287773
D2026134894,1,0,0.1290519819152402
D2026149012,1,1,0.8777872536772885
D2026099472,0,0,0.05717749810528643
D2026089575,0,0,0.04581760749562662
D2026069567,1,0,0.45443400732106887
D2026085168,1,0,0.4768721150853567
D2026105898,0,0,0.125702984498793
D2026105600,0,0,0.08015297242325665
D2026044093,0,0,0.05315967863501034
D2026092590,0,0,0.1977725854154319
D2026006880,0,0,0.08363435416099166
D2026116122,0,0,0.052353341938804025
D2026067285,0,0,0.047128692980569334
D2026140024,0,0,0.12263361844962198
D2026064003,0,0,0.146356532506444
D2026141850,0,0,0.04277544111283923
D2026102296,0,0,0.047235692294867404
D2026072091,0,0,0.029077694160298553
D2026031243,0,0,0.09477147652324582
D2026117049,0,0,0.09541630210884913
D2026076469,0,0,0.06220405038399872
D2026063541,0,0,0.07793932599782004
D2026044968,0,0,0.045383542313464045
D2026093655,0,0,0.10779494261694711
D2026059251,0,0,0.4701411877441538
D2026049089,0,0,0.09612776513724113
D2026010257,0,0,0.13897632538527954
D2026063044,0,0,0.007647567144511986
D2026085445,0,0,0.053020919550342126
D2026098397,0,0,0.09559593650927863
D2026020016,0,0,0.13154982547260505
D2026058835,0,0,0.11877221235149409
D2026065569,0,0,0.21295349056597118
D2026066673,0,0,0.10948168827723195
D2026063259,0,0,0.33423319127708606
D2026036821,0,0,0.08587007449699197
D2026149200,0,0,0.11623473449881494
D2026039697,0,0,0.10217780964529447
D2026100817,0,0,0.09062278220260458
D2026073917,0,0,0.12008734223913113
D2026093469,0,0,0.05589016674969835
D2026085784,0,0,0.15679613242621557
D2026065620,0,0,0.0346102589319227
D2026032935,0,0,0.15144360074938254
D2026086745,0,0,0.14341468957494666
D2026073035,0,0,0.04595863168267571
D2026061658,1,0,0.2704290700233719
D2026096371,0,0,0.11941240225122214
D2026147980,0,0,0.05531008346317624
D2026059642,1,0,0.26030185321466354
D2026060567,0,0,0.07319523077951995
D2026037381,0,0,0.05495078820406128
D2026110971,0,0,0.12401336200049702
D2026067656,0,0,0.10795575133221667
D2026042635,1,0,0.376650014823063
D2026109299,0,0,0.11105811333241762
D2026022348,0,0,0.0753410440423202
D2026090506,0,0,0.10107037494054294
D2026052197,0,0,0.07173775760087084
D2026077773,1,0,0.35830285272740764
D2026038747,0,0,0.08311025184865169
D2026089726,1,1,0.6170544442128209
D2026062864,0,0,0.11115104260161665
D2026118561,0,0,0.14659602982041087
D2026138573,1,1,0.8072667417263892
D2026022539,0,0,0.09373593864485415
D2026006782,0,0,0.06795811604997876
D2026148061,0,0,0.08150586610709903
D2026128262,0,0,0.07300691907999782
D2026045653,0,0,0.059573468278462036
D2026111999,0,0,0.05213382783245076
D2026050392,0,0,0.021223013712337972
D2026087262,1,0,0.11995776791294886
D2026096412,0,0,0.06684508180350499
D2026077848,1,1,0.8339706190217285
D2026122787,0,0,0.06368958247314438
D2026025589,0,0,0.08439340555007556
D2026087720,0,0,0.09127057772571462
D2026035725,0,0,0.036526395200952334
D2026021334,1,0,0.11689665973474797
D2026088339,0,0,0.1362307842833995
D2026105202,0,0,0.06337847717515505
D2026023859,0,0,0.202803329161983
D2026129989,0,0,0.05949615003305158
D2026073000,0,0,0.07719050584896518
D2026098881,0,0,0.14588210257764228
D2026051161,0,0,0.05377036948298905
D2026070596,1,0,0.0659943134210078
D2026082337,0,0,0.05853761720425076
D2026102919,0,0,0.09104331763261085
D2026124792,0,0,0.08856161672318749
D2026025353,0,0,0.2500692193428557
D2026010723,0,0,0.040394971162363694
D2026059194,0,0,0.11060331973182778
D2026082436,0,0,0.055203702012124704
D2026088188,0,0,0.12416471356913668
D2026068817,1,0,0.49253043568240784
D2026058560,0,0,0.07146051932928695
D2026143244,0,0,0.06541681520886658
D2026005685,1,1,0.7506777299966064
D2026085474,0,0,0.003201953726647464
D2026131606,0,0,0.06154021304491806
D2026117689,0,0,0.03245358165763318
D2026007444,0,0,0.0643027475258286
D2026092652,0,0,0.04081059061678197
D2026088905,0,0,0.07193439393396464
D2026138513,0,0,0.07472036286748916
D2026142747,0,0,0.04158306500694195
D2026032363,0,0,0.09972471264332605
D2026085871,0,0,0.11422628346711793
D2026034959,0,0,0.14674264543195734
D2026036459,0,0,0.09319051613247631
D2026093309,0,0,0.1315626383635145
D2026044203,0,0,0.08215383848511519
D2026084796,0,0,0.13076421622825082
D2026068818,1,0,0.3542418765838204
D2026021943,0,0,0.10970594157916558
D2026081184,0,0,0.11238887297966564
D2026130372,0,0,0.05163538822033088
D2026063369,0,0,0.06212954508644128
D2026085940,1,1,0.5070538329425963
D2026050616,1,0,0.13632389597204983
D2026044217,0,0,0.05932250309632533
D2026097151,0,0,0.06954492229522238
D2026067040,0,0,0.0954506712473946
D2026056892,0,0,0.11532621589428062
D2026046245,0,0,0.03694534721945812
D2026078245,0,0,0.10148432956243936
D2026037862,0,0,0.05138143123315863
D2026018168,0,0,0.10968610323653587
D2026134662,0,0,0.06365180415713231
D2026138331,0,0,0.15990019395122962
D2026019068,1,0,0.4735799776177926
D2026110954,1,0,0.07811330077293482
D2026061169,1,0,0.147255157890219
D2026091538,1,0,0.380936437814528
D2026116607,0,0,0.06698397096798844
D2026016265,0,0,0.009927552878838048
D2026048095,0,0,0.17501168442321136
D2026009827,0,0,0.07314730707252605
D2026081687,0,0,0.2940798070126733
D2026088217,0,0,0.043545561580109984
D2026073161,0,0,0.14493731096865833
D2026071279,0,0,0.08595783906798134
D2026138408,0,0,0.11386013688060373
D2026089980,0,0,0.048343525152673164
D2026059909,0,0,0.06394907108747565
D2026080833,0,0,0.03467465248273566
D2026000969,0,0,0.03488248461917166
D2026040234,1,1,0.6519067773905669
D2026061190,0,0,0.037508465223511867
D2026146485,0,0,0.07229126318804659
D2026109752,0,0,0.05656575056092031
D2026109676,0,0,0.035892749312853016
D2026094778,0,0,0.03201857490028106
D2026086709,0,0,0.04928746637225214
D2026082853,0,0,0.09077555155674254
D2026039588,0,0,0.06782509593862343
D2026124697,0,0,0.10348931939546832
D2026017445,0,0,0.09716521360780365
D2026115859,0,0,0.02940101400019444
D2026034000,0,0,0.023461665982428458
D2026148300,0,0,0.05942755615673082
D2026072810,0,0,0.053214682912225246
D2026135852,0,0,0.05834411688697966
D2026111923,0,0,0.04886730262088571
D2026035524,0,0,0.06172408336292481
D2026041002,0,0,0.08763328784278293
D2026085642,0,0,0.019664350456806853
D2026021509,0,0,0.03203526430893534
D2026061954,0,0,0.0008294688562760715
D2026077120,0,0,0.30113290190562236
D2026008532,0,0,0.05830019950589232
D2026112332,0,0,0.0965622633577559
D2026149099,0,0,0.0638867005156675
D2026008075,0,0,0.027738162182108
D2026107339,0,0,0.4988172455372618
D2026086329,0,0,0.10437825016278417
D2026063659,0,0,0.130140133276483
D2026132215,1,1,0.5458123548237149
D2026040876,0,0,0.0981439148879152
D2026110909,0,0,0.07675794663826595
D2026021408,1,1,0.991996882835847
D2026005275,0,0,0.0973157789460744
D2026032613,1,0,0.29019617291746425
D2026104632,0,0,0.042774285801301506
D2026028401,0,0,0.06217173037524407
D2026104254,0,0,0.07697557477292091
D2026060701,0,0,0.1001958075371383
D2026102307,0,0,0.05287135829313327
D2026138542,0,0,0.03780464014737561
D2026124827,0,0,0.06418515292790831
D2026025847,0,0,0.05351819119977027
D2026057222,0,0,0.11495158660817673
D2026016155,0,0,0.019641432741515537
D2026100269,1,1,0.7028478942059144
D2026025381,0,0,0.07800704534164676
D2026011491,0,0,0.08740477551576906
D2026097465,0,0,0.07873062213340357
D2026069193,0,0,0.023529626290329703
D2026006498,0,0,0.06907631136582924
D2026006230,0,0,0.06646872239714001
D2026030500,0,0,0.1628397352048081
D2026140474,0,0,0.09695112492690974
D2026068677,0,0,0.045061780755045786
D2026073612,0,0,0.09451457305646664
D2026076539,0,0,0.059380033563402185
D2026091234,0,0,0.12053395501026368
D2026029574,0,0,0.07759374303795664
D2026114799,0,0,0.11508369205596304
D2026001828,0,0,0.1114278355137464
D2026058842,0,0,0.1071558688429108
D2026037576,0,0,0.12631364181277416
D2026043401,0,0,0.07535722985183568
D2026025754,0,0,0.09660803615055874
D2026067852,1,0,0.08585787551556215
D2026037600,0,0,0.1656836749095135
D2026126069,0,0,0.08052119597081007
D2026077814,0,0,0.06813029855551873
D2026075372,0,0,0.09227078368911798
D2026125687,0,0,0.08387252379340779
D2026092141,1,0,0.16762758971283548
D2026020588,0,1,0.6720793546110955
D2026046779,0,0,0.11878871368298038
D2026115290,0,1,0.6020616891553995
D2026010900,0,0,0.20376317157611623
D2026104379,0,0,0.16740036876378803
D2026097479,0,0,0.08562939147478837
D2026055841,0,1,0.5175152742246133
D2026023940,0,0,0.06394037307660083
D2026134123,0,0,0.07190110825357329
D2026035417,0,0,0.0465170748587959
D2026124265,0,0,0.06449835985922507
D2026139522,0,0,0.03962005787535602
D2026094608,0,0,0.15859351943791922
D2026016948,0,0,0.1555836777706517
D2026148857,0,0,0.0944148772582148
D2026003486,0,0,0.07629472161315935
D2026119292,0,0,0.0868067869131932
D2026148254,0,0,0.10272761759159826
D2026128558,0,0,0.036887788144709915
D2026051541,0,0,0.06634217679147479
D2026047818,0,0,0.1837122432597362
D2026089132,0,0,0.10532712405456611
D2026078258,0,0,0.08928668773891078
D2026020512,0,0,0.09397256594421197
D2026023404,0,0,0.049653906024937564
D2026086906,0,0,0.07144657941376135
D2026081866,0,0,0.26087613799198434
D2026119884,0,0,0.07740320285609877
D2026038415,1,0,0.1405899814437262
D2026004452,0,0,0.1301340410178791
D2026086022,0,0,0.08426278878696027
D2026056514,0,0,0.15959481029263548
D2026020476,0,0,0.12189437869638135
D2026084602,0,0,0.1117002853409275
D2026057626,0,0,0.06900344742770571
D2026045501,0,0,0.12210803883474443
D2026081636,0,0,0.046585630198757055
D2026031830,0,0,0.04643802271903872
D2026006493,1,1,0.7125135096378332
D2026117329,0,0,0.10915657218537131
D2026092932,0,0,0.04261156678922397
D2026123812,0,0,0.13975954241247
D2026030664,0,0,0.08322598068761297
D2026025491,0,0,0.041729303466805305
D2026059387,0,0,0.0013447876786095824
D2026032460,0,1,0.7885337408624877
D2026022425,0,0,0.08021486864182509
D2026080082,0,0,0.156401552742952
D2026043873,0,0,0.09845382126340263
D2026041712,0,0,0.08343766622459929
D2026049788,0,0,0.05939675994542598
D2026027743,0,0,0.4778847443677792
D2026147578,0,0,0.13499642014766355
D2026134064,0,0,0.0772274638070118
D2026017753,0,1,0.6797391644558534
D2026090126,0,0,0.09486517539902693
D2026134055,1,1,0.84577216487054
D2026149292,0,0,0.11067910364481229
D2026019447,1,1,0.7814063379465552
D2026128911,0,0,0.07806963564226428
D2026022144,0,0,0.038318575248415435
D2026041974,0,0,0.16624992016572854
D2026124623,0,0,0.1278863799107776
D2026121429,0,0,0.058586865363874696
D2026142087,0,0,0.4301354613832703
D2026062435,0,0,0.03561595279278963
D2026051305,0,0,0.15938755741863952
D2026034316,1,1,0.5368691001207323
D2026032286,0,0,0.07071759632651024
D2026127749,0,0,0.09112364474556586
D2026123425,1,1,0.9297085994962323
D2026092745,0,0,0.06753623293289789
D2026070584,0,0,0.09448644515327151
D2026099674,0,1,0.5313203276733331
D2026051608,0,0,0.03066719863909635
D2026037180,0,0,0.03470415804404112
D2026079671,0,0,0.13013388059043685
D2026013072,0,0,0.0909766562626637
D2026075005,0,0,0.05931229735794303
D2026001056,0,0,0.08344926453313115
D2026056400,0,0,0.04337385901719691
D2026137910,0,0,0.07026291676248352
D2026131663,0,0,0.09924153283334664
D2026103116,0,0,0.10503619916991283
D2026018980,0,0,0.1144558601238337
D2026040420,0,0,0.07385518137598152
D2026091943,0,0,0.08858016823813432
D2026148465,0,0,0.27372986576953884
D2026131297,0,0,0.0378593371312361
D2026094082,0,0,0.404511668157248
D2026106377,1,1,0.9664672968406214
D2026118782,0,0,0.09933926685814475
D2026062909,1,0,0.4742163601337858
D2026096486,0,0,0.13809211547811343
D2026121442,0,0,0.06301065738894772
D2026042347,0,0,0.09354154836315036
D2026074959,0,0,0.11883484254595733
D2026026065,0,1,0.5236335789999732
D2026073007,1,1,0.8958112145453593
D2026075833,0,0,0.051710672154818164
D2026146264,0,0,0.12031774561224913
D2026044966,0,0,0.08204447755732655
D2026025369,0,0,0.32476226646195616
D2026117395,0,0,0.08671599138790687
D2026037451,0,0,0.11478739206160707
D2026031036,0,0,0.14101657038762433
D2026024267,0,0,0.11282921132169471
D2026002521,1,0,0.19173122549362556
D2026029671,1,0,0.3892764055382851
D2026126644,1,0,0.0750763437157833
D2026120043,0,0,0.06399362083295906
D2026107255,0,0,0.113819694089631
D2026115567,0,0,0.051663798000985806
D2026141732,0,0,0.039408397464585944
D2026135943,0,0,8.031590683164128e-05
D2026123388,0,0,0.080844153067422
D2026048302,0,0,0.13675264926231445
D2026148483,1,0,0.10198524699934938
D2026097414,0,0,0.3336445456700596
D2026116103,0,0,0.310079644051622
D2026022111,0,0,0.06222444429603269
D2026116311,0,0,0.10526419534384927
D2026059706,0,0,0.07764807519332308
D2026084488,0,0,0.045020224403903256
D2026122191,0,0,0.07062432212387132
D2026006609,0,0,0.07092502957739509
D2026049836,0,0,0.06070089830207443
D2026129100,0,0,0.059992394570202855
D2026105441,0,0,0.10226706252384256
D2026006923,0,0,0.05578941192426915
D2026029397,0,0,0.0736106579587066
D2026019567,0,0,0.08022714484877014
D2026124448,0,0,0.05861203293729144
D2026128402,0,0,0.07404994479435915
D2026058502,1,0,0.4136948053269133
D2026093715,0,0,0.06983472296163819
D2026033384,0,0,0.06290561903796603
D2026093207,0,0,0.1754925529471718
D2026052239,0,0,0.07616639375412075
D2026046165,0,0,0.06427392339000872
D2026071301,1,0,0.4169031575640509
D2026132686,0,0,0.13263324179760524
D2026078858,0,0,0.15367983285589062
D2026104803,0,0,0.06175826223404106
D2026088612,0,0,0.07178577401869252
D2026132192,0,0,0.01087955489351461
D2026078088,0,0,0.045885702664175035
D2026133352,0,0,0.09969805583566464
D2026129847,0,0,0.11870525723298947
D2026137775,0,0,0.1326631962477897
D2026078507,0,0,0.1038787977039348
D2026080800,0,0,0.09550332770653339
D2026028811,0,0,0.029664181428262257
D2026140585,1,0,0.46224915775628583
D2026026145,0,0,0.06722131588744412
D2026132370,1,0,0.11921056650263796
D2026097214,0,0,0.13200295613656834
D2026041152,0,1,0.9749807291907681
D2026143978,0,0,0.05981584525808251
D2026091621,0,0,0.10893995804179385
D2026128528,0,0,0.11857185059339213
D2026131023,0,0,0.14923633570017786
D2026008448,0,0,0.302998064759984
D2026077673,0,0,0.10376223517166223
D2026024264,0,0,0.12888857976319534
D2026093445,0,0,0.07983082972569598
D2026070706,1,0,0.17837028713280512
D2026033203,0,0,0.06279926098799175
D2026023155,0,0,0.09910671583963122
D2026106810,0,0,0.05773488713999552
D2026129356,1,0,0.09880735098725603
D2026088569,0,0,0.10778662997914036
D2026065234,0,0,0.10353173527350344
D2026050083,0,0,0.05459156968550758
D2026004161,0,0,0.062453534003094294
D2026052385,0,0,0.10006544433650394
D2026049795,0,0,0.4996330395206663
D2026137513,0,0,0.035103688738118366
D2026060720,0,0,0.12022581506842955
D2026138395,0,0,0.40428152222440994
D2026043681,1,0,0.06443045918059079
D2026013905,1,1,0.7344360114200408
D2026013649,0,0,0.033462707509995866
D2026086493,0,0,0.10198143677724206
D2026071887,0,0,0.12933314830417508
D2026026291,0,0,0.07551133516676639
D2026120594,0,0,0.034598815087002445
D2026084097,0,0,0.049291134570967586
D2026014080,0,0,0.08124668698476174
D2026023810,0,0,0.05306689154865378
D2026091116,0,0,0.1446242149973087
D2026016682,0,0,0.10491165461139221
D2026109349,0,0,0.10191723423597503
D2026040890,1,0,0.06141577036126048
D2026148331,0,0,0.10266385823023044
D2026122370,0,0,0.05898713616124545
D2026116360,0,0,0.07509848574543943
D2026024934,0,0,0.13494168851488048
D2026073548,0,0,0.03494460126473786
D2026127528,1,1,0.9667758731430479
D2026108922,0,0,0.07260987393529575
D2026062234,0,0,0.08456471718189616
D2026001282,0,0,0.07842187427083953
D2026084605,0,0,0.1369964648615591
D2026013741,1,0,0.10747007048750241
D2026105833,0,0,0.06128943035620237
D2026066746,0,0,0.11010803899920499
D2026111023,0,0,0.08908577416239208
D2026021856,0,0,0.048433245505787564
D2026140451,1,0,0.4968779995668608
D2026071818,0,0,0.08006821706900906
D2026131792,0,0,0.061719878369070384
D2026061568,0,0,0.1486172035386024
D2026035257,0,0,0.11458312186110006
D2026146585,0,0,0.16009542098493607
D2026081064,0,0,0.07729380756754008
D2026138824,0,0,0.07569034605579884
D2026109865,0,0,0.10162545111176893
D2026076148,0,0,0.12184461566090224
D2026111802,1,1,0.7012084406124143
D2026028541,0,0,0.1559630254967676
D2026033813,0,0,0.33317696441402306
D2026124536,0,0,0.10744296219152234
D2026123551,0,0,0.08995127419119993
D2026030827,0,0,0.06720977471201585
D2026006339,0,0,0.1345470680380822
D2026052127,1,0,0.05782610259454496
D2026012159,0,0,0.2466121274932445
D2026045264,0,0,0.04445229455288762
D2026123003,0,0,0.14183207078714022
D2026132884,0,0,0.04076558290604888
D2026048024,0,0,0.09524720378513502
D2026029171,0,0,0.09060224410313972
D2026014831,0,0,0.08344447466909141
D2026099131,1,1,0.7283195876838615
D2026062491,0,0,0.06443284083220119
D2026006062,0,0,0.03986050504774066
D2026021785,0,0,0.07427759027503758
D2026033143,0,0,0.11887607453391368
D2026125996,1,1,0.5083313654233979
D2026111520,0,0,0.08354982818383042
D2026044782,0,0,0.04161930207190839
D2026065874,0,0,0.06901390299989613
D2026021554,1,1,0.6361054770168945
D2026073442,0,0,0.052733442121340575
D2026144389,1,0,0.07776437911033243
D2026033919,0,0,0.10174301566197466
D2026007161,0,0,0.13667360577715054
D2026095801,0,0,0.09146084974886319
D2026062532,0,0,0.15007490883442307
D2026142368,0,0,0.07161751644586772
D2026027355,0,0,0.04205115314431586
D2026046346,0,0,0.07546872118903522
D2026029285,0,0,0.1361091977182478
D2026114596,0,0,0.13020587817692392
D2026146081,0,0,0.09295908209247558
D2026095993,0,0,0.10653551877012547
D2026089502,0,0,0.053619319095478575
D2026054730,0,0,0.11992839335197206
D2026016107,0,0,0.08834615408366875
D2026107916,0,0,0.1587224961515668
D2026131058,0,0,0.07675602806615388
D2026024351,0,0,0.15672222583564918
D2026097962,0,0,0.11019027392575322
D2026010115,0,0,0.10308844777085947
D2026122059,1,0,0.15905526747962084
D2026091113,1,0,0.44995388005789017
D2026107306,0,0,0.05937976730738346
D2026037245,0,0,0.041091892591221806
D2026027944,0,0,0.08755923642038903
D2026114553,0,0,0.04283270624515206
D2026046150,0,0,0.1153326972023223
D2026079371,0,0,0.13252576336171742
D2026019991,0,0,0.05262536949446841
D2026061088,1,0,0.22910455095783522
D2026092332,0,0,0.1612947757022782
D2026094042,0,0,0.04336859054330337
D2026113352,0,0,0.09702158713507877
D2026056741,0,0,0.13203852005179328
D2026037562,0,0,0.04442399749093797
D2026028750,0,0,0.09792372728694883
D2026108790,0,0,0.06941324818840033
D2026142455,0,0,0.09418945209428205
D2026029164,0,0,0.09906657013030634
D2026083548,0,0,0.02535479877514834
D2026003019,1,0,0.4006327802117985
D2026050215,0,0,0.2580695403757473
D2026094709,1,0,0.06497321609909588
D2026131236,0,0,0.12457304687966785
D2026102418,0,0,0.07093990057517983
D2026016240,1,0,0.32141390930224284
D2026002471,0,0,0.10380719928682129
D2026131741,0,0,0.10014738906491402
D2026028023,0,0,0.06399650925453415
D2026110462,0,0,0.15006405826591024
D2026080852,0,0,0.03692305295231128
D2026099911,0,0,0.06351636421969423
D2026049358,0,0,0.1132447572663084
D2026007522,0,0,0.0473632531039176
D2026094104,1,0,0.4648727120855196
D2026143524,1,0,0.03845353178045824
D2026101032,0,0,0.07471472745636414
D2026010500,0,0,0.14213942855945277
D2026124539,0,0,0.08907327959988601
D2026130062,0,0,0.042880570359933416
D2026043712,0,0,0.04828920317835933
D2026021060,0,0,0.10099881241369114
D2026116390,1,0,0.28156017590141563
D2026078388,0,0,0.09655592080253377
D2026117151,0,0,0.10711805466485155
D2026123295,0,0,0.07092577818828273
D2026053770,0,0,0.14051824605656635
D2026139940,0,0,0.032513706617595485
D2026010485,0,0,0.14562626755947924
D2026149237,0,0,0.1463132530880953
D2026126677,0,0,0.08595983074488964
D2026041708,0,0,0.08499570362813884
D2026056389,0,0,0.11963517629680293
D2026131418,0,1,0.7469950083357266
D2026143975,0,0,0.07555981719780573
D2026095790,0,0,0.0725189054524362
D2026125438,0,0,0.039649698366656466
D2026048267,0,0,0.029735670998143456
D2026083147,0,0,0.044532710118765716
D2026079323,0,0,0.07712218568005642
D2026056706,0,0,0.10838088388021329
D2026136566,0,0,0.03656401874386369
D2026123589,0,0,0.09782736074880641
D2026014128,0,0,0.07003472204969081
D2026122608,1,0,0.39351367814799665
D2026099818,0,0,0.21149922668886978
D2026006904,0,0,0.09852254068586773
D2026032979,0,0,0.07380192893874989
D2026057029,1,1,0.7352661058332836
D2026093269,0,0,0.08770299885314348
D2026056680,1,1,0.8723021540436948
D2026008816,0,0,0.030480987347948553
D2026024621,0,0,0.036602625854281805
D2026037933,0,0,0.05454361251813372
D2026142558,0,0,0.37567023585646697
D2026028174,0,0,0.13402892692362323
D2026071672,0,0,0.08141179446848058
D2026120331,0,0,0.10451505835189571
D2026087236,0,0,0.021247359045618777
D2026118710,1,0,0.051026527090062224
D2026100841,0,0,0.0928631436899203
D2026065596,1,0,0.0883615581181995
D2026030231,1,1,0.650842811040963
D2026022532,0,0,0.43783540456792225
D2026102699,0,0,0.05737295682217887
D2026049866,1,1,0.7217391665784142
D2026110565,0,0,0.09425289604614104
D2026130223,0,0,0.07233097918518587
D2026059386,0,0,0.09232475897919108
D2026005786,0,0,0.15334583718450312
D2026092230,0,0,0.036475997429970354
D2026044691,1,1,0.7600314629876506
D2026121819,0,0,0.024781140190310615
D2026102136,0,0,0.054755609707804395
D2026098554,0,0,0.08526053102486333
D2026083983,1,0,0.23245996359632268
D2026091383,0,0,0.13124998288438344
D2026011874,1,0,0.154796187912536
D2026045648,0,0,0.10714326093667777
D2026065615,0,0,0.09317825647783845
D2026032480,0,0,0.07739007322648889
D2026039159,0,0,0.06655259150236817
D2026029357,0,0,0.10592701407931757
D2026097517,0,0,0.041624661675216335
D2026040696,1,0,0.31515883991560856
D2026024067,0,0,0.02974212864214777
D2026097899,0,0,0.1036066149190843
D2026132504,0,0,0.052361135203651814
D2026019758,0,0,0.045821132731253406
D2026111965,0,0,0.04933571978525041
D2026129481,0,0,0.10825386856795471
D2026077417,0,0,0.4289512632067714
D2026120420,0,0,0.05605889559805023
D2026057262,0,0,0.1158579393484763
D2026002637,1,1,0.9774782118685497
D2026134141,0,0,0.07793448018212287
D2026089679,0,0,0.35300243879665594
D2026020317,0,0,0.06320888825869132
D2026094957,1,0,0.39557109390747935
D2026103411,0,0,0.11157186882565535
D2026086669,0,0,0.06716634032995963
D2026127323,0,0,0.14530239830097927
D2026029811,1,0,0.3978161535620293
D2026043673,0,0,0.011270724909274759
D2026021902,0,0,0.101751723612829
D2026120423,0,0,0.14688385536516382
D2026122386,0,0,0.03694357062096702
D2026086791,0,0,0.1063042817948222
D2026122396,0,0,0.06746845960680897
D2026130453,0,0,0.08831862422698727
D2026066599,0,0,0.06886990940060012
D2026047407,0,0,0.07274271464190078
D2026048041,0,0,0.09294338481674333
D2026085599,0,0,0.010643896267160512
D2026015410,0,0,0.0636435108123758
D2026149781,1,1,0.5293194288888682
D2026040123,0,0,0.08633662465866335
D2026006647,0,0,0.08256224640672052
D2026091136,0,0,0.0862181096274637
D2026022634,0,0,0.05024008597435397
D2026133009,0,0,0.10747081768377612
D2026079709,0,1,0.5106798043369897
D2026039587,0,0,0.04737517366717923
D2026072678,1,0,0.19633634655487306
D2026099539,0,0,0.07723046230934665
D2026068839,0,0,0.056835999913979446
D2026034902,0,0,0.05215905476993268
D2026137170,0,0,0.06246188305319928
D2026009169,0,0,0.07179714741534632
D2026087704,1,0,0.10657648933320166
D2026082138,1,0,0.2995306482209417
D2026138330,0,0,0.07190665389307535
D2026047261,1,1,0.5067159030814801
D2026097259,0,0,0.1684742884645769
D2026034177,0,0,0.06374857168585775
D2026139011,0,0,0.12744721664485922
D2026135111,0,0,0.05822713713497333
D2026143021,0,0,0.03561633317549354
D2026104279,0,0,0.05564214324659134
D2026048330,0,0,0.4112295473885225
D2026149831,0,0,0.1362254289046327
D2026057185,0,0,0.11012428544873812
D2026120465,0,0,0.04060183544521735
D2026074721,1,1,0.8125226171278473
D2026117171,1,1,0.8346547309815313
D2026080072,0,0,0.07597238295853512
D2026059520,0,0,0.05629496999695114
D2026073828,0,0,0.11528144933923873
D2026011673,1,0,0.2537709033103775
D2026059365,0,0,0.1659836700344691
D2026048975,0,0,0.10069960169106852
D2026023311,0,0,0.14085274603425507
D2026116024,0,0,0.06066290960598635
D2026066390,0,0,0.08148831004002731
D2026018640,0,0,0.09577328992485537
D2026082772,0,0,0.033149127597387244
D2026113768,0,0,0.020229856141545852
D2026131366,0,0,0.05722694622897304
D2026035005,0,0,0.0738035673438051
D2026108615,0,0,0.05423976980494991
D2026024791,0,0,0.0949228289192812
D2026105175,0,0,0.2819102822867324
D2026079912,0,0,0.044487597877914134
D2026011960,0,0,0.06265417113411337
D2026092134,0,0,0.09228724644980862
D2026065045,0,0,0.0052046416387682036
D2026010252,0,0,0.13568875093157431
D2026128466,0,0,0.06400075987175055
D2026084322,0,0,0.09963929670667264
D2026107003,0,0,0.26883745085458655
D2026123200,0,0,0.150357448200468
D2026130259,0,0,0.06355350751513777
D2026013503,0,0,0.06173983947972356
D2026070605,0,0,0.06683861458476502
D2026043061,0,0,0.10308907519580521
D2026047443,0,0,0.02988187652556267
D2026040043,0,0,0.09276742219045914
D2026124113,0,0,0.10020547021598668
D2026133637,1,0,0.28917648545463287
D2026122885,0,0,0.0458013967069794
D2026104566,0,0,0.09832258383556507
D2026062151,0,0,0.05413126424927834
D2026095879,0,0,0.07951073706946102
D2026119888,0,0,0.017085048183623594
D2026098410,0,0,0.11476092551198175
D2026118308,0,0,0.04655580994710486
D2026095435,0,0,0.08053845235786684
D2026018892,0,0,0.028679366836081813
D2026047776,0,0,0.08193362778782197
D2026135711,0,0,0.06502346724721093
D2026011320,1,0,0.0036775639513962023
D2026063574,0,0,0.07544462712987436
D2026120748,0,0,0.03545273470491647
D2026027280,1,0,0.09865583295886451
D2026036605,0,0,0.027643964645601767
D2026003331,0,0,0.11468584480788072
D2026097154,0,0,0.09441072415001132
D2026070849,0,0,0.03555893132483833
D2026089964,0,0,0.27615084967555115
D2026129925,1,0,0.17033854759294684
D2026035269,0,0,0.08070071264544594
D2026110490,0,0,0.04916126049853948
D2026057733,1,1,0.7149619893025077
D2026090270,0,1,0.6269909113544866
D2026059988,1,0,0.2934887735153593
D2026041097,0,0,0.027571494691444803
D2026084053,0,0,0.14233685547414793
D2026065248,0,0,0.06494503582433328
D2026112086,0,0,0.14938656707960657
D2026121556,0,0,0.09086775998336617
D2026131099,0,0,0.049710519886812195
D2026021431,1,0,0.17907110837833684
D2026108269,0,0,0.10514372317929879
D2026087336,0,0,0.11849728537681607
D2026134991,1,1,0.5884978444114125
D2026129678,0,0,0.09578575472099846
D2026063086,0,0,0.028593850726858945
D2026070354,0,0,0.04963612966812848
D2026053215,1,1,0.6717933120707713
D2026042931,0,0,0.026357767532476567
D2026044660,0,0,0.10083606339879049
D2026026055,0,0,0.0461483769301646
D2026072772,0,0,0.0848128459998081
D2026099534,0,0,0.12907189127995303
D2026033118,0,0,0.08107500279694121
D2026082883,0,0,0.0690328066343282
D2026041680,1,1,0.7298060364573637
D2026017688,0,0,0.07266933485972368
D2026066768,0,0,0.0403566699209175
D2026115762,0,0,0.14073982407843666
D2026146856,0,0,0.12477921944104232
D2026135766,0,0,0.12371532397369486
D2026132481,0,0,0.048456686187571374
D2026045129,0,0,0.1294669938579499
D2026133864,0,0,0.0970359894221744
D2026131055,0,0,0.12365019683721815
D2026141122,0,0,0.03962996795915466
D2026032671,0,0,0.04932344889643255
D2026086845,0,0,0.04478677831028943
D2026053418,0,0,0.11551622136728003
D2026095326,0,0,0.08628286897083506
D2026029772,0,0,0.06423687836576925
D2026020033,0,0,0.14136455395839034
D2026019362,0,0,0.04408912706516546
D2026063364,0,0,0.20683068805851104
D2026010987,0,0,0.042997451436633596
D2026067166,0,0,0.05165637764813827
D2026043004,0,0,0.1356705358654439
D2026056910,0,0,0.08301196301611684
D2026054983,0,0,0.14982407478785256
D2026091355,1,1,0.7490738395555041
D2026038268,0,0,0.08759431058393968
D2026033942,0,1,0.8084631802802066
D2026092362,0,0,0.05897127779878295
D2026104664,0,0,0.07069086061496384
D2026066681,0,0,0.11344408987887704
D2026048461,0,0,0.07582303205323349
D2026084496,0,0,0.3928087182489277
D2026088008,0,0,0.13379006311769515
D2026059665,0,0,0.23773873409574534
D2026114512,0,0,0.09133052153386166
D2026090428,0,0,0.10309159616297615
D2026072004,0,0,0.02671331960972973
D2026149144,0,0,0.03941377631776778
D2026112016,0,0,0.0007739667880525742
D2026112464,0,0,0.11198825199041842
D2026113397,1,0,0.20433256155890064
D2026070753,0,0,0.11991092492661128
D2026072043,0,0,0.10216690508931489
D2026148844,1,1,0.6315210284336312
D2026082459,0,0,0.09322699415851365
D2026007206,0,0,0.06229398462955458
D2026034235,1,0,0.28616567708548946
D2026113111,0,0,0.060613312488570555
D2026108518,0,0,0.07968195749741563
D2026012919,0,0,0.05605367667568625
D2026057971,0,0,0.07525127356571189
D2026078769,0,0,0.06910080332816426
D2026050784,0,0,0.12653075159257993
D2026065823,0,0,0.050691288829040594
D2026051334,0,0,0.16271679311149911
D2026081492,0,0,0.08638962761218401
D2026018660,0,0,0.10004695225451044
D2026072138,0,0,0.297143524522376
D2026085833,1,0,0.2125878620792716
D2026141297,0,0,0.23878149523851191
D2026098116,0,0,0.04832034042692926
D2026018683,0,0,0.07396444878897059
D2026140016,1,1,0.8245903516514205
D2026102701,0,0,0.0313093405497827
D2026092860,0,0,0.054685766836473526
D2026069917,0,0,0.15040097476890515
D2026145264,0,0,0.055535627315488466
D2026138880,0,0,0.12320086442090909
D2026114942,0,0,0.07333396065151719
D2026138184,1,1,0.8508456116410883
D2026032696,0,0,0.05653515329457551
D2026038949,1,0,0.39781114702487913
D2026100313,0,0,0.0853230197722252
D2026063221,0,0,0.05458681243171223
D2026039171,0,0,0.06387942318695797
D2026099850,0,0,0.30274601599853246
D2026012257,0,0,0.10326083211725634
D2026140199,0,0,0.10936164636969042
D2026130172,0,0,0.05470613740927206
D2026114722,0,0,0.04835929927232747
D2026069518,0,0,0.00980732021462965
D2026062637,0,0,0.48317656758300986
D2026089164,0,0,0.03504568562185107
D2026145545,0,0,0.048361513269468824
D2026062975,0,0,0.13247587967102983
D2026100826,0,0,0.09443351403661235
D2026113848,0,0,0.06365169004995044
D2026138795,0,0,0.07654661506601558
D2026147711,1,0,0.3918717107007338
D2026035713,0,0,0.07361851596099242
D2026025493,0,0,0.15947069242393802
D2026057326,0,0,0.08904300856520792
D2026062059,0,0,0.2501055404693394
D2026016043,0,0,0.22332960829672177
D2026115143,1,0,0.27153378367745795
D2026132450,0,0,0.06603107566460567
D2026018912,0,0,0.09367790388141593
D2026133783,0,0,0.08137406184149268
D2026076788,0,0,0.03407850607954913
D2026023468,1,0,0.30389168046919396
D2026027149,0,0,0.05890328821155852
D2026061368,0,0,0.11530717882589768
D2026084489,1,0,0.40427135941938447
D2026022190,0,0,0.08142020446419329
D2026079004,0,0,0.06818517853721297
D2026078636,0,0,0.06090915194435373
D2026041675,0,0,0.08939183374960195
D2026115029,0,0,0.18182258928867998
D2026057486,0,0,0.05933559712544766
D2026138482,0,0,0.41062413118337376
D2026130517,1,0,0.2475352058406449
D2026030041,0,0,0.07386658446431318
D2026030428,0,0,0.0697054064077894
D2026013300,0,0,0.04411805992365777
D2026121360,0,0,0.12446702966626436
D2026048005,0,0,0.1103261762739916
D2026147024,1,1,0.6763587105703293
D2026003765,0,0,0.13758217645096363
D2026027461,0,0,0.05138486157503735
D2026083453,0,0,0.09199994368889365
D2026057153,0,0,0.06624460200307604
D2026137124,0,0,0.07518824761730279
D2026000729,0,0,0.08113379668404491
D2026024721,0,0,0.12606167496785023
D2026069842,0,0,0.0511531381337763
D2026072531,0,0,0.09514208578018901
D2026020742,0,0,0.33898195918216867
D2026148517,0,0,0.052283333325735266
D2026141522,0,0,0.047189846083152305
D2026104925,0,0,0.035219861938698915
D2026075133,0,0,0.06018705607843577
D2026101488,0,0,0.06107105558959657
D2026133016,0,0,0.09563447516273864
D2026119966,0,0,0.03473171234023685
D2026029871,0,0,0.3161868216510974
D2026035189,0,0,0.08876586758326736
D2026037142,0,0,0.06089179734110156
D2026076471,0,0,0.04365429078326258
D2026020373,0,0,0.032202093067275575
D2026099564,0,0,0.09696306301950454
D2026064442,0,0,0.12636922267281137
D2026122626,1,0,0.21739048930163238
D2026049833,0,0,0.07303990290896015
D2026092586,0,0,0.06436649984418863
D2026021420,0,0,0.06389432401198179
D2026086385,0,0,0.10084816172289554
D2026039758,0,0,0.047516412911486505
D2026097967,0,0,0.07413258421779167
D2026147237,0,0,0.05528966055952467
D2026107152,0,0,0.06233396840571808
D2026014314,0,0,0.050049674822351044
D2026013510,0,0,0.08905689193110942
D2026029042,0,0,0.07873496342215798
D2026104208,0,0,0.1041756208113221
D2026099325,0,0,0.07111085364641559
D2026132460,0,0,0.06354885333635857
D2026025731,0,0,0.0667118706626566
D2026036297,0,0,0.08299783183208224
D2026040536,0,0,0.04279114016026168
D2026097074,0,0,0.0686714197450135
D2026010381,0,0,0.059241459657032064
D2026013850,0,0,0.051473275243335885
D2026135913,1,0,0.21183058903341326
D2026074733,1,1,0.5976992768619669
D2026140691,0,0,0.16808249006395545
D2026122455,0,0,0.06670618565383298
D2026112664,1,1,0.7010025559255764
D2026027997,1,1,0.8578198575453084
D2026027661,0,0,0.0665077944767045
D2026066249,1,1,0.8318871251183495
D2026026254,1,0,0.04164459301196894
D2026011610,0,0,0.03847938760760355
D2026017071,0,1,0.5430704095487006
D2026013287,0,0,0.06633226917443354
D2026017844,0,0,0.07008141326570287
D2026129558,0,0,0.08321238719740566
D2026105526,0,0,0.06204133435419475
D2026004284,0,1,0.6196216120595373
D2026097889,0,0,0.08130012344105966
D2026041306,0,0,0.1234508308839717
D2026013427,0,0,0.11637660625300417
D2026075843,1,0,0.3191925918305648
D2026087134,0,0,0.09318451695420672
D2026012658,0,0,0.12496959597745529
D2026021819,1,0,0.3068839097861904
D2026072853,0,0,0.03367192164016413
D2026087309,0,0,0.04076709214229118
D2026092268,0,0,0.06267283637605621
D2026119037,0,0,0.27360394685649614
D2026024395,0,0,0.03947748844994824
D2026113427,0,0,0.016078735115587432
D2026023921,0,0,0.04997838796971577
D2026039559,0,0,0.09222878503915989
D2026093654,0,0,0.07708163740416094
D2026138433,1,0,0.38040196383672314
D2026036518,0,0,0.03688189923346804
D2026090278,0,0,0.1122849406831271
D2026093223,0,0,0.03922898142353881
D2026008005,0,0,0.10639029145813422
D2026137855,0,0,0.06091369938033086
D2026038545,0,0,0.24249694356616125
D2026065039,0,0,0.09397874172231592
D2026103791,1,1,0.9504270928534224
D2026035271,0,0,0.07556387219721147
D2026108517,0,0,0.12497605770788991
D2026126330,0,0,0.0909681279245024
D2026010142,1,0,0.28691011989538917
D2026129550,0,0,0.09429420277780391
D2026146476,1,0,0.36731699978139554
D2026132412,0,0,0.07777664843780466
D2026050006,1,0,0.19084935848012285
D2026098185,0,0,0.11690134564011799
D2026023223,0,0,0.04014645249077164
D2026045804,0,0,0.060628965853747246
D2026083927,0,0,0.036965784400506796
D2026017584,0,0,0.11042499617957366
D2026061600,0,0,0.09215510175173584
D2026117832,0,0,0.02841302756009614
D2026116776,0,0,0.08953279424660597
D2026094243,0,1,0.8028891266259005
D2026092033,1,0,0.29522201709891555
D2026108871,0,0,0.09703768295578348
D2026086698,0,0,0.028390407158194398
D2026064011,1,1,0.9345713971174068
D2026054240,0,0,0.08582871162050107
D2026118853,0,0,0.06738424595626792
D2026016714,0,0,0.30549703589276805
D2026099623,0,0,0.06419606789159223
D2026147377,0,0,0.05185894090969561
D2026066527,0,0,0.07338716987630615
D2026133012,0,0,0.06326424051313008
D2026139039,0,0,0.08464248824408786
D2026072409,0,0,0.1352129025777833
D2026032934,0,0,0.0942989743710538
D2026034158,0,0,0.10135608457778988
D2026070715,0,0,0.06814716390162226
D2026117100,0,0,0.18934695528138135
D2026011801,0,0,0.04687999302458233
D2026127233,0,0,0.08609243478410593
D2026102144,0,0,0.04415446592628239
D2026110787,0,0,0.0702566704618587
D2026126407,0,0,0.109500581145519
D2026081746,1,1,0.9825474025198522
D2026058928,1,0,0.06981986610896436
D2026117362,0,0,0.17139657936211253
D2026015697,1,1,0.9659771076233116
D2026063249,0,0,0.11469916417906022
D2026050760,0,0,0.057345174139295435
D2026084383,0,0,0.06921067464718107
D2026031322,0,0,0.10666001610252791
D2026048899,0,0,0.14221726991293762
D2026091550,0,0,0.07116151643118726
D2026037408,0,0,0.0871474167308129
D2026082344,0,0,0.07138135063013673
D2026061921,0,0,0.1973242208369023
D2026061827,0,0,0.059237727275651346
D2026106990,0,0,0.17821332702411902
D2026006187,0,0,0.06604497423145533
D2026070065,0,0,0.06300095318566185
D2026073833,0,0,0.07195710576550016
D2026091390,0,0,0.07926393735904039
D2026035838,0,0,0.20499074221012303
D2026000862,0,0,0.09931178632571266
D2026049525,0,0,0.07888904766875983
D2026137692,0,0,0.048704752969163545
D2026112754,0,0,0.0901734480029314
D2026092032,0,0,0.10187509300032745
D2026061666,0,0,0.05401079268046429
D2026032831,0,0,0.075170274904127
D2026104157,0,0,0.08697599634704802
D2026095142,0,0,0.19734774646097486
D2026067774,0,0,0.10704661700891284
D2026038002,1,0,0.10368634967548415
D2026081457,0,0,0.10068385241773466
D2026103289,0,0,0.10904806530045487
D2026005264,0,0,0.06435722088066202
D2026091718,0,0,0.3018503419180005
D2026074624,0,0,0.03986456474838987
D2026133854,0,0,0.09187585587908041
D2026052073,0,0,0.13696647882163965
D2026037265,0,0,0.06083426150731197
D2026068926,0,0,0.06976406430801145
D2026149391,0,0,0.08062678338627725
D2026123449,1,0,0.30250092931052747
D2026059953,1,1,0.9303032955249791
D2026002389,1,1,0.8874446451934019
D2026042668,0,0,0.09348875685691715
D2026109009,0,0,0.043361371145853665
D2026094270,0,0,0.034671963382057684
D2026122768,0,0,0.06862248997263135
D2026042117,0,0,0.09032092009900253
D2026096440,0,0,0.0655696504514621
D2026125681,0,0,0.03080776395676784
D2026050019,0,0,0.07148247364777714
D2026040044,0,0,0.08283296745842954
D2026129459,1,0,0.2745260828546761
D2026100119,0,0,0.1837538313685071
D2026069718,1,0,0.0483120099714669
D2026037651,0,0,0.2921868907718811
D2026032074,0,1,0.519529483904129
D2026007833,0,0,0.08500154394956856
D2026127990,0,0,0.1505601740091423
D2026001593,1,1,0.7068098184153649
D2026045968,1,0,0.08608216507719496
D2026132762,0,0,0.15169992572894594
D2026033200,1,1,0.5169488494084907
D2026122931,0,0,0.0650841071192344
D2026127074,0,0,0.023309799622930553
D2026041117,0,0,0.05319507130194704
D2026028231,0,0,0.07939765790407477
D2026093979,1,0,0.07939566196095472
D2026008566,0,0,0.12721065333684237
D2026081122,1,0,0.14690367922765316
D2026126384,0,0,0.13886135767053104
D2026078738,1,0,0.30920254225890415
D2026137159,0,0,0.07681263393789677
D2026125012,0,0,0.16912872572353954
D2026101996,0,0,0.11288873189046174
D2026135147,0,0,0.18440934391187042
D2026112252,0,0,0.10753707599734895
D2026014451,0,0,0.06105334655910818
D2026135205,0,0,0.10217617765778694
D2026120649,0,0,0.05740890548293547
D2026040809,0,0,0.07696568686841512
D2026076368,0,0,0.22282911083225593
D2026015499,0,1,0.5212040050556321
D2026065264,0,0,0.07596939373150702
D2026003988,1,0,0.24824874052751217
D2026089699,0,0,0.11438421832249271
D2026109291,0,0,0.09891368760313667
D2026112813,0,0,0.054725365652218305
D2026098310,0,0,0.14646870742420912
D2026124234,0,0,0.10356536491093202
D2026089509,0,0,0.017680033100100558
D2026057195,0,0,0.1795070648803339
D2026039890,0,0,0.0659747701899583
D2026085846,0,0,0.06742895573980262
D2026080694,0,0,0.1624575587912798
D2026126321,0,0,0.11786554960033314
D2026108515,0,0,0.06473644468341576
D2026139350,1,0,0.2564978187648419
D2026048839,0,0,0.1004324858579874
D2026020025,0,0,0.09224238263693485
D2026066995,0,0,0.08990671409343584
D2026138549,0,0,0.0682179760619609
D2026004187,0,0,0.06710560097628829
D2026041924,0,0,0.12164042597010911
D2026149634,0,0,0.07235644337702336
D2026092990,0,0,0.06993027852666778
D2026042618,0,0,0.07015927960274934
D2026064228,0,0,0.10078371054793159
D2026048059,0,0,0.1103666000257329
D2026037384,0,0,0.17749047119365113
D2026099552,1,1,0.9336462414449491
D2026052602,0,0,0.06967688392136889
D2026075378,0,0,0.04991294101383995
D2026030424,0,0,0.13008632344924148
D2026067795,0,0,0.0444862838403361
D2026079784,0,0,0.07883746125355293
D2026057849,0,0,0.14815976619097362
D2026110206,0,0,0.03550117288204339
D2026082070,0,0,0.06719731213303161
D2026047683,0,0,0.020087876107047844
D2026057756,0,0,0.08367872430603089
D2026089602,0,0,0.07839522394674828
D2026074452,0,0,0.13260461391324502
D2026046381,0,0,0.08883089574677618
D2026018026,0,0,0.09123981441997443
D2026094205,0,0,0.10555450994047572
D2026030098,0,0,0.08133580151486466
D2026075564,1,0,0.1899801669056633
D2026083880,0,0,0.05248555919911348
D2026048458,0,0,0.036458871256919885
D2026145210,0,0,0.09340658766679137
D2026064602,0,0,0.1487436002110982
D2026097735,0,0,0.07396245759794054
D2026026361,0,0,0.025262662690852682
D2026010147,0,0,0.06694261026073232
D2026036261,0,0,0.009829279653811649
D2026069630,1,1,0.6635569661148883
D2026047208,0,0,0.06056022556360162
D2026062699,0,0,0.03353000116525142
D2026009767,0,0,0.09480148428828432
D2026101170,0,0,0.05634919567089771
D2026124703,0,0,0.07314963538878282
D2026056070,0,0,0.07787701016835824
D2026103959,1,0,0.08337948066285139
D2026075585,0,0,0.2595332234530537
D2026012626,0,0,0.09081550867899149
D2026042241,0,0,0.0657571246345841
D2026125501,0,0,0.07870442198097069
D2026087168,0,0,0.09979971715406802
D2026128361,1,1,0.6154586306131241
D2026052461,0,0,0.09087723459769545
D2026078812,0,0,0.040634689988727504
D2026051649,0,0,0.04367134210862229
D2026015819,0,0,0.050289722597930436
D2026000879,1,0,0.18285571386734162
D2026061838,0,0,0.08877676408244331
D2026033151,1,1,0.9938262788085881
D2026005710,1,0,0.1357727839384706
D2026007988,0,0,0.2364997319346032
D2026148657,0,0,0.04310972296421386
D2026016246,0,0,0.09298372072635244
D2026068736,0,0,0.1715232607146541
D2026000291,0,1,0.8670762100573937
D2026052968,0,0,0.031348059328633944
D2026063838,0,0,0.07345343777077365
D2026065553,0,0,0.06114542247151229
D2026139174,0,0,0.10715833243363194
D2026140580,0,0,0.11545218230143608
D2026112431,0,0,0.08161322846465839
D2026012298,0,0,0.11972110082518247
D2026016516,0,0,0.24970044251092058
D2026050995,0,0,0.010481098516137754
D2026147956,0,0,0.05662123852714522
D2026072456,0,0,0.05845272159069174
D2026054533,0,0,0.05692591600957647
D2026147700,0,0,0.08862148690081158
D2026077106,0,0,0.11462240163493573
D2026060818,0,0,0.07608446056837641
D2026107250,0,0,0.055278589064674734
D2026142122,0,0,0.14242641107976803
D2026093121,1,0,0.11708628608312559
D2026145479,1,0,0.3447338710446898
D2026095494,1,0,0.292652547458533
D2026080291,0,0,0.05151347297178753
D2026058939,0,0,0.07687675048668834
D2026100410,0,0,0.2194737093285916
D2026133921,0,0,0.05510801546974079
D2026105073,1,0,0.09990506844916071
D2026047042,1,0,0.21092541442739388
D2026054715,0,0,0.07193253913421113
D2026088067,0,0,0.06580173684347806
D2026016788,0,0,0.12522375423275245
D2026095216,0,0,0.10874703443173311
D2026064970,0,0,0.018571079872779294
D2026146546,0,0,0.08003111677020666
D2026119565,1,1,0.9635544421586579
D2026069520,0,0,0.046906833719538216
D2026005503,0,0,0.4216535594796767
D2026143056,0,1,0.5458817767437243
D2026140211,0,0,0.06337768535325135
D2026125795,1,1,0.6907443159532458
D2026042488,0,0,0.06243049655208934
D2026090628,0,0,0.04339045733274361
D2026141833,0,0,0.08592688627296068
D2026110119,0,0,0.06345468844195284
D2026080024,0,0,0.09342000807974672
D2026124195,0,1,0.8399158035333923
D2026133390,0,0,0.0490674055068759
D2026124779,0,0,0.021659436097462195
D2026056264,0,0,0.17212766747017952
D2026057551,0,0,0.0884045916804672
D2026052518,0,0,0.04422263671453163
D2026035726,1,0,0.21776677135885364
D2026083560,0,0,0.03440144352194661
D2026082721,0,0,0.041118597292728334
D2026009696,0,1,0.5778368544607325
D2026069211,0,0,0.06592346212073132
D2026102965,0,0,0.08996874560275919
D2026008307,0,0,0.11405633102885637
D2026035598,0,0,0.03283996239371285
D2026128706,0,0,0.08573886098211482
D2026038883,0,0,0.07809988385698177
D2026105058,0,0,0.07498647484712567
D2026052583,0,0,0.04109946068105887
D2026016896,1,0,0.38347677775272426
D2026080038,0,0,0.11627708042944998
D2026014733,0,0,0.0602682195051902
D2026135761,0,0,0.10860099005054565
D2026076455,0,0,0.0563884183992641
D2026039995,0,0,0.11798303458140982
D2026002525,0,0,0.07754182128013815
D2026135795,1,1,0.7327143340820356
D2026097613,0,0,0.08017447834956046
D2026100754,0,0,0.04898745712746735
D2026029864,0,0,0.08046583511361863
D2026115095,1,0,0.17689605745956347
D2026002854,0,0,0.15540516076270394
D2026128139,1,0,0.11688751266449375
D2026029773,0,0,0.0841228485242965
D2026086359,0,0,0.09015470980622094
D2026037214,0,0,0.06727001919936317
D2026121590,0,0,0.06345494796448663
D2026055721,0,0,0.0553187836175861
D2026025948,0,0,0.10507341639755889
D2026125175,0,0,0.053294067004730834
D2026110087,0,0,0.06642018660354675
D2026064814,0,0,0.17753198702981587
D2026026178,0,0,0.15946502233711207
D2026093133,0,0,0.1437067690041933
D2026110200,0,0,0.06586701528046238
D2026019336,0,0,0.10057979676254362
D2026108566,0,0,0.09667131361834741
D2026106468,0,0,0.0839124679561788
D2026047590,0,0,0.09330615951108127
D2026139729,1,0,0.4013409362071095
D2026011528,0,0,0.022743300850996764
D2026107632,0,0,0.056367659635922225
D2026014642,0,0,0.09643293188328352
D2026030318,0,0,0.11537032200560311
D2026051801,0,0,0.06202770725553683
D2026010868,0,0,0.09457930904792346
D2026044355,0,0,0.06035567378920534
D2026114524,0,0,0.05994369922375074
D2026142695,0,0,0.06662528696869141
D2026111046,0,0,0.09657235996540502
D2026122833,0,0,0.08519790607595329
D2026096762,0,0,0.12250998706258799
D2026061281,0,0,0.040111888275605585
D2026080438,0,0,0.0511859211613375
D2026084740,0,0,0.04382294062835622
D2026017259,0,0,0.0519242258952542
D2026126909,1,0,0.4814751011353479
D2026107355,0,0,0.06273150227519504
D2026148193,0,0,0.08823196333775872
D2026088816,0,0,0.1042455161536064
D2026109289,0,0,0.06090334261244181
D2026140742,0,0,0.09718734207049909
D2026086913,0,0,0.09540743761614882
D2026056040,0,0,0.06752466970058356
D2026029471,0,0,0.01812018310805626
D2026130531,0,1,0.5370174559429115
D2026070525,0,0,0.05467333608757441
D2026146478,1,0,0.20486958522245052
D2026017676,0,0,0.08361017151941211
D2026126388,0,0,0.10854384123530725
D2026125027,0,0,0.042761772072245095
D2026060002,1,0,0.31175470062546107
D2026014676,0,0,0.11968717173058983
D2026094358,0,0,0.06482706378408296
D2026016474,0,0,0.07336457691824941
D2026031918,1,0,0.11881030048905494
D2026104003,0,0,0.18216055413640736
D2026112605,0,0,0.08639966179832127
D2026031477,0,0,0.11683549876799224
D2026144096,0,0,0.06463807047395591
D2026033821,0,0,0.032913429126612055
D2026121697,0,0,0.033225328409119396
D2026122457,0,0,0.06368639350281363
D2026079206,0,0,0.0846191392871688
D2026130922,0,0,0.11375222219494188
D2026058523,0,0,0.07232207631901558
D2026121241,0,1,0.9993741792238009
D2026123491,0,0,0.10296827507571217
D2026050180,0,0,0.041703421473293006
D2026016269,1,0,0.23488871891032004
D2026081279,0,0,0.044672193888572145
D2026022848,0,0,0.17672595766211432
D2026065450,0,0,0.11917101502559936
D2026025327,0,0,0.0681103727221014
D2026101218,1,1,0.5381281071881157
D2026079743,0,0,0.03075339246906844
D2026134561,0,0,0.09344300041750028
D2026028233,0,0,0.0530176957496667
D2026081192,0,0,0.09833475364814065
D2026004131,0,0,0.05210357516120989
D2026125769,0,0,0.16896923562416186
D2026099703,1,0,0.24219926507287204
D2026011804,1,0,0.07621085064221435
D2026038761,0,0,0.11096522580560421
D2026124221,0,0,0.0772602024407426
D2026085926,0,0,0.11645835690178351
D2026098151,0,0,0.09011768512665023
D2026137264,0,1,0.5072868458737834
D2026030392,0,0,0.1367229545062952
D2026136344,0,0,0.1012014447681986
D2026037119,0,0,0.07124642138357681
D2026017489,0,0,0.047785057292480386
D2026116772,1,0,0.2712174872722007
D2026095986,0,0,0.1106802253994877
D2026000844,0,0,0.00037460353526094954
D2026008200,0,0,0.07574473681809515
D2026057672,0,0,0.05479154793212427
D2026130538,0,0,0.08045680759581997
D2026014917,0,0,0.08078381703289725
D2026124462,0,0,0.07612270402531417
D2026145361,0,0,0.10734168894132971
D2026109184,0,0,0.05574036182921236
D2026039595,0,0,0.06966805469845296
D2026012890,0,0,0.052792100539645934
D2026050735,1,0,0.17850884551078225
D2026116673,0,0,0.207495779214512
D2026042931,0,0,0.026357767532476567
D2026107447,0,0,0.09152414575777063
D2026117511,0,0,0.05675111817285236
D2026140209,0,0,0.051527418538131226
D2026000408,0,0,0.13800389328857435
D2026098974,1,1,0.7039893724952119
D2026099384,0,0,0.08627617142396062
D2026102724,1,0,0.18653104623758623
D2026058935,0,0,0.0579783529381632
D2026063337,0,0,0.0720415130596372
D2026029409,0,0,0.05303785196804605
D2026070362,0,0,0.024626669366189007
D2026138837,0,0,0.056482618261803764
D2026056759,0,0,0.1171451742218838
D2026144499,0,0,0.1001857705300375
D2026099918,0,0,0.03384860468374268
D2026011856,0,1,0.8934087477820846
D2026028284,0,0,0.05105223633024944
D2026053284,0,0,0.09206394391704636
D2026075537,0,0,0.06135079466175419
D2026075940,0,0,0.04091832187317357
D2026115178,0,0,0.04265143610596791
D2026001196,0,0,0.05009586309593642
D2026023303,0,0,0.030765358574283325
D2026062325,0,0,0.08425640616400522
D2026038858,0,0,0.049395208445763165
D2026013670,0,0,0.055695799264323796
D2026117820,0,0,0.07044143162130766
D2026030296,0,0,0.06122622539848651
D2026028345,0,0,0.07703672562727362
D2026068673,0,0,0.04851688802064987
D2026095688,1,0,0.24435252526695042
D2026092522,0,0,0.06700226702740715
D2026056580,0,0,0.08128414287036097
D2026023335,0,0,0.04459996940797182
D2026034615,0,0,0.032922793009352865
D2026078508,0,0,0.07124532279213773
D2026027600,0,0,0.11432922403539454
D2026019421,0,0,0.11986770724617364
D2026106888,0,0,0.07777879362293648
D2026061726,0,1,0.6730606914588133
D2026016320,0,0,0.06710092266322344
D2026091218,0,0,0.04224648405773738
D2026083800,0,0,0.14660089954926503
D2026047711,0,0,0.11511168689562036
D2026143291,0,0,0.10008285418245455
D2026085681,0,0,0.160604132799052
D2026144052,0,0,0.3952302615923545
D2026008957,0,0,0.09823264876532878
D2026002511,0,0,0.04396702673274697
D2026072028,0,0,0.07486661056270069
D2026067507,0,0,0.07831075682311162
D2026067601,0,1,0.9060475593651868
D2026081040,0,0,0.29274415343768345
D2026075706,0,0,0.051195181031631364
D2026092520,0,0,0.28017820410154914
D2026072555,0,0,0.3079352642619443
D2026044617,0,0,0.07272974195042309
D2026004688,0,0,0.1128243733149138
D2026105074,0,0,0.24814106664653304
D2026082022,1,0,0.27909566376864253
D2026033269,0,0,0.14317755502258334
D2026014661,0,0,0.09650442013699648
D2026128851,0,0,0.15632268035211616
D2026134288,0,0,0.10913666475486578
D2026125044,1,0,0.3254782803351391
D2026024462,0,0,0.10155412133900205
D2026075804,0,0,0.09128256995282816
D2026013399,0,0,0.061337691276557756
D2026018410,0,0,0.10069168866886521
D2026054122,1,0,0.06416809235106903
D2026001736,0,0,0.042077002562224866
D2026031971,0,0,0.3101283690146362
D2026124500,0,0,0.03440552484541688
D2026126676,0,0,0.06050888734201939
D2026078874,0,0,0.07588164071517997
D2026139996,0,0,0.05560609852571883
D2026124924,0,0,0.07033658592786271
D2026024851,1,0,0.07858513521504064
D2026101741,0,0,0.05380967460799608
D2026064016,0,0,0.10588598438378441
D2026141173,0,0,0.0684067634779073
D2026065157,0,0,0.04632373416465532
D2026035991,0,0,0.06652945843314685
D2026124688,0,0,0.08416180846844376
D2026078015,0,0,0.09010140042067591
D2026092945,0,0,0.37045520263283144
D2026113238,0,0,0.015333644114026481
D2026034915,0,0,0.1400602837622238
D2026093220,0,0,0.06751823741393173
D2026029492,0,0,0.085303641869484
D2026121414,0,0,0.13197146103031232
D2026125956,0,0,0.04593236971539454
D2026025201,0,0,0.08063086381191212
D2026114867,1,0,0.0011287927624342344
D2026014183,0,0,0.1347658491301265
D2026001252,1,0,0.331965337903094
D2026040726,0,0,0.08149485271861082
D2026030701,0,0,0.04234798764215426
D2026047980,0,0,0.0554582712295667
D2026067724,0,0,0.03900889063568849
D2026106348,0,0,0.08307037689632817
D2026109940,1,0,0.3731453090882476
D2026062329,0,0,0.13935467637382762
D2026124326,0,0,0.09885824689341881
D2026114950,0,0,0.10644145749310231
D2026053192,0,0,0.11106346633963933
D2026127459,0,0,0.34429285043862323
D2026027908,0,0,0.25885107809343505
D2026143996,0,0,0.09577537369135321
D2026138717,0,0,0.09188454645563571
D2026062078,0,0,0.10187022844673933
D2026109748,0,0,0.2569470506037184
D2026110855,0,0,0.04848057994226859
D2026140473,1,1,0.6882148804546128
D2026044872,0,0,0.08358638145902185
D2026022975,0,0,0.07592041423936298
D2026105668,0,0,0.05183408462005307
D2026008959,0,0,0.07727395860553894
D2026078699,0,0,0.0910709970150863
D2026115361,0,0,0.13481621527613377
D2026062776,0,0,0.13122464442254922
D2026132132,1,0,0.4825118251266082
D2026047415,0,0,0.04749050159320932
D2026017849,0,0,0.0656110995827451
D2026042851,0,0,0.15192615269523024
D2026143475,0,0,0.16097389507310342
D2026014095,0,0,0.06591523086690448
D2026128372,0,0,0.04589504210296941
D2026100858,0,0,0.118210688238767
D2026071875,0,0,0.19060991640418554
D2026126589,0,0,0.11120794210577625
D2026129974,0,0,0.08197208985718417
D2026149505,0,0,0.15205892830145407
D2026139028,0,0,0.09007885338190623
D2026069159,0,0,0.09127105199179612
D2026044926,0,0,0.2604726559725656
D2026090355,0,0,0.08874995953156457
D2026130589,1,0,0.11176183001505104
D2026119274,1,1,0.5265538469399927
D2026127018,1,1,0.510788219071812
D2026080154,0,0,0.06460984696502761
D2026131782,0,0,0.10187357073179312
D2026105485,0,0,0.038430679343965
D2026148272,0,0,0.1368777887452934
D2026027629,0,0,0.11956093489538906
D2026120151,0,0,0.054622646305743566
D2026070581,0,0,0.02920528927563585
D2026100553,0,0,0.00020981044841479024
D2026110126,0,0,0.07248424867732052
D2026073528,1,0,0.23591404450429382
D2026108553,0,0,0.08197663806755245
D2026087234,0,0,0.06221715734084395
D2026100044,0,0,0.16508644954917767
D2026081983,0,0,0.07562701842685011
D2026061130,1,0,0.06748246243736004
D2026095721,1,0,0.07568873199627182
D2026099952,0,0,0.3862363983479244
D2026029810,1,0,0.12161875798944029
D2026103175,0,0,0.05565447131895759
D2026008608,0,0,0.057672777788107435
D2026082252,0,0,0.0623705374567375
D2026019539,0,0,0.080091240100987
D2026015560,0,0,0.10236106736806579
D2026036620,0,0,0.0887017659060953
D2026098417,1,0,0.4974971743089313
D2026113175,0,0,0.08244300518412084
D2026140429,0,0,0.18217842151199123
D2026076947,0,0,0.07128960973716629
D2026046734,0,0,0.062180584841005686
D2026143560,0,0,0.0362506165201364
D2026147697,0,0,0.08896696617445915
D2026059591,0,0,0.08371945196199707
D2026148542,1,1,0.7352675300507483
D2026114949,0,0,0.04192137179991647
D2026040830,0,0,0.07008018799793289
D2026009845,0,0,0.07999667682517082
D2026104642,0,0,0.07014797519618358
D2026080420,0,0,0.22514943908055712
D2026073853,0,0,0.06847750950224359
D2026140675,0,0,0.06561222507674037
D2026089397,0,1,0.9620253428606117
D2026024553,0,0,0.030193073253334014
D2026066252,0,0,0.06907052780715488
D2026123937,0,0,0.06915516015063436
D2026036175,1,0,0.14454306028507913
D2026088991,0,0,0.049912858016618634
D2026111659,0,0,0.1322421537071748
D2026024969,0,0,0.06825800096784529
D2026085095,0,0,0.37629075700054265
D2026148162,0,0,0.05786058832788541
D2026026329,0,0,0.11196200286086694
D2026093232,0,0,0.07069829812354057
D2026061710,0,0,0.17150470441762455
D2026149648,0,0,0.07138029641998478
D2026052550,0,1,0.8163399540687739
D2026113661,0,0,0.06214264036587595
D2026147825,0,0,0.05722648446678585
D2026051773,0,0,0.056206657968718175
D2026127675,0,0,0.49939769989383453
D2026019932,0,0,0.07458376895554317
D2026136503,0,0,0.13937540126359563
D2026115561,0,0,0.09742331945770594
D2026017271,0,0,0.059678984846569354
D2026138392,0,0,0.043962466571405505
D2026145284,0,0,0.11627620322934214
D2026123930,0,0,0.09884055438262553
D2026105896,0,1,0.8541221103213668
D2026129234,0,0,0.07281191766715386
D2026117653,0,0,0.05275830802356862
D2026023411,0,0,0.11119036350932922
D2026141250,1,0,0.1681840213833859
D2026063325,0,0,0.14380496992761876
D2026022351,0,0,0.029668665669544254
D2026051197,0,0,0.08586830807813853
D2026147821,0,0,0.050622183542016405
D2026108678,1,0,0.4156400423114366
D2026024795,0,0,0.08548692702917687
D2026025151,0,0,0.15720875819940644
D2026094943,0,0,0.09692531152215163
D2026078299,1,1,0.9635230902004105
D2026148077,0,0,0.0971497774127892
D2026055376,1,0,0.47630081007340536
D2026047837,0,0,0.06858172679188046
D2026004270,0,0,0.02965220487396298
D2026126445,0,0,0.1916234435729471
D2026026506,0,0,0.060372461068332994
D2026135034,0,0,0.08530483736699473
D2026080118,0,0,0.06875838852244497
D2026115072,0,0,0.11987349941450723
D2026054646,0,0,0.14745585923593446
D2026052825,0,0,0.23507183694952766
D2026119740,0,0,0.20977633249917652
D2026018473,0,0,0.13174103552258712
D2026025449,1,1,0.5399677478133411
D2026089348,0,0,0.11215075371574376
D2026140618,0,0,0.08549979302353303
D2026110535,0,0,0.12071668705437437
D2026018221,0,0,0.07338957446295571
D2026093759,0,0,0.05388949931426975
D2026146468,0,0,0.05803596802608779
D2026104695,1,0,0.19854668699710584
D2026084314,0,0,0.06425699093822182
D2026064440,0,0,0.4236698587019633
D2026047193,0,0,0.0827124103147294
D2026022191,0,0,0.10017602786170694
D2026102375,0,0,0.1958337232264353
D2026026387,0,0,0.05521046327202092
D2026030420,0,0,0.02085996185874019
D2026085359,0,0,0.03712406968099395
D2026118143,0,0,0.08474952382483544
D2026040647,0,0,0.05667743712220979
D2026065377,0,0,0.0902884620931853
D2026123282,0,0,0.021617895641422784
D2026112477,0,0,0.03748603268028411
D2026018720,0,0,0.060376441451835544
D2026052680,1,1,0.629013094817128
D2026087179,0,0,0.1599924631949574
D2026055573,0,0,0.10994844806704196
D2026073805,0,0,0.39115580435914055
D2026133000,0,0,0.1136000271258213
D2026026662,1,0,0.04287607854206807
D2026059570,0,0,0.04490641458415272
D2026015182,0,0,0.0822558941098023
D2026091558,0,0,0.0691096763463217
D2026011480,0,0,0.07664545531317725
D2026009383,0,0,0.07926224604022716
D2026027326,0,0,0.019563589718873356
D2026076508,0,0,0.09626135171444723
D2026047100,1,0,0.15842378868410847
D2026121816,0,0,0.10653192754508704
D2026060678,0,0,0.08960613566229879
D2026054130,0,0,0.1256535799340619
D2026012513,0,0,0.12556322140323628
D2026102199,1,0,0.30672099113995877
D2026143147,0,0,0.06638298538273378
D2026011177,1,0,0.2228069669915777
D2026070331,0,0,0.07054837798056554
D2026057211,0,0,0.08708292517649198
D2026100419,0,0,0.13532741513486915
D2026094603,0,0,0.04531880514935819
D2026007070,0,0,0.06516680964943913
D2026120632,0,0,0.3644914496958791
D2026036714,1,1,0.5419745683825377
D2026146192,0,0,0.09520510729035343
D2026147154,0,0,0.049336110670289285
D2026115175,1,0,0.39582533966109257
D2026128280,0,0,0.08340743286667406
D2026021878,0,0,0.09240154607916211
D2026016053,0,0,0.058883754487813966
D2026009702,0,0,0.18843349858856742
D2026040032,0,0,0.02675575591390774
D2026146234,0,0,0.04042071942595317
D2026047028,0,0,0.0060025542829081294
D2026030174,0,0,0.13260229444888405
D2026000998,1,0,0.3688675001650042
D2026098725,0,0,0.06493405300097228
D2026028888,0,0,0.05557570978463974
D2026028333,1,1,0.9994456200971812
D2026089087,0,0,0.02773503299985945
D2026014341,0,0,0.09539665066226144
D2026031216,1,0,0.32367151519380316
D2026023728,0,0,0.0638841263813186
D2026069230,0,0,0.08299543789589213
D2026118062,0,0,0.18320803350600506
D2026082212,0,0,0.07185882060807534
D2026038462,1,1,0.9713692178642367
D2026087087,0,0,0.08269587453445332
D2026111022,0,0,0.03213676045909321
D2026066807,0,0,0.04736891210296881
D2026145863,0,0,0.22449020938816053
D2026086949,1,0,0.11736138280721062
D2026026364,0,0,0.0810001853205137
D2026084841,0,0,0.07538850962367045
D2026117944,0,0,0.08516054956800938
D2026083007,1,0,0.18515235040816755
D2026054127,0,0,0.051984719859517935
D2026107697,0,0,0.0997339491473082
D2026018254,1,0,0.1379031489719283
D2026136551,0,0,0.11961822242655909
D2026051467,0,0,0.1743262044139208
D2026080959,0,0,0.10181667926723673
D2026141607,1,0,0.3979685130643479
D2026023687,0,0,0.11908364865049245
D2026021640,0,0,0.09647350042641173
D2026009506,1,0,0.26873200818482446
D2026088734,0,0,0.049315378670982846
D2026049546,0,0,0.08171182245615914
D2026099061,0,0,0.06138552850528439
D2026099418,0,0,0.060045167029252756
D2026125168,0,0,0.053734621664041984
D2026018193,0,0,0.057233710331589444
D2026104530,0,0,0.08452062716983619
D2026011473,0,0,0.07131706817617471
D2026090687,1,0,0.2751768723852438
D2026146611,1,0,0.17739572776418508
D2026021960,0,1,0.804218958967375
D2026060006,0,0,0.0638617562954411
D2026068762,0,0,0.04708176456084969
D2026119567,0,0,0.13267283711912892
D2026027889,0,0,0.080858128101954
D2026003933,0,0,0.05838891913177208
D2026112705,0,0,0.02365499240235737
D2026130619,0,0,0.011640709013066157
D2026018337,0,0,0.3736686015348032
D2026030331,0,0,0.33091076138403774
D2026014234,0,0,0.16667705315532552
D2026063989,0,0,0.11411599598185142
D2026122491,0,0,0.06443371408388357
D2026026260,0,0,0.12081540638740708
D2026053897,0,0,0.07063682290488056
D2026070383,0,0,0.13873509319434998
D2026056698,0,0,0.09813239235900867
D2026080718,0,0,0.0348695746592059
D2026065058,0,0,0.2257848267949189
D2026111543,0,0,0.06747333837279364
D2026075052,0,0,0.07377208726816654
D2026125141,0,0,0.06515347810178752
D2026013404,0,0,0.06449851514250295
D2026108138,0,0,0.05658552052921736
D2026048886,1,0,0.2434330845996944
D2026095277,0,0,0.11516881609334306
D2026044473,0,0,0.0529513962455109
D2026112503,0,0,0.10388288131622285
D2026137031,0,0,0.10256421073303061
D2026030810,0,0,0.15038885196673055
D2026149154,1,0,0.10422361192916568
D2026034022,0,0,0.07761245891636648
D2026072214,0,0,0.05035868524513561
D2026088323,0,0,0.06307045201410917
D2026143482,0,0,0.02995110792371599
D2026046731,0,0,0.24885784942238806
D2026062371,0,0,0.14384342276162101
D2026134095,1,0,0.32075164126231864
D2026067948,1,0,0.18079251285986356
D2026109852,1,0,0.2313249291265508
D2026015644,0,0,0.09523997815537266
D2026142700,0,0,0.05938890810107855
D2026032096,0,0,0.08693464860655856
D2026111290,0,0,0.06124281776197961
D2026025632,0,0,0.10736940960901489
D2026054370,0,0,0.15399811557710372
D2026031722,0,0,0.000264615531033256
D2026079686,0,0,0.12277255090901788
D2026049396,0,0,0.049792359114638675
D2026048255,0,0,0.06301697186692107
D2026116559,0,0,0.06741276641552985
D2026035873,0,0,0.044974111172993096
D2026032867,1,1,0.5316231783904626
D2026036817,0,0,0.05505763251463745
D2026109238,1,0,0.2165287972359342
D2026101858,0,0,0.07791450035429989
D2026016334,0,0,0.09038247225341292
D2026021118,1,0,0.37082497752751753
D2026007916,0,0,0.3887829336554308
D2026138894,0,0,0.07873085301238998
D2026040196,0,0,0.08312941200236544
D2026043827,0,0,0.09875919085308199
D2026095973,0,0,0.11502972117323265
D2026033808,0,0,0.05634729002921206
D2026071551,0,0,0.06238135830214027
D2026091449,0,0,0.031452603344924036
D2026127689,0,0,0.06592179196119691
D2026030814,0,0,0.07083744904260958
D2026054528,0,0,0.05239563352765015
D2026110888,1,0,0.4188762192535237
D2026082266,0,0,0.05171149260504695
D2026096544,0,0,0.05307482893672025
D2026123230,0,0,0.029651534686702334
D2026148549,0,0,0.12838335575363372
D2026080691,0,0,0.05873426461638036
D2026069036,1,0,0.2443266656722512
D2026096041,1,0,0.08984452089834065
D2026045323,0,0,0.03500470087717302
D2026144229,0,0,0.0665225445964743
D2026051313,0,0,0.08433623224902632
D2026078045,0,0,0.1452246736517724
D2026117255,0,0,0.035352256385524874
D2026040019,0,0,0.06679458249680202
D2026033730,0,0,0.05835456660872986
D2026094405,0,0,0.06929323193275697
D2026144861,0,0,0.017565349990533236
D2026055087,0,1,0.940197833717385
D2026125835,0,0,0.08923594034810711
D2026005335,0,0,0.07883084799975705
D2026086268,0,0,0.08532394764422013
D2026082045,0,0,0.3500298023950158
D2026072928,0,0,0.047641164228893966
D2026102174,0,0,0.10164398266960603
D2026091534,0,0,0.06398848261577286
D2026100837,0,0,0.0652420779373017
D2026079086,0,0,0.09917184267298843
D2026077150,0,0,0.041528957446184026
D2026085859,0,0,0.28377481924127196
D2026002321,0,0,0.0872574267821705
D2026031051,0,0,0.06588842162336826
D2026048688,0,0,0.09036161759219573
D2026011937,0,0,0.03803947251289153
D2026049834,0,0,0.037409643547994524
D2026144468,1,0,0.2657959905667188
D2026054809,0,0,0.10218432429177238
D2026067378,0,0,0.30108386531611264
D2026059283,0,0,0.06155426509873965
D2026046291,0,0,0.05142817745278976
D2026031075,0,0,0.03323135181907922
D2026145713,0,0,0.09594076160072545
D2026018306,0,0,0.05882366227539683
D2026017120,1,0,0.2248651510394939
D2026048202,0,0,0.07474284019299413
D2026149195,1,0,0.2756623427886913
D2026141383,0,0,0.14300556454176608
D2026037721,0,0,0.08458438605380222
D2026100791,1,1,0.6978604522860362
D2026022277,0,0,0.08718947146324454
D2026044935,0,0,0.0207890446128598
D2026039736,0,0,0.07207961980145926
D2026120229,1,1,0.7800456905446624
D2026058439,1,0,0.22680651996588352
D2026031210,0,0,0.06553645270160519
D2026051398,0,0,0.06374364711527872
D2026120850,0,0,0.28776891069891186
D2026123798,0,0,0.062304694616499234
D2026079260,0,0,0.1598457712134333
D2026008939,0,0,0.005673989016233898
D2026022284,0,0,0.14035195748261725
D2026121776,1,0,0.08981140252049975
D2026001860,0,0,0.076451562702008
D2026036408,0,0,0.0640161678123047
D2026027869,0,0,0.10115331062778679
D2026086730,1,0,0.09436248544962847
D2026078109,0,0,0.07760504422686518
D2026042645,0,0,0.1733855283271818
D2026125232,0,0,0.4511646309940303
D2026027708,0,0,0.13645382249811208
D2026144447,0,0,0.0477966489037515
D2026043786,0,0,0.08004144267446736
D2026008650,0,0,0.0898540434530964
D2026079222,0,0,0.0696563503064375
D2026077633,0,0,0.03319020538518156
D2026115680,0,0,0.06739417447108588
D2026034953,1,0,0.3398328635354926
D2026020802,0,0,0.10746985345643398
D2026089764,0,0,0.10040762814026548
D2026146781,0,0,0.33332972240791037
D2026007725,0,0,0.058707190792190334
D2026092184,1,0,0.00107406415303228
D2026047195,0,0,0.03858890931110754
D2026077353,0,0,0.04685496238597011
D2026002349,0,0,0.48538414478415254
D2026042545,0,0,0.0979878290375396
D2026096401,0,0,0.04243108785914923
D2026049386,0,0,0.03302944916012035
D2026083792,0,0,0.06517035901746995
D2026120197,0,0,0.09843585534204438
D2026076014,0,0,0.09625788627624951
D2026007135,0,0,0.06984906200241413
D2026015337,1,0,0.20626148935947503
D2026122275,0,0,0.013052225063592122
D2026114180,0,0,0.05651369028818002
D2026023717,0,0,0.06757349944957015
D2026001874,0,0,0.10204222237606028
D2026084457,0,0,0.1080543255600212
D2026139994,0,0,0.06912443144323205
D2026131113,0,0,0.14858357975626796
D2026109332,0,0,0.0643509546258161
D2026067223,0,0,0.20116969617592198
D2026073378,0,0,0.01989446125975937
D2026114778,0,0,0.04649613088383474
D2026122840,0,0,0.07367897683221465
D2026065135,0,0,0.03723257740757294
D2026094680,0,0,0.13915204938802642
D2026008923,0,0,0.11003444668225565
D2026125866,0,0,0.0788977907589314
D2026107880,0,0,0.044429797663761976
D2026106466,0,0,0.10574916340191366
D2026129671,0,0,0.07659908723967733
D2026014284,0,0,0.07435452131924487
D2026025489,1,1,0.5124172301170435
D2026105068,0,0,0.0701050337940049
D2026105256,0,0,0.10644381242249987
D2026115298,0,0,0.08021809079839491
D2026011904,1,1,0.6662561857873609
D2026065677,0,1,0.5484061476287131
D2026110688,0,0,0.09175228065359477
D2026110595,0,0,0.05389636187671836
D2026104888,0,0,0.0752301341747544
D2026005934,0,0,0.11177318679779877
D2026107492,0,0,0.12552666648473726
D2026134483,0,0,0.09156501414673282
D2026017768,0,0,0.06286099038126702
D2026130166,0,0,0.1194919174136821
D2026023773,0,0,0.09077088549759209
D2026002577,0,0,0.07781251364949805
D2026015464,0,0,0.13904719624832582
D2026108680,0,0,0.14062441745933207
D2026136578,0,0,0.0663894699286469
D2026077850,0,0,0.10795774168443523
D2026000409,0,0,0.4223731195441482
D2026132601,0,0,0.04356744349092071
D2026028343,0,0,0.02096325914042526
D2026065623,0,0,0.05253757936702657
D2026041253,0,0,0.12604730834229058
D2026092513,0,1,0.5969114333960839
D2026033905,0,1,0.856805178789832
D2026133355,0,0,0.09345939771506902
D2026052232,0,0,0.11255956656118749
D2026039870,1,0,0.22975700508381827
D2026017244,0,0,0.07557438666499004
D2026094105,0,0,0.09466380634661214
D2026068516,0,0,0.08749784196912935
D2026092940,0,0,0.06082580987009669
D2026141405,0,0,0.08006202226886823
D2026140302,0,0,0.078294375222901
D2026116971,0,0,0.0424690278696248
D2026019072,0,0,0.022453644046968795
D2026074887,0,1,0.5217812170073928
D2026147748,0,0,0.10235464896579706
D2026110043,0,0,0.055845874140887805
D2026012607,1,0,0.12394543442866533
D2026083081,0,0,0.07999089344596584
D2026048230,0,0,0.04707556391189829
D2026011595,1,0,0.4450553674017491
D2026038084,0,1,0.918113601408163
D2026064431,0,0,0.0953599723298854
D2026060862,0,0,0.1147404278892941
D2026009198,0,0,0.04386532614584489
D2026001470,1,1,0.7493156456293312
D2026063886,1,0,0.1540370424111859
D2026051544,0,0,0.09072071032968483
D2026130479,1,0,0.21698258332225817
D2026131064,0,0,0.1716373442556303
D2026106930,0,0,0.04372615550052078
D2026067061,0,0,0.0303518356733215
D2026021445,0,0,0.059079119224183234
D2026113505,0,0,0.05846583776111663
D2026130082,0,0,0.06460962326683146
D2026091629,0,0,0.03489316938489039
D2026115745,0,0,0.10517284047797996
D2026146149,0,0,0.0527395839894094
D2026146734,0,0,0.05034557249601277
D2026061488,0,0,0.08152424540497046
D2026129170,0,0,0.1145203794711684
D2026074176,0,0,0.05474961206098984
D2026024689,0,0,0.06035262883546398
D2026063970,0,0,0.10434451217725128
D2026083796,0,0,0.09172046780493764
D2026118262,1,1,0.6580344006537842
D2026017828,0,0,0.08103547715835578
D2026023627,0,0,0.10188227287096649
D2026056482,1,0,0.3268321326651884
D2026122256,0,0,0.13233846644959252
D2026118958,0,0,0.09591408516160636
D2026079217,0,0,0.36933821831539715
D2026057135,0,0,0.05627884747919244
D2026077998,0,0,0.2828528252768315
D2026064831,0,0,0.06501778420917326
D2026069962,0,0,0.10154568064401778
D2026110081,0,0,0.11084201365461938
D2026005086,0,0,0.02782744001829642
D2026051245,0,0,0.061812522042866656
D2026030865,1,0,0.3868943716237701
D2026032665,0,0,0.029368235410768776
D2026063078,0,0,0.06537651781038312
D2026028886,0,0,0.15564511348817456
D2026049429,0,1,0.7498401997246619
D2026097111,1,1,0.6322903698186345
D2026074832,0,0,0.03245493638536435
D2026041584,0,1,0.8455554230510491
D2026047578,0,0,0.44899347307317455
D2026027012,0,0,0.05988497905853537
D2026136034,0,0,0.10557031639574062
D2026061024,0,0,0.006527930402815562
D2026077179,0,0,0.10160090446894793
D2026026714,0,0,0.05178377973645575
D2026092166,0,0,0.05908815916891769
D2026112382,0,0,0.04626046344385477
D2026042148,0,1,0.5728342161946719
D2026099254,1,1,0.9525822666142462
D2026139027,1,0,0.20710340450559975
D2026097569,0,0,0.06876902761886258
D2026083985,0,1,0.8044499624332183
D2026017608,0,0,0.14049850570371147
D2026073575,0,0,0.09505991188121857
D2026091047,0,0,0.06330201073120074
D2026068335,0,0,0.07103953640236906
D2026062102,0,0,0.06388241433931487
D2026139435,1,0,0.07691091370277829
D2026051798,0,0,0.041453455621385256
D2026022992,0,1,0.912616756072076
D2026079599,0,0,0.24298254379605133
D2026123044,0,0,0.08591187172369094
D2026103734,0,0,0.05000245134810678
D2026064457,0,0,0.059041873585348896
D2026114256,0,0,0.046448513693421185
D2026006748,0,0,0.22753870769144485
D2026051133,0,0,0.11193601663035435
D2026125367,0,0,0.07168692964221447
D2026142633,0,0,0.07265974012084173
D2026027533,0,0,0.08415228244556056
D2026097648,0,0,0.08515326235107665
D2026039179,0,0,0.08879222172928056
D2026124328,0,0,0.12401971506347471
D2026077592,0,0,0.07849152575785019
D2026088101,1,1,0.500789171355166
D2026101905,0,0,0.03481230642593469
D2026121314,0,1,0.7450037736524497
D2026036006,0,0,0.09597463075769846
D2026109971,1,0,0.2819318710113556
D2026033524,0,1,0.7839195221610632
D2026095319,0,0,0.09645730303750139
D2026130162,0,0,0.06385655179249505
D2026037476,0,0,0.08838773320460204
D2026061174,0,0,0.028736049444453387
D2026004707,0,0,0.10270015639570333
D2026129464,0,0,0.10707907749556794
D2026017993,0,0,0.08139101992968684
D2026093869,0,0,0.0647013689201995
D2026019356,0,0,0.035863491354531395
D2026042393,0,0,0.08372604736564723
D2026096051,0,0,0.13657789950590019
D2026097675,0,0,0.046768529833173
D2026010509,0,1,0.7967159524035277
D2026003603,0,0,0.10865962181252319
D2026117439,0,0,0.06681800581021853
D2026006349,0,0,0.026615869602722136
D2026025041,0,0,0.03874163788578278
D2026136764,0,0,0.04837633259567109
D2026011190,1,0,0.07180957661482905
D2026075743,0,0,0.006450808566663338
D2026054258,0,0,0.21364499901916623
D2026115271,0,0,0.1297516198885693
D2026094206,0,0,0.1486608734960582
D2026073434,0,0,0.0459338840386965
D2026108759,0,0,0.07508998761997109
D2026077478,0,0,0.0961305197862033
D2026022039,1,0,0.3892459185213005
D2026044794,0,0,0.08543520924041828
D2026026548,0,0,0.0989725492731203
D2026005298,0,0,0.09001148700789936
D2026100039,0,0,0.05972504026385413
D2026030783,0,0,0.08737174131295093
D2026147449,0,0,0.12191606417472634
D2026100352,0,0,0.02462110211716166
D2026086670,0,0,0.07784241584935701
D2026130792,0,0,0.12790810961762883
D2026120600,0,0,0.09329435503440497
D2026134132,1,0,0.15487622328483125
D2026000557,1,1,0.6174447754385393
D2026042002,0,0,0.05754400344283543
D2026016150,0,0,0.07572039933497586
D2026001944,0,0,0.05726187047820692
D2026131779,0,0,0.0682402693202508
D2026082260,0,0,0.09030760961253692
D2026117429,0,1,0.6542961517417618
D2026038182,0,0,0.03560914828535789
D2026085454,1,1,0.8833250463326419
D2026029814,0,0,0.0430674477888891
D2026090645,0,0,0.1580057906487896
D2026056320,0,0,0.08755213405147315
D2026121918,0,0,0.029044310267097348
D2026119348,0,0,0.15177256809300604
D2026081156,1,1,0.6721091167749558
D2026115759,0,0,0.09394950854520423
D2026113918,0,0,0.03825640823650051
D2026100843,0,0,0.0496269585764034
D2026149882,0,0,0.021534294757912627
D2026134157,0,0,0.05143764994972216
D2026074909,0,0,0.12804265829720948
D2026094081,0,0,0.23295280546505784
D2026031671,0,0,0.16354709863296266
D2026131546,0,0,0.04347866034483897
D2026029367,0,0,0.0474086887792981
D2026010103,0,0,0.04256143199931502
D2026025495,0,0,0.1439604520288588
D2026099588,0,0,0.014457964418578521
D2026085365,0,0,0.10352613629818284
D2026133669,0,0,0.05828400657428668
D2026114614,0,0,0.13060019537994064
D2026116732,0,0,0.09572153284010307
D2026113826,0,0,0.09315112725793849
D2026130283,0,0,0.16262510333138658
D2026118385,0,0,0.09472851893448489
D2026073251,0,0,0.09552802237946328
D2026096097,0,0,0.08977928982988248
D2026075536,0,0,0.02854678754134419
D2026049544,0,0,0.1400789875182537
D2026061185,0,0,0.09241552724557177
D2026020182,0,0,0.07432626694093226
D2026118075,1,1,0.5448863900084573
D2026030754,0,0,0.058982806594756965
D2026038251,0,0,0.14578668932415956
D2026138411,0,0,0.0773207177493414
D2026060168,0,0,0.11359308164752417
D2026114547,0,0,0.1001609905390656
D2026089199,0,0,0.06574462180701887
D2026002531,1,0,0.38225311524384314
D2026070524,0,0,0.1315607931119342
D2026069323,0,0,0.04924045445156358
D2026014901,0,0,0.12526633320410602
D2026054652,1,1,0.6528045344645715
D2026142922,0,0,0.45067612846598304
D2026102491,0,0,0.06687151302298291
D2026016750,0,0,0.0761655858872017
D2026047321,0,0,0.0877444943241666
D2026044439,0,0,0.043148730645978704
D2026104468,0,0,0.031042065353670125
D2026032141,0,0,0.11419868517679779
D2026005389,1,0,0.3428266091664775
D2026023821,0,0,0.08041343910527113
D2026078948,0,0,0.13848969064255726
D2026091483,0,0,0.15037658136360563
D2026104756,0,0,0.10182796187416615
D2026104336,0,0,0.08499040623414542
D2026020253,0,0,0.11106329821692758
D2026096229,0,0,0.0684597699970468
D2026096216,0,0,0.14212399235966333
D2026005078,0,0,0.153388489482846
D2026067117,1,1,0.6382526414464423
D2026066970,0,0,0.071956242765438
D2026022530,0,0,0.10096467557816155
D2026061552,0,0,0.06784283049331068
D2026097004,0,0,0.05997219525872908
D2026103341,0,0,0.14333167345386616
D2026039647,0,0,0.11589112898942866
D2026132998,0,0,0.03811273314095729
D2026067001,0,0,0.06934806163881996
D2026101580,0,0,0.10359336460135056
D2026123677,0,0,0.0690533224039876
D2026024046,0,0,0.06277998314998605
D2026146406,0,0,0.11987451727845355
D2026068854,0,0,0.1526714722860279
D2026088522,0,0,0.10681737701467622
D2026142659,0,0,0.09652337824191803
D2026024209,0,0,0.0744094466309468
D2026041087,0,0,0.034067979479281654
D2026083148,0,0,0.09646086473307845
D2026093953,0,0,0.06129017348235919
D2026045054,0,0,0.04295121453683076
D2026029296,0,0,0.08322801813868937
D2026012575,0,0,0.15755869812581752
D2026026798,0,0,0.04249692069089944
D2026074092,0,0,0.0442964679350403
D2026053706,0,0,0.07190722494144602
D2026061859,0,0,0.059140871566647414
D2026087198,1,0,0.12392762245045201
D2026046092,0,0,0.055455512326571185
D2026046313,1,0,0.3529728375421164
D2026053742,0,0,0.07122500874421493
D2026053511,1,0,0.1953384159811619
D2026021838,0,0,0.15422768720838714
D2026105877,0,0,0.11512339427132745
D2026029513,0,0,0.09305604548478982
D2026014777,0,0,0.07597793459865555
D2026104132,0,0,0.11738700515511513
D2026084017,0,0,0.07266680465230954
D2026113898,0,0,0.06513301143563499
D2026139020,0,0,0.1427880689936505
D2026127088,0,0,0.06325448467311824
D2026080832,0,0,0.07894712118569648
D2026134857,1,1,0.5853623137914072
D2026103278,0,0,0.05824861024620941
D2026130541,0,0,0.1279018485106911
D2026094696,0,0,0.08882245073649865
D2026094880,0,0,0.029554628912904043
D2026101436,0,0,0.06358000641506804
D2026106981,0,0,0.08825038513862547
D2026054142,0,0,0.07499609777264585
D2026114448,0,0,0.07855819228507822
D2026059758,0,0,0.07822063910809637
D2026130672,0,0,0.04290931214406495
D2026100366,1,0,0.036884200947898176
D2026081385,0,0,0.09452884542692576
D2026107638,0,0,0.10806688474575525
D2026042752,0,0,0.08107246671498623
D2026140403,1,0,0.4775892197736044
D2026012822,0,0,0.08365437745709013
D2026014197,0,0,0.016737888826476848
D2026085078,0,0,0.07786666229835514
D2026019173,0,0,0.04425257504801496
D2026012060,0,0,0.057406356824714795
D2026091021,0,0,0.07313063514858659
D2026123952,0,0,0.10146968206741566
D2026011985,1,0,0.09841402296371218
D2026054033,0,0,0.08760174789808985
D2026106604,0,0,0.11317119719784828
D2026108081,0,0,0.09048875213911192
D2026071437,0,1,0.5955323739934099
D2026101681,0,0,0.11994030397803654
D2026148177,0,0,0.054653588398477226
D2026041274,0,0,0.10856487302836312
D2026080133,1,1,0.5269913074264636
D2026039065,0,0,0.15507034460861555
D2026126632,0,0,0.06207800415298138
D2026129609,0,0,0.0384266982607702
D2026023029,0,0,0.04989031004224547
D2026004119,0,0,0.1004192616314731
D2026120662,0,0,0.07763324458410766
D2026084480,1,0,0.28690481697428827
D2026100735,0,0,0.051885002356335495
D2026033591,0,0,0.11547281669864093
D2026077758,0,0,0.04372933027188053
D2026145455,0,0,0.061670988958670875
D2026090378,1,0,0.4252453576059814
D2026062729,0,0,0.07909702847283746
D2026001996,0,0,0.07693148143414877
D2026118050,0,0,0.03817233255338869
D2026086875,0,0,0.13947258016922381
D2026072350,0,0,0.13531508908279571
D2026028746,0,0,0.06529280514165227
D2026105209,0,0,0.0775476121196042
D2026134978,0,0,0.13072231988735847
D2026026859,1,0,0.4585143651193978
D2026127029,0,0,0.09553526681819934
D2026117363,0,0,0.07694791363314453
D2026067211,0,0,0.05516248261389957
D2026137921,0,0,0.1289267223461167
D2026035326,1,1,0.7785617719184551
D2026148756,1,1,0.531777449944133
D2026140315,0,0,0.08517782296216307
D2026099476,0,0,0.1126696310950996
D2026121230,0,0,0.07707322770888705
D2026139717,0,0,0.1479391471889538
D2026129149,0,0,0.07159774318249447
D2026089280,0,0,0.07025121841388411
D2026010450,0,0,0.07946161024922183
D2026039562,0,0,0.06979995487083718
D2026084731,0,0,0.055281541608160366
D2026133359,1,0,0.4437028371701025
D2026131937,0,0,0.08729167633671595
D2026120899,1,1,0.718158715706126
D2026089299,0,0,0.32520551470856845
D2026056459,0,0,0.03234606655512074
D2026055640,0,0,0.3412944384982955
D2026096333,1,0,0.3053584683356324
D2026025156,0,0,0.0560577684876553
D2026132564,1,0,0.34113845713442736
D2026034913,0,0,0.09061471264466724
D2026025037,0,0,0.06934576225481164
D2026136530,1,0,0.08680498667777697
D2026008901,0,0,0.1410535364217356
D2026024400,0,0,0.06905909237285698
D2026074966,0,0,0.08028223352364164
D2026005364,0,0,0.10974467117421968
D2026136978,0,0,0.10757400414429132
D2026121040,0,0,0.06839707832653097
D2026041441,1,0,0.2693455942953245
D2026148154,0,0,0.0933426610883086
D2026031158,0,1,0.6335347755843614
D2026119630,0,0,0.07678202551398429
D2026129859,1,1,0.6793451895369109
D2026102276,0,0,0.06175444578595093
D2026100452,1,0,0.2753730496398099
D2026055153,0,0,0.15233120858042692
D2026149324,0,0,0.05504304855901263
D2026130366,0,0,0.19053193882085753
D2026031265,0,0,0.15034834185981466
D2026125104,1,0,0.28482330184770666
D2026056477,0,0,0.07808895234014948
D2026008812,0,0,0.09774604111862337
D2026007244,0,0,0.13889529927323532
D2026000915,1,0,0.24871965868844823
D2026137042,1,0,0.09810598639674083
D2026001914,0,0,0.43438534015749913
D2026104250,0,0,0.10234449478535888
D2026002046,0,0,0.035830903336449504
D2026074439,0,0,0.06575668453055915
D2026087454,0,0,0.19676624783988533
D2026066315,0,0,0.06837492141989374
D2026044164,0,0,0.07707583530337556
D2026053986,0,0,0.13291044613693362
D2026134666,0,0,0.3906144298390727
D2026136306,0,0,0.09772770194871046
D2026009647,0,0,0.06005488430312953
D2026080665,0,0,0.10284700567238947
D2026094999,0,0,0.09235432750328013
D2026098584,0,0,0.060205943672385895
D2026028874,0,0,0.04482575886421007
D2026006902,0,0,0.17038050793177728
D2026112351,1,1,0.7934587374766093
D2026142549,0,0,0.11085442197394145
D2026118976,0,0,0.08280189044233227
D2026025719,0,0,0.04020978296416546
D2026124573,0,0,0.10953840563688054
D2026083533,0,0,0.07115272074449903
D2026010391,0,0,0.05748271783092052
D2026040841,0,0,0.059185037330551075
D2026112622,0,0,0.049911583687393915
D2026115670,0,0,0.10836157713367077
D2026114893,0,0,0.08849368630428918
D2026016782,0,0,0.06647072396778574
D2026099004,0,0,0.1472889183876251
D2026066140,0,0,0.04335493631003971
D2026043362,0,0,0.06975919521731005
D2026035936,0,0,0.08801664748915625
D2026044923,0,0,0.08641640039410907
D2026127380,0,0,0.05053161433910158
D2026140710,0,0,0.07792739589849834
D2026049959,0,0,0.11608386838112972
D2026047094,0,0,0.1128931985843875
D2026045100,1,0,0.44101794416160706
D2026067853,0,0,0.05212557874058532
D2026066065,0,1,0.7427382707145879
D2026027822,0,0,0.12277006670848703
D2026131403,0,0,0.03686496644504567
D2026001490,0,0,0.3030440455600659
D2026041256,0,0,0.11842194557099722
D2026053297,0,0,0.0825952994680887
D2026126948,0,0,0.07921650203556338
D2026146140,1,1,0.7570304227811634
D2026017607,0,0,0.08505193283434685
D2026102977,0,0,0.08618122337152924
D2026087826,0,0,0.03842867610309129
D2026120075,1,1,0.91008628588524
D2026099597,0,0,0.019052693181754562
D2026060717,0,0,0.15107918881211593
D2026099082,0,0,0.09679792716989977
D2026044054,0,0,0.06864337745119224
D2026042274,0,0,0.03097388576884441
D2026127549,0,0,0.11737852921399276
D2026026461,0,0,0.09440778654384611
D2026100988,0,0,0.043226918049013026
D2026125679,0,0,0.12157862498392587
D2026112830,0,0,0.07799924763936117
D2026034821,1,1,0.5989741485514742
D2026030891,0,0,0.07921018342190027
D2026113929,0,0,0.1106720100026406
D2026011074,0,0,0.2044401229387804
D2026139668,0,0,0.24993818471019597
D2026146312,0,0,0.18000853991953022
D2026033675,0,0,0.034009737053464474
D2026034328,0,0,0.13795823742213248
D2026028606,0,0,0.14676475036271916
D2026021057,0,0,0.0950395322115201
D2026004673,0,0,0.11315989632211622
D2026103163,0,0,0.11117779586506431
D2026070286,0,0,0.11324853368741782
D2026027852,0,0,0.07431759962082264
D2026024297,0,0,0.10971767204728552
D2026046398,0,0,0.11391522831900266
D2026058142,1,0,0.4133715632819134
D2026095182,0,0,0.09794628328231658
D2026079554,0,0,0.07270193542638062
D2026132867,0,0,0.08532812828328044
D2026137186,0,0,0.15249162898965485
D2026110870,0,0,0.09154779864097347
D2026125454,0,0,0.06132187979903424
D2026140854,0,0,0.04490537202349669
D2026080824,0,0,0.2910878042061945
D2026148897,0,0,0.10298446713232572
D2026030152,0,0,0.11249877287442521
D2026015609,0,0,0.08139039672764728
D2026077549,0,0,0.14612707399308184
D2026139400,0,0,0.09045126815626328
D2026042747,0,0,0.06687822952692578
D2026120044,0,0,0.12105511208314569
D2026099188,1,0,0.15963848642470474
D2026042712,0,0,0.14975971986257833
D2026026317,0,0,0.05085540165598618
D2026059514,0,0,0.04319050147810116
D2026003803,0,0,0.08589685725275883
D2026147886,1,0,0.41244393822326786
D2026039096,0,0,0.07590095819913048
D2026030870,0,0,0.0893226091134151
D2026124572,0,0,0.02878147587788851
D2026127069,1,1,0.9225171490978884
D2026129660,0,0,0.0836749560376125
D2026003269,0,0,0.059040864689304126
D2026000500,0,0,0.08043912200846444
D2026102527,0,0,0.08528169176765024
D2026081718,0,0,0.08838834134414203
D2026015986,0,0,0.1148748951419349
D2026102541,0,0,0.09858725497041664
D2026030609,0,0,0.1573163637645728
D2026128899,0,0,0.09925113037857092
D2026092871,0,0,0.06145645305149023
D2026121943,0,0,0.07506928458564861
D2026002588,0,0,0.061354069748000416
D2026005690,1,0,0.32166027593551483
D2026092420,0,0,0.06814352124202222
D2026123194,0,0,0.3020337082125775
D2026079076,0,0,0.0712080181996772
D2026113964,0,0,0.07560069909472664
D2026118336,0,0,0.16406669578963676
D2026035790,0,0,0.37597824338412816
D2026109394,1,0,0.30782118765858396
D2026027211,0,0,0.09076400064319251
D2026101427,0,0,0.05885919473711291
D2026002212,0,0,0.03622753720406226
D2026054929,0,0,0.037290368471173944
D2026011183,0,0,0.0758751787800208
D2026107477,0,0,0.028655218326153097
D2026009599,1,0,0.24667271871349267
D2026120035,0,0,0.06063894780805874
D2026138620,1,1,0.7487072261144637
D2026047004,1,1,0.5742073368064341
D2026121871,0,0,0.14244228894073133
D2026063667,0,0,0.0718203812216378
D2026050715,0,0,0.07024188404219264
D2026133410,0,0,0.09310269329680183
D2026038112,0,0,0.07539919066970129
D2026004073,0,0,0.07364550498109633
D2026088603,0,0,0.06844706415918674
D2026018865,1,0,0.37521208778367016
D2026022829,0,0,0.028980143158175316
D2026087791,0,0,0.07801247914450445
D2026149739,0,0,0.10602812312116178
D2026112108,0,0,0.06002161923033717
D2026019581,0,0,0.07448283505138037
D2026113842,0,0,0.0930362613582837
D2026080536,0,0,0.11687355181060487
D2026085335,0,0,0.09511927498079917
D2026021704,0,0,0.037190116101180934
D2026065861,0,0,0.10420459128760116
D2026125224,0,0,0.03599540459912899
D2026109421,0,0,0.016486594893819595
D2026088866,0,0,0.07700895603956447
D2026022820,1,1,0.7426074884880044
D2026041980,1,1,0.5145564819653426
D2026119655,0,0,0.09287985797951964
D2026032689,0,0,0.4737374718707417
D2026111731,0,0,0.08296229046326051
D2026082358,0,0,0.07469242690497782
D2026019183,0,1,0.7779574353691855
D2026133248,1,0,0.09460822276494525
D2026008839,0,0,0.10545624562875748
D2026075454,0,0,0.054181694586924234
D2026081213,0,0,0.07022595182891594
D2026087835,0,0,0.11486078479221688
D2026140245,0,0,0.15692276082534126
D2026140156,1,1,0.7282955775466134
D2026074711,0,0,0.1414477953447563
D2026122929,0,0,0.048859372514663574
D2026056144,0,0,0.0753817545002013
D2026025149,0,0,0.4260290184225909
D2026043439,0,0,0.12261930379109866
D2026046971,1,1,0.6911933469625153
D2026039745,0,0,0.058930737501154316
D2026146943,0,0,0.15021118683276666
D2026094736,0,0,0.01523246022219681
D2026073751,0,0,0.05121053299660875
D2026078282,0,0,0.11327115133494992
D2026055121,0,0,0.08077490848132787
D2026082984,0,0,0.08141094262653222
D2026033187,0,0,0.12644364813260894
D2026130091,0,0,0.03930399736067366
D2026106497,0,0,0.06163663693719017
D2026026507,1,0,0.10272487045975102
D2026005980,0,0,0.08388919979615954
D2026016102,0,1,0.7068791634876528
D2026104536,1,0,0.3175099756217397
D2026084120,0,0,0.07435301143807896
D2026089313,1,1,0.7393577814346418
D2026092216,0,0,0.15993198192913405
D2026002487,0,0,0.48404865468122094
D2026031392,0,0,0.10815428075324898
D2026086667,0,0,0.058975749430413824
D2026110754,0,0,0.22493119159135053
D2026108043,1,1,0.6884612269624324
D2026020932,1,1,0.6312823514186744
D2026000149,0,0,0.020672454646969415
D2026113039,1,1,0.797897268975227
D2026001022,0,0,0.083233994842304
D2026138383,0,0,0.037029502896115736
D2026023462,0,0,0.031440058679240504
D2026042782,0,0,0.0777580395915717
D2026125979,0,0,0.10474773329315804
D2026080278,0,0,0.05351636904855971
D2026130170,0,0,0.03261834203310188
D2026091297,0,0,0.11259922404567103
D2026122604,0,0,0.08277582877493478
D2026016030,0,0,0.04908028884307825
D2026133635,0,0,0.03515499264874127
D2026073165,0,0,0.08774789468427432
D2026145675,1,0,0.3833434202080107
D2026011357,0,0,0.09046088208724863
D2026108632,0,0,0.026701350818152673
D2026088809,0,0,0.13293068745560582
D2026103553,0,0,0.05305895505533619
D2026034987,0,0,0.15562376806669737
D2026008207,0,0,0.10447262896081869
D2026098246,0,0,0.09611617905712315
D2026086182,0,0,0.09232357752883967
D2026081227,0,0,0.06361993935572459
D2026041696,0,0,0.1913126426069742
D2026067110,0,0,0.12395760749244954
D2026107198,0,0,0.05891774754293398
D2026003488,0,0,0.08861405707265123
D2026043441,0,0,0.12012167695360862
D2026068657,0,0,0.05806895121372401
D2026105126,0,0,0.09466135485240565
D2026116106,0,0,0.08597471917782548
D2026109935,0,0,0.04225242618229436
D2026019732,0,0,0.06614577062789406
D2026088436,0,0,0.02065233720639855
D2026086351,0,0,0.09895068935783337
D2026035037,0,0,0.08472800590764952
D2026072267,0,0,0.1055793402031842
D2026025912,1,0,0.2941578760190114
D2026023716,0,0,0.05084879235298585
D2026085176,0,0,0.034042285464668996
D2026010383,0,0,0.1425281583297213
D2026101039,0,0,0.10180046602135533
D2026098447,0,0,0.05645909185344232
D2026051397,0,0,0.10922623070114837
D2026123625,0,0,0.0572736868694706
D2026122233,0,0,0.17259405298326203
D2026003231,0,0,0.09509503824545712
D2026093076,0,0,0.09563906994921961
D2026027495,0,0,0.14139315112745818
D2026053341,1,0,0.45727849644361795
D2026093981,0,0,0.07674789633074677
D2026045883,0,0,0.06846991712642378
D2026140376,0,0,0.061202568557427554
D2026110681,0,0,0.07943216998249808
D2026099621,0,0,0.13858037213170799
D2026140075,0,0,0.017311118177945388
D2026112915,0,0,0.04126020692538767
D2026131964,0,0,0.18292585554866392
D2026087028,1,0,0.16577179414011606
D2026141462,0,0,0.05138835366413641
D2026008788,0,0,0.10247692038283122
D2026139756,0,0,0.08791392300540411
D2026038286,0,0,0.040182278813181184
D2026020764,0,0,0.26112965521703696
D2026058562,0,0,0.057632364981354545
D2026125334,0,0,0.24613006299641174
D2026069867,0,0,0.04881433777393407
D2026059228,0,0,0.06949397157800787
D2026080637,1,0,0.39751728546444404
D2026140242,0,0,0.040108607290001694
D2026103580,0,0,0.09866913868132976
D2026001424,0,0,0.0844146264555848
D2026141255,0,0,0.10187108826010294
D2026129661,0,0,0.13016388083395516
D2026124158,0,0,0.0891383704062699
D2026069029,1,0,0.28597575930411784
D2026142434,0,0,0.05499391972485064
D2026096627,0,0,0.06469409030890909
D2026112041,1,0,0.36156868467158826
D2026124953,0,0,0.09652020810675174
D2026084695,0,0,0.042367481082377284
D2026008280,0,0,0.07281880994140755
D2026051514,0,0,0.08232223396578775
D2026047657,0,0,0.16922366997004976
D2026007446,0,0,0.0943721650174117
D2026098542,0,0,0.04459009842946561
D2026007865,0,0,0.1104496202605023
D2026142768,0,0,0.07983157826807855
D2026069126,0,0,0.05880142993938072
D2026123761,0,1,0.6703644308292713
D2026002318,0,0,0.05506602866013986
D2026141562,0,0,0.16578238821863148
D2026008533,0,0,0.14875920491991676
D2026048535,0,0,0.07552643817334186
D2026027949,0,0,0.14409891689385668
D2026072076,0,0,0.06624975916432682
D2026082195,0,0,0.11237948313343407
D2026084619,0,0,0.05301587814671191
D2026069118,0,0,0.07819643856054881
D2026111742,0,0,0.11176076054041875
D2026117196,0,0,0.08987926567126295
D2026058306,0,1,0.8814830237840195
D2026075851,1,1,0.9999544129629552
D2026113002,0,0,0.12187950564402499
D2026149092,0,0,0.062233497989910076
D2026056116,1,0,0.08044489845905153
D2026055531,0,0,0.13553663024439913
D2026069626,0,0,0.09201910539364962
D2026146020,0,0,0.056365618322873616
D2026141301,0,0,0.04666475220876935
D2026009548,0,0,0.10427698773217262
D2026032560,1,0,0.11673895949245694
D2026055779,0,0,0.2017824522629574
D2026023345,0,0,0.06082553020716859
D2026017377,0,0,0.0392556415458727
D2026057498,0,0,0.05403029259549943
D2026120264,0,0,0.08943504092852546
D2026107145,0,0,0.14125897055305933
D2026129961,0,0,0.1030095947891584
D2026141249,0,0,0.06670787264639359
D2026097385,0,0,0.05600817300517531
D2026099930,0,0,0.15155826762445454
D2026125882,0,0,0.11074872292749825
D2026040183,0,0,0.10816212638048216
D2026069010,0,0,0.07927388747482841
D2026060051,0,0,0.11521268704049357
D2026091382,0,0,0.08882765898591623
D2026085247,0,0,0.07599146974006897
D2026063743,0,0,0.016166826096608803
D2026058808,0,0,0.02311358426482228
D2026149600,1,0,0.07333368220349722
D2026090496,0,0,0.0018417171393814824
D2026128790,1,0,0.30232798915906023
D2026127531,0,0,0.13473434217358238
D2026133609,0,0,0.10314994792294627
D2026014589,0,0,0.09514804240390329
D2026087466,0,0,0.03972320076074433
D2026097884,0,0,0.06658522680797739
D2026056456,0,0,0.1048845420416705
D2026060914,0,0,0.1439963429677166
D2026029556,0,0,0.07311600316037242
D2026047851,0,0,0.07983737880727973
D2026129182,1,0,0.24376620416411615
D2026093594,1,1,0.6260410660874028
D2026044875,0,0,0.07269677045373175
D2026007736,0,0,0.06715888890120729
D2026145712,0,0,0.12226059968842003
D2026097508,0,0,0.06646327758090159
D2026128513,0,0,0.08463586016128069
D2026122346,0,0,0.38047135850922237
D2026102410,0,0,0.0874979198432604
D2026005232,0,0,0.13925266863233307
D2026050316,0,0,0.037501294801170315
D2026012743,0,1,0.5972618381656914
D2026101994,1,1,0.7645955580675472
D2026121399,0,0,0.08157072817593866
D2026064894,0,0,0.04609221061524913
D2026116466,0,0,0.039678319877754255
D2026097949,1,0,0.36912876172676257
D2026013640,0,0,0.11787662241219718
D2026142854,0,0,0.09874456965728644
D2026114436,0,0,0.08540998134888467
D2026094491,0,0,0.0419551684475295
D2026047116,0,0,0.10481022776393341
D2026001894,0,0,0.15787438073417318
D2026073153,0,0,0.04636650981769913
D2026133813,0,0,0.11350064373597707
D2026027747,0,0,0.05635041447606432
D2026041111,1,1,0.7978851482332743
D2026112901,0,0,0.04505257533902769
D2026107941,0,0,0.04493553576488279
D2026079369,0,0,0.10553976104542695
D2026083346,0,0,0.044572955191423756
D2026123857,0,0,0.08644278647432399
D2026062155,0,0,0.07485564655160769
D2026128826,0,0,0.1504417200796218
D2026072329,0,0,0.06986469961815797
D2026128780,0,0,0.09703161857724457
D2026036020,0,0,0.11646487155440113
D2026097524,0,0,0.13153208214639622
D2026023011,0,0,0.09554083850054913
D2026036870,0,0,0.08226511313945223
D2026020150,1,0,0.38047838131916717
D2026084579,1,1,0.7842517919746775
D2026028490,0,0,0.11541085745241011
D2026087662,0,0,0.09547287638062633
D2026016642,1,1,0.7557557821894636
D2026032417,0,0,0.08123055005905903
D2026103367,0,1,0.6945723814363574
D2026138265,0,0,0.14745311910995668
D2026134772,0,0,0.05198748277115574
D2026055399,0,0,0.02277378717971877
D2026143336,0,1,0.5481896139991473
D2026011286,0,0,0.08503175730550319
D2026019338,0,0,0.07797393057031574
D2026003184,0,0,0.104198481808285
D2026027887,0,0,0.015511905778562853
D2026027434,0,0,0.10533555329074486
D2026069414,0,1,0.5910898713565522
D2026065465,0,0,0.08547255962144897
D2026114487,0,0,0.08297567240498195
D2026139853,0,0,0.07408938620110732
D2026054815,1,0,0.4729462590896051
D2026119227,1,0,0.44398722102481486
D2026119924,0,0,0.030951605895527878
D2026044950,0,0,0.09013161417359125
D2026117784,1,0,0.17169221251295802
D2026074314,1,0,0.14343358936787154
D2026087017,1,0,0.3985583243093025
D2026061756,1,0,0.09777435696789463
D2026078051,0,0,0.046028901462481474
D2026006408,0,0,0.08529506512324277
D2026003894,0,0,0.20399825116383632
D2026038245,0,0,0.13164739821192753
D2026140091,0,0,0.05965665716325988
D2026123043,0,0,0.0626605480570712
D2026017530,0,0,0.11055820899513678
D2026100371,0,0,0.07860062516156961
D2026055525,0,0,0.02906559509909903
D2026074193,0,0,0.10978130585877395
D2026019236,0,0,0.06016918337081585
D2026100558,0,0,0.047531935529356355
D2026102062,0,0,0.03712216184687325
D2026002803,0,0,0.08337670798819169
D2026022397,0,0,0.08143096114377726
D2026120202,0,0,0.06030263335317043
D2026014834,0,0,0.0617581781377891
D2026061350,0,0,0.12532025642967898
D2026063422,1,1,0.9811158645274907
D2026103928,0,0,0.055148488571926356
D2026013233,0,0,0.06892318600670534
D2026015656,0,0,0.11688150941850518
D2026077005,0,0,0.0699945006406278
D2026123790,0,0,0.04701971946159285
D2026096003,0,0,0.058029788663318066
D2026019153,0,0,0.05107667179823909
D2026129079,0,0,0.07628667527861398
D2026080306,1,0,0.056301909477947096
D2026117728,0,0,0.06203584887121875
D2026002160,0,0,0.08229772246092855
D2026104954,0,0,0.009369924226063161
D2026125327,0,0,0.0677485811007464
D2026025431,0,0,0.13139631522996703
D2026139906,0,0,0.07331114657122043
D2026112447,0,0,0.09425978589058706
D2026130774,0,0,0.08904806399552015
D2026068535,0,0,0.06324335365345664
D2026133732,0,1,0.7818332246683493
D2026069085,0,0,0.08294602588103928
D2026127985,0,0,0.09689286060301308
D2026135301,1,0,0.07245447300822937
D2026006827,0,0,0.10324958392746185
D2026069468,0,0,0.14787177304495866
D2026008078,0,0,0.41252047761747945
D2026062262,0,0,0.08774242869655816
D2026110171,0,0,0.08713057026659964
D2026004211,0,0,0.12616196680972852
D2026009575,0,0,0.03995318697894968
D2026028707,0,0,0.1915682926997327
D2026128153,0,0,0.09765970688945583
D2026053226,0,0,0.15224113736216296
D2026060008,0,0,0.06416411100326368
D2026122018,0,1,0.6498923280700337
D2026131669,0,0,0.11701220670672027
D2026030488,0,0,0.06897140784657942
D2026032262,0,1,0.7356001340720855
D2026039021,0,0,0.1718373260675262
D2026115858,0,0,0.08364727241772674
D2026104153,0,1,0.5810443106056322
D2026010357,0,0,0.0673398525412293
D2026037773,1,0,0.19414480598873496
D2026147889,0,0,0.06908661569601343
D2026120482,0,0,0.07568550720447932
D2026037490,0,0,0.06663187622876175
D2026066118,0,0,0.06591207157659679
D2026005325,0,0,0.02568353452752427
D2026149050,0,0,0.12605131844921535
D2026133724,1,0,0.38076692362302256
D2026128200,0,0,0.028672885211386338
D2026073680,0,0,0.08748030165121223
D2026052437,0,0,0.10885822936762425
D2026086850,0,0,0.06963065112493491
D2026034014,1,0,0.07791467248526335
D2026005692,0,0,0.05883364327254826
D2026015241,0,0,0.0551691007160961
D2026142256,0,0,0.20007833874863418
D2026103232,0,0,0.05473483567922089
D2026115864,0,0,0.06961787282511003
D2026011828,0,0,0.09033633711552637
D2026145969,0,0,0.040727632589283885
D2026076855,0,0,0.07235740158210922
D2026071404,0,0,0.08635167527930825
D2026008777,0,0,0.05112790471845229
D2026049341,0,0,0.04785405291089713
D2026039429,1,0,0.12127269627122124
D2026066985,0,0,0.08835670551084178
D2026035051,0,0,0.12366115065491846
D2026070363,0,0,0.04820889785872077
D2026139644,0,0,0.10679752929559445
D2026002808,0,0,0.03802030391215493
D2026107480,0,0,0.09844618286781776
D2026080676,0,0,0.04455081095271732
D2026104859,0,0,0.07949464177571854
D2026135832,0,0,0.07130505483219905
D2026126178,0,0,0.0918906431972606
D2026027821,0,0,0.03758555655394347
D2026105840,1,0,0.07725708732876847
D2026106405,0,0,0.07201368196432882
D2026113513,0,0,0.1013820364861692
D2026002322,0,0,0.08161609355328456
D2026115719,0,0,0.21270301692151605
D2026113687,0,0,0.14357578317298342
D2026142130,0,0,0.027326789329046967
D2026070809,0,0,0.07124436265177744
D2026117134,0,0,0.0883418904291758
D2026041172,0,0,0.038772037801929414
D2026140011,0,0,0.046690839622778334
D2026148243,0,0,0.20548667908383475
D2026118515,0,0,0.13571049707274538
D2026095903,0,0,0.04839718039596661
D2026041818,0,0,0.06427253957420065
D2026049767,0,0,0.14288085770578118
D2026139038,0,0,0.06963676082354896
D2026133995,0,0,0.038580408936601265
D2026076760,0,0,0.08589238497923232
D2026033575,0,0,0.061643201083767855
D2026118427,0,0,0.10824518341739672
D2026134847,0,0,0.09642318332134046
D2026025544,0,0,0.10146793848147981
D2026122559,0,0,0.09372574684480992
D2026132351,0,0,0.08282287503836973
D2026079789,0,0,0.06852698323054822
D2026128585,0,0,0.018445047969276415
D2026068851,0,0,0.03406830806297406
D2026018882,1,0,0.08061374225003783
D2026002726,1,0,0.11149682212681615
D2026073305,0,0,0.12290418161408566
D2026035591,0,0,0.05968029616932669
D2026096540,0,0,0.14884461627657672
D2026032373,1,1,0.6432789834633614
D2026064892,1,1,0.6228636704621574
D2026016532,0,0,0.07972040040642303
D2026001222,0,0,0.06494230605489328
D2026065997,0,0,0.07153618345190531
D2026003115,0,0,0.22775907810472612
D2026001628,0,0,0.05204263413814569
D2026064166,0,0,0.038911569085036825
D2026068112,0,0,0.048770016800879785
D2026026821,0,0,0.06491960533073346
D2026069482,0,0,0.04280703780449501
D2026037437,0,0,0.11113093959260516
D2026053780,1,0,0.09724755517546357
D2026068489,0,0,0.10059694050985118
D2026004592,0,0,0.3309503647297497
D2026111798,0,0,0.1391391224598402
D2026094092,0,0,0.0012781235542652363
D2026106317,0,0,0.3749353869156116
D2026073207,1,0,0.0818307208498852
D2026129452,0,0,0.0389526307667827
D2026059356,0,0,0.0674731051499384
D2026121690,0,0,0.11181389069915049
D2026016355,0,0,0.11313618706130411
D2026085804,0,0,0.14750784981374074
D2026113889,1,1,0.5580331451550111
D2026149257,0,0,0.05722385483198518
D2026009107,1,0,0.41628183248447675
D2026095400,0,0,0.05333459909107405
D2026137041,1,1,0.5910263135798497
D2026035295,1,0,0.3796576155979819
D2026091934,0,0,0.05148241111583104
D2026113867,0,0,0.06673669142829533
D2026099126,0,0,0.029424540166875606
D2026008855,0,0,0.04424148838304579
D2026013810,0,0,0.0309213202799883
D2026053630,1,0,0.05019634291441428
D2026001837,1,0,0.34302843891883794
D2026008392,0,0,0.0768444177315037
D2026077395,0,0,0.21656975675408865
D2026041500,0,0,0.024457516708544774
D2026083511,0,0,0.2470781892703941
D2026114762,0,0,0.07257406920373985
D2026073066,1,0,0.31269805329626066
D2026093837,0,0,0.046565332079107805
D2026029120,0,0,0.06466793620022963
D2026147554,0,0,0.08734971618290464
D2026043139,0,0,0.09830278503133165
D2026012831,0,0,0.23707195068887588
D2026134422,0,0,0.09930626129644772
D2026082990,0,0,0.36240333067649527
D2026097788,0,0,0.10295508358136729
D2026069397,0,1,0.6794423976560026
D2026089322,0,0,0.06918904210966947
D2026078089,0,0,0.061631695601935675
D2026088737,0,0,0.192152678058855
D2026132432,0,0,0.04999723922372214
D2026118899,0,0,0.042310688036903084
D2026063812,0,0,0.2970877079959277
D2026077802,0,0,0.14510784083066736
D2026047445,0,0,0.06297951424607104
D2026133629,0,0,0.11064936793277765
D2026095754,0,0,0.07319195131366611
D2026017463,0,0,0.09713131935389406
D2026090344,0,0,0.09795285463330966
D2026004252,0,0,0.050271738417865496
D2026093064,0,0,0.0819034423408683
D2026006138,1,0,0.07249835521407144
D2026026053,0,0,0.09769605797763667
D2026027315,1,0,0.4117181503978636
D2026052015,0,0,0.08308099351135949
D2026094550,0,0,0.09117603490805405
D2026062099,0,0,0.17127402703759517
D2026059897,0,0,0.07653847009738932
D2026075829,0,0,0.08273495826153357
D2026029186,0,0,0.09065857052992382
D2026021310,0,0,0.041614506598258015
D2026086044,0,0,0.04508502024370043
D2026124917,1,0,0.09896626777120533
D2026071446,1,1,0.9795445123869633
D2026012327,0,0,0.11813608721390405
D2026005938,0,0,0.04555697589763263
D2026070480,0,0,0.12441385450022897
D2026125562,1,0,0.2221136414350685
D2026090013,0,0,0.07742161512721074
D2026138520,1,0,0.47779823023701834
D2026004156,0,0,0.089560015495021
D2026030195,1,1,0.5187968778337205
D2026022140,0,0,0.05861714722558171
D2026041444,0,0,0.054126943480472325
D2026085581,0,0,0.17549350614805523
D2026123833,1,0,0.10064970022532825
D2026110948,1,0,0.2285689911516276
D2026143702,0,0,0.08907682378177013
D2026140856,0,0,0.0242016153151399
D2026047133,0,0,0.08020121037663212
D2026024774,0,0,0.07273845240244786
D2026002560,0,0,0.12070747681581398
D2026004816,0,0,0.09406836867976559
D2026079661,1,0,0.22082000741394037
D2026015443,0,0,0.1180313569935433
D2026148115,0,0,0.13177404562610084
D2026096470,0,0,0.08154210637495142
D2026089359,0,0,0.022997474060829116
D2026102299,0,0,0.47453105840137094
D2026078076,0,0,0.15230723969255855
D2026079389,0,0,0.12528886781408272
D2026104123,0,0,0.086489058727169
D2026052418,0,0,0.06078600546249628
D2026016347,0,0,0.068735786950496
D2026051029,0,0,0.05549126898425669
D2026108087,1,0,0.48391361152298734
D2026102327,0,0,0.07977064719325194
D2026067442,0,0,0.11024133998521644
D2026125953,1,1,0.5600820773654428
D2026099234,0,0,0.07972464792668624
D2026062724,1,0,0.17312377210367744
D2026054235,0,0,0.025873377389066064
D2026079640,0,0,0.1254802224536777
D2026142528,0,0,0.07681766086931505
D2026084713,0,0,0.08286421819068358
D2026098226,0,0,0.05956849231900477
D2026136696,1,0,0.4453888310168887
D2026019489,0,0,0.020421116808997674
D2026085562,0,0,0.14615809869690452
D2026128633,0,0,0.0633794884708429
D2026148296,0,0,0.16012015628966253
D2026069534,0,0,0.10568039978111549
D2026145097,0,0,0.030635502030351605
D2026137049,0,0,0.4586392518264801
D2026054987,0,0,0.08058222884024054
D2026008970,0,0,0.04264877453298684
D2026085124,0,0,0.05527584423397674
D2026082614,0,0,0.05443710424502637
D2026064789,0,0,0.08533476638675631
D2026067017,0,0,0.07114655001156746
D2026117918,0,1,0.714465027557577
D2026037348,0,0,0.1120273107497887
D2026078605,0,0,0.062409540076236746
D2026019968,0,0,0.056657392814858876
D2026129793,0,0,0.08419604355677786
D2026023632,0,0,0.087748013499382
D2026056279,0,0,0.41649849643943393
D2026034781,0,0,0.09183438224175675
D2026021535,1,0,0.32347324064087907
D2026127403,0,0,0.09600610055556985
D2026082648,0,0,0.060107834567170684
D2026047575,1,1,0.5218327560572383
D2026031993,0,0,0.07358196842911557
D2026111560,1,0,0.1021651196319996
D2026135748,0,0,0.07602094974884285
D2026050100,0,0,0.006922457147213105
D2026149734,0,0,0.09969470909849233
D2026137935,0,0,0.12151601986141473
D2026110076,1,0,0.08124914499661777
D2026149014,0,0,0.12282087623334514
D2026114985,0,0,0.08696807932391162
D2026137899,0,0,0.06737074276566798
D2026136692,0,0,0.052868384206627414
D2026147649,0,0,0.09722633583488376
D2026007905,1,0,0.043632112083452974
D2026105989,0,0,0.1454530083118284
D2026066449,0,0,0.09594546655565693
D2026104032,0,0,0.0963837898227229
D2026130833,0,0,0.16622668070698088
D2026097067,0,0,0.08257954986557567
D2026041311,1,0,0.39601649540794354
D2026111611,0,0,0.04567355346768548
D2026006176,0,0,0.10517777307768021
D2026099725,0,0,0.04575840784549043
D2026124008,0,0,0.14827356051415072
D2026134416,0,0,0.1654527494796769
D2026149512,0,0,0.20517550394600975
D2026000584,0,0,0.062022279087769125
D2026113120,0,0,0.11506038963409952
D2026098333,0,0,0.3699005196970446
D2026120017,0,0,0.0874907021334664
D2026124427,0,0,0.03710488594147819
D2026057369,0,0,0.08999529097989137
D2026102501,0,0,0.08695871501671222
D2026094090,0,0,0.11600792574791803
D2026117798,0,0,0.1180991573900447
D2026016271,0,0,0.05097765366093981
D2026103306,0,0,0.10594102541597186
D2026105615,0,0,0.060569008348854904
D2026090109,0,0,0.09808259685014313
D2026104240,1,1,0.9132485193072618
D2026112015,1,0,0.07555845992170929
D2026036021,0,0,0.128216819096933
D2026117046,0,0,0.06422624169231925
D2026056979,0,0,0.024966793668490316
D2026005303,1,1,0.6961723233848885
D2026052029,0,0,0.09538509215145273
D2026094706,0,0,0.08607212102620686
D2026068465,0,0,0.11242196033271254
D2026134869,0,0,0.10324155508496755
D2026137630,0,0,0.07011941220511198
D2026125225,0,0,0.0955047087671819
D2026055303,0,0,0.09868281629225614
D2026061884,0,0,0.0832105840518598
D2026089695,0,0,0.05751597812744103
D2026030698,0,0,0.07952517989691976
D2026007012,0,0,0.04115711696547695
D2026105710,1,1,0.7177402955328638
D2026050108,0,0,0.05568573947998232
D2026019074,0,0,0.05489474396444356
D2026145162,0,0,0.07460642282393813
D2026137872,0,0,0.02837196261886071
D2026068620,0,0,0.13454091958547768
D2026119859,0,0,0.06597129365137128
D2026146037,0,0,0.11026287265057598
D2026095194,1,1,0.8863104759774688
D2026099945,1,0,0.4368787018494875
D2026031444,0,0,0.06263378115590171
D2026045498,0,0,0.06851952053718635
D2026009208,0,0,0.21546040993199334
D2026059889,1,1,0.9355483742496474
D2026087625,0,0,0.1759971298507194
D2026118804,0,0,0.06093264410835565
D2026089836,0,0,0.07323053455161103
D2026129127,0,0,0.0808457676313111
D2026014318,0,0,0.13964990694176263
D2026146453,0,1,0.5971856311688359
D2026118825,0,0,0.1050656997393282
D2026148204,0,0,0.08933817692217452
D2026062755,0,0,0.05862790598053133
D2026141354,0,0,0.07686132825365505
D2026062128,0,0,0.044401353582556535
D2026048857,0,0,0.07686743308823704
D2026086621,0,0,0.08919956573431344
D2026019011,0,0,0.13046821314801194
D2026125392,1,1,0.76158031465828
D2026076989,0,0,0.10615048641395006
D2026065158,0,0,0.06520475797541028
D2026030687,0,0,0.07358001674121875
D2026130227,0,0,0.15254242049866595
D2026033072,0,0,0.09549934952226374
D2026031781,0,0,0.09611653064497785
D2026133763,0,0,0.17550756313253565
D2026135043,0,0,0.11264040601797495
D2026092627,0,0,0.08521104957666809
D2026031253,0,0,0.08083504493324135
D2026010440,1,0,0.44142186017300156
D2026122279,0,0,0.06176897511428796
D2026052541,0,0,0.14829830422075715
D2026080559,0,0,0.06630695153160854
D2026039115,1,0,0.09191841963236005
D2026133721,0,0,0.0799950398172306
D2026028910,0,0,0.1401874324689057
D2026063776,0,0,0.09531170134105343
D2026011740,0,0,0.11204584938432438
D2026007365,0,0,0.07483152476960372
D2026141228,0,0,0.003801761752223233
D2026028642,0,0,0.02931028275146769
D2026107608,1,0,0.33104211844793247
D2026060390,0,0,0.04365470063892116
D2026044760,0,0,0.10428844052999935
D2026013931,0,0,0.012180669397908093
D2026001924,0,0,0.10783509696598209
D2026123276,1,0,0.4074659176611453
D2026046668,0,0,0.09267736505703589
D2026118239,0,0,0.06183639594850468
D2026144898,0,0,0.09198275721449319
D2026147166,0,0,0.057194568717667614
D2026006093,0,0,0.07618722462909602
D2026121726,0,0,0.051191681745181856
D2026016506,0,0,0.05357519246048801
D2026081836,0,0,0.2421758042328383
D2026044624,0,0,0.052114448848392954
D2026146622,0,0,0.043073256924600706
D2026115734,0,0,0.05956921027001107
D2026119826,0,0,0.08181025482378015
D2026126770,0,0,0.03998298115224407
D2026103316,0,0,0.10186549160501457
D2026130632,0,0,0.1097074476291688
D2026095393,0,0,0.08304336924553983
D2026100977,0,0,0.3704717876927907
D2026147630,0,0,0.1954973684303265
D2026001552,0,0,0.10164680952724993
D2026065707,0,0,0.025128736037682134
D2026148611,0,1,0.6829130667693116
D2026149406,0,0,0.06723043109473036
D2026072223,0,0,0.03967869687226935
D2026091216,0,0,0.07616386663070483
D2026002480,0,0,0.1316666678968739
D2026108519,1,0,0.14772262343239667
D2026002831,0,0,0.302980828468421
D2026074463,0,0,0.11132802326214039
D2026085119,0,0,0.058093999996546256
D2026021654,0,0,0.04331265721466796
D2026082119,0,0,0.0731660338814784
D2026014674,0,0,0.12513789079358553
D2026148933,0,0,0.04531296219970444
D2026080393,0,1,0.9996428710796315
D2026119024,0,0,0.049025234773456675
D2026048486,0,0,0.14026747532189085
D2026094705,1,0,0.3053983615148228
D2026056194,0,0,0.11110273158033904
D2026103948,0,0,0.14006343404744287
D2026017862,0,0,0.10905976208142519
D2026064209,0,0,0.03802458997512683
D2026090206,0,0,0.05371075224600786
D2026031072,0,0,0.07841561683669396
D2026092842,0,0,0.06213300436186694
D2026059153,1,0,0.4945809782856857
D2026074051,0,0,0.22292927957337572
D2026019887,0,0,0.06105655027414753
D2026064787,0,1,0.7592264604787495
D2026096065,0,0,0.08069783176153703
D2026145370,0,0,0.1392043529397071
D2026005693,0,0,0.06492177754419458
D2026049294,1,0,0.2904535447616572
D2026008473,1,1,0.9339695926524298
D2026134159,0,0,0.09439033383994441
D2026130065,0,0,0.07746527836581509
D2026019351,0,0,0.07490374023723975
D2026099459,0,1,0.604926853006226
D2026056233,0,0,0.07702904085501126
D2026126228,0,0,0.05987741754480428
D2026147647,0,0,0.04774634217872427
D2026086459,0,0,0.09008690092279342
D2026071468,0,0,0.0718020720930665
D2026091699,1,0,0.2072773912427297
D2026138542,0,0,0.03780464014737561
D2026137654,0,0,0.07477068541161197
D2026137175,0,1,0.8675871306423812
D2026005300,0,0,0.035254916939796835
D2026083820,0,0,0.07800680592670008
D2026005709,0,0,0.12643923427824988
D2026073000,0,0,0.07719050584896518
D2026129849,0,0,0.10626754988498263
D2026113835,0,0,0.07854196688210342
D2026103704,0,0,0.11105648141940593
D2026063068,0,0,0.06548074540949407
D2026000348,0,0,0.06598103523991795
D2026011520,0,0,0.056775054453240444
D2026044489,0,1,0.5841857779386528
D2026060481,0,0,0.10862227917901124
D2026128980,0,0,0.07083835913156339
D2026113896,0,0,0.06966435364142333
D2026144663,0,0,0.07178689957279866
D2026108771,0,0,0.2371219352038648
D2026031490,0,0,0.09684044390649278
D2026112983,0,0,0.0888263979728134
D2026134023,0,0,0.05986023468668749
D2026042044,1,0,0.278032231567495
D2026057423,0,0,0.03837087688282174
D2026098560,0,0,0.051043510838679515
D2026136458,0,0,0.05761047909459641
D2026146982,1,0,0.14606333377238734
D2026053101,0,0,0.2378678234676069
D2026131835,0,0,0.11032944329642318
D2026114516,0,0,0.09842346657436192
D2026005355,0,0,0.03186588746783684
D2026110292,0,0,0.11164250244798428
D2026132331,0,0,0.19756091995254238
D2026125514,0,0,0.054123106446041985
D2026004997,0,0,0.07674329148951593
D2026092639,0,0,0.053093947048324326
D2026013680,0,0,0.052439554546816286
D2026065193,0,0,0.03278144438106133
D2026142819,0,0,0.1657243844070363
D2026121950,0,0,0.08323055772926526
D2026129383,0,0,0.0505824714863304
D2026119586,0,0,0.12467722519990346
D2026147342,1,0,0.07729980570425124
D2026096562,0,0,0.23754785976118623
D2026114278,0,0,0.08886646814236751
D2026062901,0,0,0.022857292298900773
D2026119241,1,0,0.33276371721866604
D2026077733,0,0,0.05015523171484926
D2026075586,0,0,0.10070241798053005
D2026098615,0,0,0.33831127024639507
D2026000547,0,0,0.055634960183018174
D2026113103,0,0,0.10650387039196749
D2026044695,0,0,0.09393123061862652
D2026077067,0,0,0.05931465215727579
D2026009885,0,0,0.08560602400155723
D2026114879,0,0,0.07674892915733005
D2026003848,0,0,0.039138879885310215
D2026023423,0,0,0.07809650201684287
D2026024281,1,0,0.05559888242823182
D2026026871,0,0,0.11430395420601709
D2026010093,0,0,0.08909260072649158
D2026132755,0,0,0.09114992008541414
D2026099137,1,0,0.1426884772842782
D2026039753,0,0,0.05794795527557731
D2026088449,0,0,0.11557955476942747
D2026116794,0,0,0.2653124559957128
D2026118203,1,0,0.31662211602633117
D2026096227,0,0,0.07740887856870766
D2026024262,0,0,0.11081559343462331
D2026093022,1,1,0.9148173710232088
D2026103576,0,0,0.019514883576773768
D2026028924,0,0,0.09106276117104471
D2026081033,0,0,0.07037541541499333
D2026139548,1,0,0.09333197966719073
D2026005624,0,0,0.0478761574511393
D2026068035,0,0,0.08732312259200985
D2026025676,1,0,0.17520042801183164
D2026039685,1,0,0.1176766531865616
D2026058719,0,0,0.08290648763395447
D2026067539,1,0,0.13690260198187923
D2026053143,0,0,0.07252166866055623
D2026043221,0,0,0.12982731324480914
D2026113276,0,0,0.13227968109495442
D2026141577,0,0,0.033150751564615846
D2026086485,0,0,0.12670329486738865
D2026038905,0,0,0.07277990628952172
D2026085823,0,0,0.3087383433260281
D2026139331,0,0,0.1616026723394337
D2026011741,1,0,0.3667042750784341
D2026099767,0,0,0.03362191562144695
D2026089275,0,0,0.10819891019834592
D2026068975,0,0,0.011350992850964055
D2026092726,0,0,0.0649599681655656
D2026008340,0,0,0.037493479820645104
D2026124495,0,0,0.06174510906194057
D2026149274,0,0,0.07227195817281348
D2026018112,0,0,0.06204642395646711
D2026007995,0,0,0.15485125543447747
D2026012082,0,0,0.04400578638458789
D2026147122,0,0,0.04414580807113788
D2026068358,0,0,0.07609050539934267
D2026027050,0,0,0.0790310532907615
D2026066717,0,0,0.0904458973087893
D2026142328,0,0,0.038717282288647584
D2026140924,0,0,0.12257246963494221
D2026090083,0,0,0.08166838111787743
D2026129506,0,0,0.2878663113832615
D2026017472,0,0,0.03446898624620561
D2026049749,0,0,0.04729791383003134
D2026143265,0,0,0.13634249075187468
D2026055262,1,0,0.44420460229916575
D2026038298,0,0,0.10147104279949636
D2026057027,1,0,0.13002927066606612
D2026030636,0,0,0.06288591859911173
D2026096448,0,0,0.05488079871973655
D2026067417,0,0,0.10913653360554025
D2026010540,0,0,0.08900107386744543
D2026129246,0,0,0.05226708389430495
D2026100409,0,0,0.09496047779979133
D2026133306,0,0,0.07975279475720366
D2026028312,0,0,0.1070767267717051
D2026031576,0,0,0.08751404775582684
D2026105257,0,0,0.05779062663464312
D2026075589,0,0,0.021882218119078974
D2026024960,0,0,0.02318473080926664
D2026022486,1,0,0.2073975295175558
D2026007918,0,0,0.09381609598753603
D2026114846,0,0,0.05029740925508505
D2026063935,0,0,0.29568023472483557
D2026071576,0,0,0.08279384901402823
D2026002658,1,0,0.2844649355263637
D2026136377,0,0,0.031448426066133794
D2026141104,0,0,0.09166431967877084
D2026110940,1,0,0.37179942192531834
D2026003802,0,0,0.07463754989842541
D2026149545,0,0,0.052903287599766945
D2026001357,1,0,0.2903413938244706
D2026112077,1,0,0.43398872852865084
D2026026059,0,0,0.14316718202779063
D2026048157,0,0,0.05004030490566751
D2026125247,0,0,0.15087795427690173
D2026015745,0,0,0.06701774013915261
D2026051920,1,1,0.7825757251544857
D2026072799,0,0,0.07266050896787063
D2026043432,0,1,0.7397901964828133
D2026052122,0,0,0.07728084585798331
D2026051212,0,0,0.011982078789034699
D2026010365,0,0,0.06796574212212311
D2026075241,0,0,0.13146141441776926
D2026015156,0,0,0.15495718836028094
D2026132603,0,0,0.04081209831938426
D2026140457,0,0,0.07954975172590556
D2026076626,0,0,0.04227308075227391
D2026089078,0,0,0.07637693748352942
D2026039197,0,0,0.058591523729691744
D2026047413,0,0,0.05179705125569281
D2026043469,0,0,0.1561844861643038
D2026001592,0,0,0.08240433667811142
D2026140695,0,0,0.06583440650244797
D2026137068,0,0,0.15318743083834882
D2026003686,0,0,0.0978497199347811
D2026058221,0,0,0.08646383213192088
D2026146431,1,1,0.7003321502344234
D2026023507,0,0,0.03864930017857147
D2026089872,0,0,0.07634663626348678
D2026034366,0,0,0.09722775909338637
D2026133460,1,1,0.7362628536771191
D2026101781,1,1,0.509843473369159
D2026020384,0,0,0.07896293953008807
D2026051381,0,0,0.05949672675081967
D2026136906,1,0,0.04397432780235619
D2026016325,0,0,0.04148573142548928
D2026009476,0,0,0.08938692618811404
D2026107534,0,0,0.12202985636640219
D2026018995,0,0,0.013240662496307927
D2026149988,0,0,0.16827007883236217
D2026118366,1,1,0.6939551105710203
D2026133251,0,0,0.27664132194898156
D2026013843,0,0,0.08124900146698458
D2026043302,0,0,0.08154315166890294
D2026088268,0,0,0.09220610335903509
D2026090160,0,0,0.07687960454261067
D2026144245,0,0,0.13508008601978488
D2026144001,1,0,0.45972613845663357
D2026097894,0,0,0.0755222512281387
D2026037204,0,0,0.06623142351012727
D2026136683,0,0,0.2040808796922645
D2026073865,0,0,0.050099145099148375
D2026107762,0,0,0.08040668369696564
D2026001232,0,0,0.11714557306199805
D2026096659,0,0,0.27283566600839165
D2026049486,0,0,0.06251061988455917
D2026148035,0,0,0.10691031252031598
D2026020685,0,0,0.13756511077244848
D2026037744,1,1,0.769969633707394
D2026112032,1,0,0.25510468880184634
D2026056838,1,0,0.4364600806069368
D2026047288,0,0,0.09030086485235715
D2026102121,0,0,0.09866929041302556
D2026016802,0,0,0.08797942410783495
D2026087372,0,0,0.047097328762656945
D2026034157,1,0,0.3058462989807481
D2026141947,0,0,0.07004854075364511
D2026019526,0,0,0.19038203560754854
D2026008642,0,0,0.08956938075726319
D2026083738,0,0,0.06099290906010112
D2026048361,0,0,0.015090785534268425
D2026079170,0,0,0.08164474052073674
D2026135530,0,0,0.05273537455158241
D2026126103,0,0,0.08323806587542963
D2026149661,0,0,0.06187844611380485
D2026008044,0,0,0.20280897933265055
D2026120756,0,0,0.07036659649744766
D2026011333,1,0,0.34594594395663963
D2026114059,0,0,0.045289119426786525
D2026134682,1,0,0.3922478138615772
D2026077843,0,0,0.2320142512420048
D2026085413,0,0,0.18266205685967193
D2026079337,0,0,0.09559291677007652
D2026036340,1,1,0.9229186667424633
D2026115694,0,0,0.04912957073465103
D2026025100,0,0,0.047414452477448216
D2026037116,0,0,0.030933733985595978
D2026112376,0,0,0.3253200153116944
D2026140379,1,0,0.16222638427187908
D2026145222,0,0,0.0682408824978763
D2026140962,0,0,0.09015192295030332
D2026090374,0,1,0.8873004933119395
D2026049613,0,0,0.10254383185675876
D2026070149,1,0,0.07281517108566687
D2026076438,1,0,0.2614714063358762
D2026090095,0,0,0.09682369829695599
D2026038534,0,0,0.0246858649847919
D2026087609,0,0,0.02489845595964487
D2026097099,0,0,0.04563136904569652
D2026076590,0,0,0.09903461391756954
D2026028038,0,0,0.03634193462538846
D2026115695,1,1,0.9493627853762175
D2026027299,0,0,0.08098618084335957
D2026021683,0,0,0.06345472454969292
D2026042722,0,0,0.06675759222872751
D2026121875,0,0,0.08108757573143238
D2026097975,0,0,0.07863430431349451
D2026046109,0,0,0.10988062276244744
D2026089183,0,0,0.04632265604278832
D2026009613,0,0,0.03814605260899666
D2026071948,0,0,0.06004669288296888
D2026065076,0,0,0.10444588210207953
D2026119173,0,0,0.07561262084495828
D2026107593,0,0,0.09235275162905209
D2026063945,0,0,0.08589632989139734
D2026143733,0,0,0.04381596391852948
D2026030861,0,0,0.045625968280888295
D2026014155,0,0,0.06725151691456414
D2026068518,0,0,0.1790366009777101
D2026125162,1,0,0.43579415415987116
D2026094582,0,0,0.07556473959124768
D2026004101,1,0,0.19822489815041344
D2026016715,0,0,0.07095583284159027
D2026034796,0,0,0.10861073982304033
D2026056726,0,0,0.1655768610858668
D2026129066,1,0,0.07662567418907755
D2026075828,0,0,0.01423097777464305
D2026032661,0,0,0.11650207800228177
D2026089977,0,0,0.10796632846191163
D2026109357,0,0,0.08190884308427501
D2026018708,0,0,0.1645835288456791
D2026019575,0,0,0.08494166607127888
D2026079741,0,0,0.12267146172578029
D2026089498,0,0,0.0474466284326021
D2026117373,0,0,0.12321542464881075
D2026127750,0,0,0.10541379407429734
D2026125948,0,0,0.07833980328384982
D2026026531,0,0,0.12440871523867902
D2026086054,0,0,0.07644205484041135
D2026073158,0,0,0.045259495525511534
D2026007030,0,0,0.10157259928496977
D2026123900,0,0,0.11805595628706447
D2026034552,0,0,0.02481026082471467
D2026137211,0,0,0.04375876872838462
D2026119506,1,0,0.13291592822387951
D2026022048,1,0,0.03424438689231126
D2026137008,1,0,0.14314146263154476
D2026127502,0,0,0.0168579044863435
D2026038293,0,0,0.1092292156585886
D2026007754,0,0,0.050558978591303344
